date,target_lag_1,target_lag_2,target_lag_3,target_lag_7,target_lag_14,target_lag_30,humidity_lag_1,humidity_lag_2,humidity_lag_7,wind_speed_lag_1,wind_speed_lag_2,wind_speed_lag_7,meanpressure_lag_1,meanpressure_lag_2,meanpressure_lag_7,target_roll_mean_7,target_roll_std_7,target_roll_mean_14,target_roll_std_14,target_roll_mean_30,target_roll_std_30,next_day_of_week,next_day_of_year,next_month,next_day_sin,next_day_cos,next_year_sin,next_year_cos,forecast_date,target_next
2013-01-01,,,,,,,,,,,,,,,,,,,,,,2.0,2.0,1.0,0.9749279121818236,-0.22252093395631434,0.03439806061360801,0.9994082116062598,2013-01-02,7.4
2013-01-02,10.0,,,,,,84.5,,,0.0,,,1015.6666666666666,,,,,,,,,3.0,3.0,1.0,0.43388373911755823,-0.900968867902419,0.051584366869408364,0.9986686402879997,2013-01-03,7.166666666666667
2013-01-03,7.4,10.0,,,,,92.0,84.5,,2.98,0.0,,1017.8,1015.6666666666666,,,,,,,,4.0,4.0,1.0,-0.433883739117558,-0.9009688679024191,0.06875540848113941,0.9976335468520451,2013-01-04,8.666666666666666
2013-01-04,7.166666666666667,7.4,10.0,,,,87.0,92.0,,4.633333333333334,2.98,,1018.6666666666666,1017.8,,,,,,,,5.0,5.0,1.0,-0.9749279121818236,-0.2225209339563146,0.08590610426133272,0.9963032375991965,2013-01-05,6.0
2013-01-05,8.666666666666666,7.166666666666667,7.4,,,,71.33333333333333,87.0,,1.2333333333333334,4.633333333333334,,1017.1666666666666,1018.6666666666666,,,,,,,,6.0,6.0,1.0,-0.7818314824680299,0.6234898018587334,0.10303137904317879,0.9946781061893646,2013-01-06,7.0
2013-01-06,6.0,8.666666666666666,7.166666666666667,,,,86.83333333333333,71.33333333333333,,3.7,1.2333333333333334,,1016.5,1017.1666666666666,,,,,,,,0.0,7.0,1.0,0.0,1.0,0.1201261651823505,0.9927586335250793,2013-01-07,7.0
2013-01-07,7.0,6.0,8.666666666666666,,,,82.8,86.83333333333333,,1.48,3.7,,1018.0,1016.5,,,,,,,,1.0,8.0,1.0,0.7818314824680298,0.6234898018587336,0.13718540405660057,0.9905453876091833,2013-01-08,8.857142857142858
2013-01-08,7.0,7.0,6.0,10.0,,,78.6,82.8,84.5,6.3,1.48,0.0,1020.0,1018.0,1015.6666666666666,7.604761904761905,1.316902731500244,,,,,2.0,9.0,1.0,0.9749279121818236,-0.22252093395631434,0.1542040475626894,0.988039023376751,2013-01-09,14.0
2013-01-09,8.857142857142858,7.0,7.0,7.4,,,63.71428571428572,78.6,92.0,7.142857142857143,6.3,2.98,1018.7142857142856,1020.0,1017.8,7.441496598639456,1.004166355832939,,,,,3.0,10.0,1.0,0.43388373911755823,-0.900968867902419,0.17117705961019986,0.985240282501282,2013-01-10,11.0
2013-01-10,14.0,8.857142857142858,7.0,7.166666666666667,,,51.25,63.71428571428572,87.0,12.5,7.142857142857143,4.633333333333334,1017.0,1018.7142857142856,1018.6666666666666,8.384353741496598,2.6720618810269245,,,,,4.0,11.0,1.0,-0.433883739117558,-0.9009688679024191,0.18809941761179758,0.9821499931752291,2013-01-11,15.714285714285714
2013-01-11,11.0,14.0,8.857142857142858,8.666666666666666,,,62.0,51.25,71.33333333333333,7.399999999999999,12.5,1.2333333333333334,1015.6666666666666,1017.0,1017.1666666666666,8.931972789115646,2.7718563384018626,,,,,5.0,12.0,1.0,-0.9749279121818236,-0.2225209339563146,0.20496611396949532,0.9787690698649216,2013-01-12,14.0
2013-01-12,15.714285714285714,11.0,14.0,6.0,,,51.285714285714285,62.0,86.83333333333333,10.571428571428571,7.399999999999999,3.7,1016.1428571428572,1015.6666666666666,1016.5,9.938775510204081,3.7623783392603762,,,,,6.0,13.0,1.0,-0.7818314824680299,0.6234898018587334,0.22177215755648186,0.975098513039961,2013-01-13,15.833333333333334
2013-01-13,14.0,15.714285714285714,11.0,7.0,,,74.0,51.285714285714285,82.8,13.228571428571428,10.571428571428571,1.48,1015.5714285714286,1016.1428571428572,1018.0,11.081632653061224,3.5770024531790012,,,,,0.0,14.0,1.0,0.0,1.0,0.23851257519407648,0.9711394088771653,2013-01-14,12.833333333333334
2013-01-14,15.833333333333334,14.0,15.714285714285714,7.0,,,75.16666666666667,74.0,78.6,4.633333333333334,13.228571428571428,6.3,1013.3333333333334,1015.5714285714286,1020.0,12.343537414965985,3.4530611574811174,,,,,1.0,15.0,1.0,0.7818314824680298,0.6234898018587336,0.2551824131233728,0.9668929289391521,2013-01-15,14.714285714285714
2013-01-15,12.833333333333334,15.833333333333334,14.0,8.857142857142858,10.0,,88.16666666666667,75.16666666666667,63.71428571428572,0.6166666666666667,4.633333333333334,7.142857142857143,1015.1666666666666,1013.3333333333334,1018.7142857142856,13.17687074829932,2.5287409571176527,10.390816326530611,3.4800748352853224,,,2.0,16.0,1.0,0.9749279121818236,-0.22252093395631434,0.2717767384711357,0.9623603298276545,2013-01-16,13.833333333333334
2013-01-16,14.714285714285714,12.833333333333334,15.833333333333334,14.0,7.4,,71.85714285714286,88.16666666666667,51.25,0.5285714285714286,0.6166666666666667,12.5,1015.8571428571428,1015.1666666666666,1017.0,14.01360544217687,1.6916415133266856,10.727551020408162,3.662640469958812,,,3.0,17.0,1.0,0.43388373911755823,-0.900968867902419,0.2882906407095177,0.9575429528116719,2013-01-17,16.5
2013-01-17,13.833333333333334,14.714285714285714,12.833333333333334,11.0,7.166666666666667,,86.66666666666667,71.85714285714286,62.0,0.0,0.5285714285714286,7.399999999999999,1016.6666666666666,1015.8571428571428,1015.6666666666666,13.989795918367347,1.6930372475161815,11.187074829931973,3.616321717084395,,,4.0,18.0,1.0,-0.433883739117558,-0.9009688679024191,0.3047192331091634,0.9524422234305676,2013-01-18,13.833333333333334
2013-01-18,16.5,13.833333333333334,14.714285714285714,15.714285714285714,8.666666666666666,,80.83333333333333,86.66666666666667,51.285714285714285,5.250000000000001,0.0,10.571428571428571,1015.8333333333334,1016.6666666666666,1016.1428571428572,14.77551020408163,1.3063350167162078,11.85374149659864,3.6779221322350857,,,5.0,19.0,1.0,-0.9749279121818236,-0.2225209339563146,0.321057654185271,0.9470596510722283,2013-01-19,12.5
2013-01-19,13.833333333333334,16.5,13.833333333333334,14.0,6.0,,92.16666666666669,80.83333333333333,74.0,8.950000000000001,5.250000000000001,13.228571428571428,1014.5,1015.8333333333334,1015.5714285714286,14.506802721088436,1.2741035327301022,12.222789115646256,3.5917323608632037,,,6.0,20.0,1.0,-0.7818314824680299,0.6234898018587334,0.3373010691361842,0.9413968285264122,2013-01-20,11.285714285714286
2013-01-20,12.5,13.833333333333334,16.5,15.833333333333334,7.0,,76.66666666666667,92.16666666666669,75.16666666666667,5.883333333333333,8.950000000000001,4.633333333333334,1021.6666666666666,1014.5,1013.3333333333334,14.292517006802722,1.482622589902136,12.687074829931971,3.11377734902206,,,0.0,21.0,1.0,0.0,1.0,0.3534446712740877,0.9354554315134164,2013-01-21,11.2
2013-01-21,11.285714285714286,12.5,13.833333333333334,12.833333333333334,7.0,,75.28571428571429,76.66666666666667,88.16666666666667,8.471428571428572,5.883333333333333,0.6166666666666667,1020.2857142857144,1021.6666666666666,1015.1666666666666,13.642857142857142,1.6783603379597274,12.993197278911564,2.6940384303059806,,,1.0,22.0,1.0,0.7818314824680298,0.6234898018587336,0.3694836834473831,0.9292372181882051,2013-01-22,9.5
2013-01-22,11.2,11.285714285714286,12.5,14.714285714285714,8.857142857142858,,77.0,75.28571428571429,71.85714285714286,2.22,8.471428571428572,0.5285714285714286,1021.0,1020.2857142857144,1015.8571428571428,13.409523809523808,1.9075495474267883,13.293197278911565,2.1552994203678613,,,2.0,23.0,1.0,0.9749279121818236,-0.22252093395631434,0.38541335945432564,0.9227440286201427,2013-01-23,14.0
2013-01-23,9.5,11.2,11.285714285714286,13.833333333333334,14.0,,79.66666666666667,77.0,86.66666666666667,3.083333333333333,2.22,0.0,1021.8,1021.0,1016.6666666666666,12.664625850340135,2.2923908064606753,13.339115646258504,2.0581797503564534,,,3.0,24.0,1.0,0.43388373911755823,-0.900968867902419,0.4012289854475009,0.9159777842484877,2013-01-24,13.833333333333334
2013-01-24,14.0,9.5,11.2,16.5,11.0,,60.16666666666666,79.66666666666667,80.83333333333333,4.016666666666667,3.083333333333333,5.250000000000001,1020.5,1021.8,1015.8333333333334,12.688435374149659,2.3073690768954367,13.339115646258504,2.0581797503564534,,,4.0,25.0,1.0,-0.433883739117558,-0.9009688679024191,0.4169258813287287,0.908940487313808,2013-01-25,12.25
2013-01-25,13.833333333333334,14.0,9.5,13.833333333333334,15.714285714285714,,60.66666666666666,60.16666666666666,92.16666666666669,6.166666666666667,4.016666666666667,8.950000000000001,1020.5,1020.5,1014.5,12.30748299319728,1.7180709029856767,13.541496598639457,1.9467670817841551,,,5.0,26.0,1.0,-0.9749279121818236,-0.2225209339563146,0.4324994021339788,0.901634220265486,2013-01-26,12.666666666666666
2013-01-26,12.25,13.833333333333334,14.0,12.5,14.0,,67.0,60.66666666666666,76.66666666666667,5.55,6.166666666666667,5.883333333333333,1020.75,1020.5,1021.6666666666666,12.081292517006803,1.5825904860646887,13.29404761904762,1.867916236747227,,,6.0,27.0,1.0,-0.7818314824680299,0.6234898018587334,0.44794493940789115,0.8940611451454876,2013-01-27,12.857142857142858
2013-01-27,12.666666666666666,12.25,13.833333333333334,11.285714285714286,15.833333333333334,,64.16666666666667,67.0,75.28571428571429,6.800000000000001,5.55,8.471428571428572,1019.6666666666666,1020.75,1020.2857142857144,12.105102040816325,1.5911701440712356,13.198809523809524,1.8631383334785705,,,0.0,28.0,1.0,0.0,1.0,0.4632579225674917,0.88622350294858,2013-01-28,14.833333333333334
2013-01-28,12.857142857142858,12.666666666666666,12.25,11.2,12.833333333333334,,65.57142857142857,64.16666666666667,77.0,5.557142857142857,6.800000000000001,2.22,1018.1428571428572,1019.6666666666666,1021.0,12.329591836734693,1.5669680905712826,12.986224489795918,1.7022614980430342,,,1.0,29.0,1.0,0.7818314824680298,0.6234898018587336,0.4784338202547012,0.8781236129591848,2013-01-29,14.125
2013-01-29,14.833333333333334,12.857142857142858,12.666666666666666,9.5,14.714285714285714,,56.0,65.57142857142857,79.66666666666667,3.7,5.557142857142857,3.083333333333333,1017.8333333333334,1018.1428571428572,1021.8,12.848639455782314,1.7242971867551795,13.129081632653063,1.7709785601966734,,,2.0,30.0,1.0,0.9749279121818236,-0.22252093395631434,0.49346814167723735,0.8697638720650646,2013-01-30,14.714285714285714
2013-01-30,14.125,14.833333333333334,12.857142857142858,14.0,13.833333333333334,,65.5,56.0,60.16666666666666,3.2375,3.7,4.016666666666667,1016.625,1017.8333333333334,1020.5,13.509353741496598,0.9308697717812049,13.086989795918369,1.7370825029055967,,,3.0,31.0,1.0,0.43388373911755823,-0.900968867902419,0.5083564379375122,0.8611467540480452,2013-01-31,16.2
2013-01-31,14.714285714285714,14.125,14.833333333333334,13.833333333333334,16.5,10.0,70.42857142857143,65.5,60.66666666666666,1.0571428571428572,3.2375,6.166666666666667,1017.8571428571428,1016.625,1020.5,13.61139455782313,1.027728255489256,13.149914965986394,1.7815842633499572,11.937261904761904,3.0176479241708885,4.0,32.0,2.0,-0.433883739117558,-0.9009688679024191,0.5230943033491326,0.8522748088519838,2013-02-01,16.0
2013-02-01,16.2,14.714285714285714,14.125,12.25,13.833333333333334,7.4,65.6,70.42857142857143,67.0,2.96,1.0571428571428572,5.55,1018.4,1017.8571428571428,1020.75,13.949489795918367,1.425296155647422,13.128486394557823,1.7394975566474975,12.143928571428571,3.09179330776879,5.0,33.0,2.0,-0.9749279121818236,-0.2225209339563146,0.5376773767406141,0.8431506618282,2013-02-02,16.285714285714285
2013-02-02,16.0,16.2,14.714285714285714,12.666666666666666,12.5,7.166666666666667,73.0,65.6,64.16666666666667,2.22,2.96,6.800000000000001,1016.0,1018.4,1019.6666666666666,14.485204081632654,1.384209325873051,13.283248299319729,1.896343373308724,12.430595238095238,3.0349429644078225,6.0,34.0,2.0,-0.7818314824680299,0.6234898018587334,0.5521013427459208,0.8337770129585915,2013-02-03,18.0
2013-02-03,16.285714285714285,16.0,16.2,12.857142857142858,11.285714285714286,8.666666666666666,77.57142857142857,73.0,65.57142857142857,1.3285714285714287,2.22,5.557142857142857,1017.1428571428572,1016.0,1018.1428571428572,15.002210884353742,1.2622664255190112,13.553656462585035,2.040497158835724,12.734563492063494,2.9448762224596927,0.0,35.0,2.0,0.0,1.0,0.5663619330814524,0.8241566360566663,2013-02-04,17.428571428571427
2013-02-04,18.0,16.285714285714285,16.0,14.833333333333334,11.2,6.0,65.57142857142857,77.57142857142857,56.0,1.8571428571428568,1.3285714285714287,3.7,1015.2857142857144,1017.1428571428572,1017.8333333333334,15.736904761904762,1.3017229773460064,14.033248299319727,2.2452251049526177,13.045674603174602,2.9929222044567596,1.0,36.0,2.0,0.7818314824680298,0.6234898018587336,0.580454927809098,0.8142923779467267,2013-02-05,16.625
2013-02-05,17.428571428571427,18.0,16.285714285714285,14.125,9.5,7.0,74.28571428571429,65.57142857142857,65.5,11.114285714285714,1.8571428571428568,3.2375,1014.5714285714286,1015.2857142857144,1016.625,16.10765306122449,1.3693070591205667,14.4781462585034,2.2576929944602857,13.426626984126983,2.78533368772709,2.0,37.0,2.0,0.9749279121818236,-0.22252093395631434,0.5943761565849831,0.804187157621448,2013-02-06,16.666666666666668
2013-02-06,16.625,17.428571428571427,18.0,14.714285714285714,14.0,7.0,92.375,74.28571428571429,70.42857142857143,9.725,11.114285714285714,1.0571428571428572,1016.375,1014.5714285714286,1017.8571428571428,16.464795918367347,1.056242434605244,14.987074829931972,1.8073404661791708,13.747460317460316,2.565181068623157,3.0,38.0,2.0,0.43388373911755823,-0.900968867902419,0.6081214998935418,0.7938439653781019,2013-02-07,15.6
2013-02-07,16.666666666666668,16.625,17.428571428571427,16.2,13.833333333333334,8.857142857142858,71.33333333333333,92.375,65.6,8.633333333333333,9.725,2.96,1018.6666666666666,1016.375,1018.4,16.743707482993194,0.7217816708460151,15.177551020408163,1.835609515186414,14.069682539682539,2.2796187951783913,4.0,39.0,2.0,-0.433883739117558,-0.9009688679024191,0.6216868902665479,0.7832658619336791,2013-02-08,14.0
2013-02-08,15.6,16.666666666666668,16.625,16.0,12.25,14.0,59.4,71.33333333333333,73.0,10.74,8.633333333333333,2.22,1018.6,1018.6666666666666,1016.0,16.657993197278913,0.8253113645143129,15.303741496598638,1.796398431934438,14.294444444444444,2.0708065883222186,5.0,40.0,2.0,-0.9749279121818236,-0.2225209339563146,0.6350683134867438,0.7724559775191742,2013-02-09,15.428571428571429
2013-02-09,14.0,15.6,16.666666666666668,16.285714285714285,12.666666666666666,11.0,70.42857142857143,59.4,77.57142857142857,9.257142857142856,10.74,1.3285714285714287,1017.1428571428572,1018.6,1017.1428571428572,16.372278911564624,1.3004728183796563,15.428741496598638,1.6197642279342184,14.294444444444444,2.0708065883222186,6.0,41.0,2.0,-0.7818314824680299,0.6234898018587334,0.6482618097757122,0.7614175109532997,2013-02-10,15.25
2013-02-10,15.428571428571429,14.0,15.6,18.0,12.857142857142858,15.714285714285714,61.285714285714285,70.42857142857143,65.57142857142857,9.257142857142856,9.257142857142856,1.8571428571428568,1016.8571428571428,1017.1428571428572,1015.2857142857144,16.24982993197279,1.3494141579992618,15.626020408163265,1.412399679235117,14.442063492063491,1.9838841750718768,0.0,42.0,2.0,0.0,1.0,0.6612634749656386,0.7501537286959042,2013-02-11,15.875
2013-02-11,15.25,15.428571428571429,14.0,17.428571428571427,14.833333333333334,14.0,71.5,61.285714285714285,74.28571428571429,3.475,9.257142857142856,11.114285714285714,1017.125,1016.8571428571428,1014.5714285714286,15.856972789115646,1.1388385093189144,15.796938775510203,1.1766664882495508,14.4265873015873,1.9754102396011308,1.0,43.0,2.0,0.7818314824680298,0.6234898018587336,0.6740694616546161,0.7386679638813748,2013-02-12,15.333333333333334
2013-02-12,15.875,15.25,15.428571428571429,16.625,14.125,15.833333333333334,70.5,71.5,92.375,5.325,3.475,9.725,1016.5,1017.125,1016.375,15.635034013605443,0.9098831296852178,15.871343537414964,1.1435143356426205,14.4890873015873,1.9910477050170534,2.0,44.0,2.0,0.9749279121818236,-0.22252093395631434,0.6866759803451553,0.726963615332308,2013-02-13,16.285714285714285
2013-02-13,15.333333333333334,15.875,15.25,16.666666666666668,14.714285714285714,12.833333333333334,70.33333333333333,70.5,71.33333333333333,7.416666666666667,5.325,8.633333333333333,1017.5,1016.5,1018.6666666666666,15.450510204081633,0.7999970052449012,15.95765306122449,1.0427247597625453,14.472420634920637,1.981476970733571,3.0,45.0,2.0,0.43388373911755823,-0.900968867902419,0.6990793005655562,0.7150441465537444,2013-02-14,17.333333333333332
2013-02-14,16.285714285714285,15.333333333333334,15.875,15.6,16.2,14.714285714285714,70.14285714285714,70.33333333333333,59.4,6.085714285714287,7.416666666666667,10.74,1016.0,1017.5,1018.6,15.396088435374148,0.7115439157832081,16.069897959183674,0.9813589866182887,14.5875,1.9832523571722473,4.0,46.0,2.0,-0.433883739117558,-0.9009688679024191,0.7112757519738152,0.7029130847082615,2013-02-15,19.166666666666668
2013-02-15,17.333333333333332,16.285714285714285,15.333333333333334,14.0,16.0,13.833333333333334,63.833333333333336,70.14285714285714,70.42857142857143,4.333333333333333,6.085714285714287,9.257142857142856,1014.1666666666666,1016.0,1017.1428571428572,15.643707482993197,1.0263121669195783,16.150850340136053,1.038025024149827,14.674801587301586,2.045687528953709,5.0,47.0,2.0,-0.9749279121818236,-0.2225209339563146,0.7232617254437388,0.6905740195722293,2013-02-16,14.428571428571429
2013-02-16,19.166666666666668,17.333333333333332,16.285714285714285,15.428571428571429,16.285714285714285,16.5,65.33333333333333,63.833333333333336,61.285714285714285,10.183333333333335,4.333333333333333,9.257142857142856,1011.6666666666666,1014.1666666666666,1016.8571428571428,16.381802721088434,1.4268774205990427,16.37704081632653,1.3115923912110632,14.852579365079366,2.196242256579839,6.0,48.0,2.0,-0.7818314824680299,0.6234898018587334,0.7350336741329413,0.6780306024735382,2013-02-17,13.666666666666666
2013-02-17,14.428571428571429,19.166666666666668,17.333333333333332,15.25,18.0,13.833333333333334,92.71428571428572,65.33333333333333,71.5,8.485714285714286,10.183333333333335,3.475,1008.0,1011.6666666666666,1017.125,16.23894557823129,1.5800569864548735,16.244387755102043,1.4116386153242593,14.783531746031745,2.1751233196034185,0.0,49.0,2.0,0.0,1.0,0.746588114532413,0.6652865452111116,2013-02-18,15.6
2013-02-18,13.666666666666666,14.428571428571429,19.166666666666668,15.875,17.428571428571427,12.5,90.0,92.71428571428572,70.5,0.0,8.485714285714286,5.325,1012.6666666666666,1008.0,1016.5,16.012755102040817,1.837568638364796,15.93486394557823,1.4709130695860746,14.77797619047619,2.177845082241649,1.0,50.0,2.0,0.7818314824680298,0.6234898018587336,0.7579216274973472,0.6523456189565257,2013-02-19,15.857142857142858
2013-02-19,15.6,13.666666666666666,14.428571428571429,15.333333333333334,16.625,11.285714285714286,78.4,90.0,70.33333333333333,12.220000000000002,0.0,7.416666666666667,1016.2,1012.6666666666666,1017.5,15.9734693877551,1.8439331937873538,15.804251700680272,1.40791024505457,14.881309523809525,2.1392351287865212,2.0,51.0,2.0,0.9749279121818236,-0.22252093395631434,0.7690308592589181,0.6392116531380588,2013-02-20,17.714285714285715
2013-02-20,15.857142857142858,15.6,13.666666666666666,16.285714285714285,16.666666666666668,11.2,82.0,78.4,70.14285714285714,5.814285714285715,12.220000000000002,6.085714285714287,1015.7142857142856,1016.2,1016.0,16.048299319727892,1.8241481482884563,15.749404761904762,1.3882972815530361,15.033690476190477,2.034536531901145,3.0,52.0,2.0,0.43388373911755823,-0.900968867902419,0.7799125224167177,0.6258885343075018,2013-02-21,20.0
2013-02-21,17.714285714285715,15.857142857142858,15.6,17.333333333333332,15.6,9.5,74.71428571428571,82.0,63.833333333333336,5.814285714285715,5.814285714285715,4.333333333333333,1017.0,1015.7142857142856,1014.1666666666666,16.252380952380953,1.9318686296216891,15.824234693877552,1.4675147997841966,15.250833333333333,1.95743239316546,4.0,53.0,2.0,-0.433883739117558,-0.9009688679024191,0.7905633969115482,0.612380204990065,2013-02-22,20.5
2013-02-22,20.0,17.714285714285715,15.857142857142858,19.166666666666668,14.0,14.0,67.28571428571429,74.71428571428571,65.33333333333333,6.614285714285714,5.814285714285715,10.183333333333335,1015.4285714285714,1017.0,1011.6666666666666,16.633333333333333,2.389317052807341,16.138520408163266,1.8397465019698491,15.600833333333332,1.828153445991153,5.0,54.0,2.0,-0.9749279121818236,-0.2225209339563146,0.8009803309782905,0.5986906625177214,2013-02-23,17.428571428571427
2013-02-23,20.5,20.0,17.714285714285715,14.428571428571429,15.428571428571429,13.833333333333334,65.625,67.28571428571429,92.71428571428572,10.875000000000002,6.614285714285714,8.485714285714286,1016.0,1015.4285714285714,1008.0,16.823809523809526,2.6624669310115636,16.60280612244898,2.0649464705420746,15.817499999999999,2.0081990471300224,6.0,55.0,2.0,-0.7818314824680299,0.6234898018587334,0.8111602420785621,0.5848239578463322,2013-02-24,16.857142857142858
2013-02-24,17.428571428571427,20.5,20.0,13.666666666666666,15.25,12.25,74.85714285714286,65.625,90.0,9.257142857142856,10.875000000000002,0.0,1017.0,1016.0,1012.6666666666666,17.252380952380953,2.44524157277074,16.745663265306124,2.046561806832841,15.937341269841271,1.9929255471850063,0.0,56.0,2.0,0.0,1.0,0.8211001178128892,0.5707841943569036,2013-02-25,16.875
2013-02-25,16.857142857142858,17.428571428571427,20.5,15.6,15.875,12.666666666666666,78.85714285714286,74.85714285714286,78.4,7.400000000000001,9.257142857142856,12.220000000000002,1018.8571428571428,1017.0,1016.2,17.708163265306123,1.9026272051631625,16.86045918367347,2.000775304252875,16.090912698412698,1.8728812274470263,1.0,57.0,2.0,0.7818314824680298,0.6234898018587336,0.8307970168121247,0.5565755266413303,2013-02-26,17.857142857142858
2013-02-26,16.875,16.857142857142858,17.428571428571427,15.857142857142858,15.333333333333334,12.857142857142858,72.875,78.85714285714286,82.0,4.6375,7.400000000000001,5.814285714285715,1018.25,1018.8571428571428,1015.7142857142856,17.89030612244898,1.7193757695538887,16.931887755102043,1.980636585635089,16.231190476190474,1.7618743451419792,2.0,58.0,2.0,0.9749279121818236,-0.22252093395631434,0.8402480696078469,0.5422021592729844,2013-02-27,20.8
2013-02-27,17.857142857142858,16.875,16.857142857142858,17.714285714285715,16.285714285714285,14.833333333333334,70.0,72.875,74.71428571428571,17.587500000000002,4.6375,5.814285714285715,1015.1428571428572,1018.25,1017.0,18.176020408163264,1.4738519028338126,17.11215986394558,1.9383522938498887,16.39785714285714,1.665553915422583,3.0,59.0,2.0,0.43388373911755823,-0.900968867902419,0.8494504794814806,0.527668345562516,2013-02-28,19.428571428571427
2013-02-28,20.8,17.857142857142858,16.875,20.0,17.333333333333332,14.125,57.2,70.0,67.28571428571429,6.660000000000001,17.587500000000002,6.614285714285714,1015.2,1015.1428571428572,1015.4285714285714,18.616836734693873,1.7485838710041415,17.434608843537415,2.1538025541444505,16.596746031746033,1.8212580796746796,4.0,60.0,3.0,-0.433883739117558,-0.9009688679024191,0.8584015232918917,0.512978386299228,2013-03-01,17.333333333333332
2013-03-01,19.428571428571427,20.8,17.857142857142858,20.5,19.166666666666668,14.714285714285714,52.85714285714285,57.2,65.625,12.957142857142856,6.660000000000001,10.875000000000002,1017.4285714285714,1015.2,1016.0,18.535204081632653,1.6854474523622531,17.584268707482995,2.2180606179271285,16.773531746031747,1.8304376691628224,5.0,61.0,3.0,-0.9749279121818236,-0.2225209339563146,0.8670985522812081,0.4981366284784055,2013-03-02,19.0
2013-03-02,17.333333333333332,19.428571428571427,20.8,17.428571428571427,14.428571428571429,16.2,49.333333333333336,52.85714285714285,74.85714285714286,24.066666666666663,12.957142857142856,9.257142857142856,1016.3333333333334,1017.4285714285714,1017.0,18.0828231292517,1.4830109743520319,17.453316326530615,2.1710722919275516,16.860833333333332,1.790865677239679,6.0,62.0,3.0,-0.7818314824680299,0.6234898018587334,0.8755389928586302,0.4831474640149687,2013-03-03,19.33333333333333
2013-03-03,19.0,17.333333333333332,19.428571428571427,16.857142857142858,13.666666666666666,16.0,54.0,49.333333333333336,78.85714285714286,15.725,24.066666666666663,7.400000000000001,1016.25,1016.3333333333334,1018.8571428571428,18.30731292517007,1.4864010083298342,17.77984693877551,2.019646788918727,16.954166666666666,1.8278194691615934,0.0,63.0,3.0,0.0,1.0,0.8837203473619977,0.4680153284438345,2013-03-04,17.6
2013-03-04,19.33333333333333,19.0,17.333333333333332,16.875,15.6,16.285714285714285,62.833333333333336,54.0,72.875,8.633333333333333,15.725,4.6375,1016.1666666666666,1016.25,1018.25,18.661054421768707,1.3741737561311906,18.184608843537415,1.6693634947632567,17.06527777777778,1.868674857542828,1.0,64.0,3.0,0.7818314824680298,0.6234898018587336,0.8916401947968874,0.45274469960737107,2013-03-05,20.875
2013-03-05,17.6,19.33333333333333,19.0,17.857142857142858,15.857142857142858,18.0,71.0,62.833333333333336,70.0,5.5600000000000005,8.633333333333333,17.587500000000002,1015.8,1016.1666666666666,1015.1428571428572,18.764625850340135,1.2376643241040302,18.32746598639456,1.5090475485591917,17.1090873015873,1.865171309120814,2.0,65.0,3.0,0.9749279121818236,-0.22252093395631434,0.8992961915530253,0.4373400963303323,2013-03-06,20.857142857142858
2013-03-06,20.875,17.6,19.33333333333333,20.8,17.714285714285715,17.428571428571427,61.875,71.0,57.2,4.1625000000000005,5.5600000000000005,6.660000000000001,1016.375,1015.8,1015.2,19.195748299319725,1.3856385761007146,18.685884353741496,1.4726443920951366,17.204920634920637,1.9826828614296212,3.0,66.0,3.0,0.43388373911755823,-0.900968867902419,0.9066860720977985,0.4218060770826634,2013-03-07,23.428571428571427
2013-03-07,20.857142857142858,20.875,17.6,19.428571428571427,20.0,16.625,65.28571428571429,61.875,52.85714285714285,6.871428571428573,4.1625000000000005,12.957142857142856,1015.7142857142856,1016.375,1017.4285714285714,19.20391156462585,1.3967884274766438,18.910374149659866,1.5506246827104169,17.31920634920635,2.091829584354947,4.0,67.0,3.0,-0.433883739117558,-0.9009688679024191,0.9138076496466615,0.4061472386305789,2013-03-08,24.166666666666668
2013-03-08,23.428571428571427,20.857142857142858,20.875,17.333333333333332,20.5,16.666666666666668,57.142857142857146,65.28571428571429,49.333333333333336,8.728571428571428,6.871428571428573,24.066666666666663,1015.2857142857144,1015.7142857142856,1016.3333333333334,19.775340136054417,2.129854145735743,19.155272108843537,1.9541839098922318,17.545992063492065,2.364946931686146,5.0,68.0,3.0,-0.9749279121818236,-0.2225209339563146,0.9206588168102428,0.3903682146763026,2013-03-09,25.428571428571427
2013-03-09,24.166666666666668,23.428571428571427,20.857142857142858,19.0,17.428571428571427,15.6,44.833333333333336,57.142857142857146,54.0,7.1000000000000005,8.728571428571428,15.725,1014.8333333333334,1015.2857142857144,1016.25,20.751530612244895,2.375829281392582,19.4171768707483,2.353235361246458,17.79599206349206,2.6482353574739412,6.0,69.0,3.0,-0.7818314824680299,0.6234898018587334,0.9272375462179537,0.374473674486883,2013-03-10,23.142857142857142
2013-03-10,25.428571428571427,24.166666666666668,23.428571428571427,19.33333333333333,16.857142857142858,14.0,49.71428571428572,44.833333333333336,62.833333333333336,5.285714285714286,7.1000000000000005,8.633333333333333,1009.2857142857144,1014.8333333333334,1016.1666666666666,21.669897959183675,2.791966149222448,19.98860544217687,2.7679651093317252,18.12361111111111,2.957137619732681,0.0,70.0,3.0,0.0,1.0,0.9335418911179212,0.35846832151248087,2013-03-11,24.0
2013-03-11,23.142857142857142,25.428571428571427,24.166666666666668,17.6,16.875,15.428571428571429,57.57142857142857,49.71428571428572,71.0,4.228571428571429,5.285714285714286,5.5600000000000005,1008.0,1009.2857142857144,1015.8,22.214115646258502,2.6270171341891886,20.43758503401361,2.7304872689910056,18.428373015873017,2.988469171797897,1.0,71.0,3.0,0.7818314824680298,0.6234898018587336,0.9395699859530622,0.342356891994542,2013-03-12,23.5
2013-03-12,24.0,23.142857142857142,25.428571428571427,20.875,17.857142857142858,15.25,66.33333333333333,57.57142857142857,61.875,0.9333333333333332,4.228571428571429,4.1625000000000005,1011.1666666666666,1008.0,1016.375,23.128401360544217,1.7056379694220036,20.946513605442174,2.6789056553500346,18.714087301587302,3.0994589618414774,2.0,72.0,3.0,0.9749279121818236,-0.22252093395631434,0.945320046913132,0.3261441535642696,2013-03-13,21.5
2013-03-13,23.5,24.0,23.142857142857142,20.857142857142858,20.8,15.875,62.5,66.33333333333333,65.28571428571429,4.933333333333334,0.9333333333333332,6.871428571428573,1011.5,1011.1666666666666,1015.7142857142856,23.503401360544217,1.3863079355820729,21.349574829931974,2.60172466276014,18.9890873015873,3.147133558148198,3.0,73.0,3.0,0.43388373911755823,-0.900968867902419,0.9507903724625832,0.3098349038318025,2013-03-14,22.33333333333333
2013-03-14,21.5,23.5,24.0,23.428571428571427,19.428571428571427,15.333333333333334,70.5,62.5,57.142857142857146,5.55,4.933333333333334,8.728571428571428,1009.0,1011.5,1015.2857142857144,23.595238095238095,1.1890467608746342,21.39957482993197,2.597072628774441,19.1765873015873,3.122672897446698,4.0,74.0,3.0,-0.433883739117558,-0.9009688679024191,0.9559793438440766,0.2934339689665273,2013-03-15,24.166666666666668
2013-03-15,22.33333333333333,21.5,23.5,24.166666666666668,17.333333333333332,16.285714285714285,61.16666666666666,70.5,44.833333333333336,12.033333333333331,5.55,7.1000000000000005,1013.1666666666666,1009.0,1014.8333333333334,23.438775510204078,1.2829818954302132,21.607057823129253,2.5429628834923452,19.409920634920635,3.086916806962436,5.0,75.0,3.0,-0.9749279121818236,-0.2225209339563146,0.9608854255574977,0.27694620226893646,2013-03-16,20.33333333333333
2013-03-16,24.166666666666668,22.33333333333333,21.5,25.428571428571427,19.0,17.333333333333332,45.833333333333336,61.16666666666666,49.71428571428572,7.716666666666668,12.033333333333331,5.285714285714286,1016.1666666666666,1013.1666666666666,1009.2857142857144,23.438775510204085,1.2829818954302132,22.09515306122449,2.304145793757458,19.672619047619047,3.1466361877144533,6.0,76.0,3.0,-0.7818314824680299,0.6234898018587334,0.9655071658143364,0.2603764827344581,2013-03-17,22.666666666666668
2013-03-17,20.33333333333333,24.166666666666668,22.33333333333333,23.142857142857142,19.33333333333333,19.166666666666668,67.66666666666667,45.833333333333336,57.57142857142857,3.7,7.716666666666668,4.228571428571429,1016.1666666666666,1016.1666666666666,1008.0,22.710884353741495,1.4054631402466307,22.190391156462585,2.1911569486981683,19.77261904761905,3.117263086435102,0.0,77.0,3.0,0.0,1.0,0.969843196967294,0.24372971360968387,2013-03-18,23.428571428571427
2013-03-18,22.666666666666668,20.33333333333333,24.166666666666668,24.0,17.6,14.428571428571429,58.66666666666666,67.66666666666667,66.33333333333333,8.95,3.7,0.9333333333333332,1015.0,1016.1666666666666,1011.1666666666666,22.642857142857142,1.3925348969248184,22.428486394557826,2.0321569106405306,19.889285714285716,3.1590185367560197,1.0,78.0,3.0,0.7818314824680298,0.6234898018587336,0.9738922359149924,0.22701082094141847,2013-03-19,22.5
2013-03-19,23.428571428571427,22.666666666666668,20.33333333333333,23.5,20.875,13.666666666666666,58.142857142857146,58.66666666666666,62.5,17.457142857142856,8.95,4.933333333333334,1009.4285714285714,1015.0,1011.5,22.561224489795915,1.3142668177023906,22.844812925170064,1.4921564806212062,20.18928571428571,3.047948367110748,2.0,79.0,3.0,0.9749279121818236,-0.22252093395631434,0.9776530844816641,0.2102247521189836,2013-03-20,29.166666666666668
2013-03-20,22.5,23.428571428571427,22.666666666666668,21.5,20.857142857142858,15.6,73.66666666666667,58.142857142857146,70.5,10.483333333333333,17.457142857142856,5.55,1011.0,1009.4285714285714,1009.0,22.418367346938773,1.2478899153782288,22.960884353741495,1.386612347700655,20.483730158730157,2.813781377389256,3.0,80.0,3.0,0.43388373911755823,-0.900968867902419,0.981124629771712,0.19337647441020586,2013-03-21,23.83333333333333
2013-03-21,29.166666666666668,22.5,23.428571428571427,22.33333333333333,23.428571428571427,15.857142857142858,36.333333333333336,73.66666666666667,61.16666666666666,6.800000000000001,10.483333333333333,12.033333333333331,1009.5,1011.0,1013.1666666666666,23.513605442176868,2.7581000457231233,23.55442176870748,2.0409087716721444,20.93595238095238,3.0794705184269016,4.0,81.0,3.0,-0.433883739117558,-0.9009688679024191,0.984305844499033,0.17647097349152166,2013-03-22,25.25
2013-03-22,23.83333333333333,29.166666666666668,22.5,24.166666666666668,24.166666666666668,17.714285714285715,58.5,36.333333333333336,45.833333333333336,10.5,6.800000000000001,7.716666666666668,1008.3333333333334,1009.5,1016.1666666666666,23.727891156462587,2.708949681929271,23.583333333333332,2.0418555482424465,21.20182539682539,2.968169515612636,5.0,82.0,3.0,-0.9749279121818236,-0.2225209339563146,0.9871957872910085,0.15951325197263655,2013-03-23,27.375
2013-03-23,25.25,23.83333333333333,29.166666666666668,20.33333333333333,25.428571428571427,20.0,50.25,58.5,67.66666666666667,9.7125,10.5,3.7,1006.375,1008.3333333333334,1016.1666666666666,23.882653061224488,2.768485835506761,23.660714285714285,2.0857194603277907,21.45301587301587,2.981684104371494,6.0,83.0,3.0,-0.7818314824680299,0.6234898018587334,0.9897936029670716,0.14250832791617088,2013-03-24,27.0
2013-03-24,27.375,25.25,23.83333333333333,22.666666666666668,23.142857142857142,20.5,50.125,50.25,58.66666666666666,9.95,9.7125,8.95,1007.625,1006.375,1015.0,24.88860544217687,2.533190287272172,23.799744897959183,2.2694106318481415,21.698849206349205,3.1566480634023386,0.0,84.0,3.0,0.0,1.0,0.992098522791769,0.12546123335273648,2013-03-25,23.5
2013-03-25,27.0,27.375,25.25,23.428571428571427,24.0,17.428571428571427,48.75,50.125,58.142857142857146,10.8875,9.95,17.457142857142856,1010.25,1007.625,1009.4285714285714,25.507653061224488,2.426958094794459,24.075255102040813,2.413111126053506,21.91551587301587,3.2917085484666146,1.0,85.0,3.0,0.7818314824680298,0.6234898018587336,0.9941098647022418,0.10837701279187609,2013-03-26,24.142857142857142
2013-03-26,23.5,27.0,27.375,22.5,23.5,16.857142857142858,45.5,48.75,73.66666666666667,15.9625,10.8875,10.483333333333333,1010.625,1010.25,1011.0,25.517857142857142,2.4168890154964737,24.03954081632653,2.4180056458874333,22.117896825396823,3.1914443161955672,2.0,86.0,3.0,0.9749279121818236,-0.22252093395631434,0.9958270335100595,0.09126072172931188,2013-03-27,21.0
2013-03-27,24.142857142857142,23.5,27.0,29.166666666666668,21.5,16.875,44.57142857142857,45.5,36.333333333333336,12.957142857142856,15.9625,6.800000000000001,1008.8571428571428,1010.625,1009.5,25.752551020408163,2.1387578104884337,24.085459183673468,2.413070466095869,22.360753968253967,3.0514537637432357,3.0,87.0,3.0,0.43388373911755823,-0.900968867902419,0.9972495210773451,0.07411742515094437,2013-03-28,22.428571428571427
2013-03-28,21.0,24.142857142857142,23.5,23.83333333333333,22.33333333333333,17.857142857142858,62.0,44.57142857142857,58.5,1.85,12.957142857142856,10.5,1009.0,1008.8571428571428,1008.3333333333334,24.5858843537415,2.1927337431210328,24.049744897959183,2.4575694685742793,22.49825396825397,2.8840865365414197,4.0,88.0,3.0,-0.433883739117558,-0.9009688679024191,0.998376906467142,0.056952196034039754,2013-03-29,21.25
2013-03-29,22.428571428571427,21.0,24.142857142857142,25.25,24.166666666666668,20.8,62.71428571428572,62.0,50.25,7.4142857142857155,1.85,9.7125,1009.5714285714286,1009.0,1006.375,24.38520408163265,2.332889682590462,24.056547619047617,2.4525795978262517,22.650634920634918,2.7479713145915787,5.0,89.0,3.0,-0.9749279121818236,-0.2225209339563146,0.9992088560679753,0.03977011384605572,2013-03-30,23.5
2013-03-30,21.25,22.428571428571427,21.0,27.375,20.33333333333333,19.428571428571427,70.375,62.71428571428572,50.125,5.550000000000001,7.4142857142857155,9.95,1009.75,1009.5714285714286,1007.625,23.813775510204078,2.5641816106433493,23.84821428571428,2.5638590404700623,22.66563492063492,2.738733803837318,6.0,90.0,3.0,-0.7818314824680299,0.6234898018587334,0.9997451236925734,0.022576263041545485,2013-03-31,23.2
2013-03-31,23.5,21.25,22.428571428571427,27.0,22.666666666666668,17.333333333333332,54.75,70.375,48.75,11.1125,5.550000000000001,10.8875,1008.625,1009.75,1010.25,23.26020408163265,2.029827985837572,24.07440476190476,2.361623407910756,22.801349206349204,2.6728794792918267,0.0,91.0,4.0,0.0,1.0,0.9999855506507186,0.005375731557583884,2013-04-01,25.375
2013-04-01,23.2,23.5,21.25,23.5,23.428571428571427,19.0,58.0,54.75,45.5,6.660000000000001,11.1125,15.9625,1008.6,1008.625,1010.625,22.71734693877551,1.202490733858098,24.1125,2.3413833230811996,22.996904761904762,2.4656028305483066,1.0,92.0,4.0,0.7818314824680298,0.6234898018587336,0.9999300657962057,-0.011826390691832589,2013-04-02,25.166666666666668
2013-04-02,25.375,23.2,23.5,24.142857142857142,22.5,19.33333333333333,45.5,58.0,44.57142857142857,4.4,6.660000000000001,12.957142857142856,1008.5,1008.6,1008.8571428571428,22.985204081632652,1.5612092336189394,24.2515306122449,2.355395133534971,23.20940476190476,2.3825668859008093,2.0,93.0,4.0,0.9749279121818236,-0.22252093395631434,0.9995786855478958,-0.029025013321975237,2013-04-03,26.2
2013-04-03,25.166666666666668,25.375,23.2,21.0,29.166666666666668,17.6,51.0,45.5,62.0,8.65,4.4,1.85,1009.5,1008.5,1009.0,23.13146258503401,1.7269010383652863,24.44200680272109,2.310248056288098,23.403849206349204,2.2916250008652317,3.0,94.0,4.0,0.43388373911755823,-0.900968867902419,0.9989315138848577,-0.046215046983708354,2013-04-04,24.6
2013-04-04,26.2,25.166666666666668,25.375,22.428571428571427,23.83333333333333,20.875,45.6,51.0,62.71428571428572,8.14,8.65,7.4142857142857155,1009.0,1009.5,1009.5714285714286,23.87431972789116,1.7749673776641512,24.230102040816323,1.9517975446441855,23.690515873015872,2.0675094922067654,4.0,95.0,4.0,-0.433883739117558,-0.9009688679024191,0.9979887423155984,-0.06339140486951038,2013-04-05,25.6
2013-04-05,24.6,26.2,25.166666666666668,21.25,25.25,20.857142857142858,41.8,45.6,70.375,11.12,8.14,5.550000000000001,1007.8,1009.0,1009.75,24.184523809523814,1.6666279757413813,24.28486394557823,1.9505638728053514,23.81468253968254,2.003452024530675,5.0,96.0,4.0,-0.9749279121818236,-0.2225209339563146,0.9967506498213929,-0.08054900421874167,2013-04-06,25.857142857142858
2013-04-06,25.6,24.6,26.2,23.5,27.375,23.428571428571427,31.0,41.8,54.75,15.56,11.12,11.1125,1007.0,1007.8,1008.625,24.805952380952384,1.107160138113982,24.309863945578233,1.9660667044539148,23.97277777777778,1.9483969958913232,6.0,97.0,4.0,-0.7818314824680299,0.6234898018587334,0.9952176027737294,-0.09768276782171598,2013-04-07,29.142857142857142
2013-04-07,25.857142857142858,25.6,24.6,23.2,27.0,24.166666666666668,29.857142857142858,31.0,58.0,11.900000000000002,15.56,6.660000000000001,1006.1428571428572,1007.0,1008.6,25.142687074829933,0.9967095402760797,24.201445578231294,1.820500504457105,24.053730158730158,1.9752725461593117,0.0,98.0,4.0,0.0,1.0,0.9933900548258936,-0.11478762552212701,2013-04-08,28.714285714285715
2013-04-08,29.142857142857142,25.857142857142858,25.6,25.375,23.5,25.428571428571427,23.285714285714285,29.857142857142858,45.5,10.314285714285717,11.900000000000002,4.4,1005.0,1006.1428571428572,1008.5,25.991666666666667,1.4800080245844802,24.35450680272109,2.1365417814182455,24.219603174603176,2.1830885302835368,1.0,99.0,4.0,0.7818314824680298,0.6234898018587336,0.9912685467787256,-0.13185851571739118,2013-04-09,30.166666666666668
2013-04-09,28.714285714285715,29.142857142857142,25.857142857142858,25.166666666666668,24.142857142857142,23.142857142857142,33.857142857142854,23.285714285714285,51.0,5.3,10.314285714285717,8.65,1006.0,1005.0,1009.5,26.4687074829932,1.7598268681225724,24.726955782312928,2.412754172771429,24.329126984126983,2.3237239238095175,2.0,100.0,4.0,0.9749279121818236,-0.22252093395631434,0.9888537064205885,-0.1488903868564548,2013-04-10,30.0
2013-04-10,30.166666666666668,28.714285714285715,29.142857142857142,26.2,21.0,24.0,30.5,33.857142857142854,45.6,8.65,5.3,8.14,1005.3333333333334,1006.0,1009.0,27.18299319727891,2.120931670276954,25.15722789115646,2.8056999830646765,24.563253968253964,2.5435263562043815,3.0,101.0,4.0,0.43388373911755823,-0.900968867902419,0.986146248341595,-0.16587819893463143,2013-04-11,30.0
2013-04-11,30.0,30.166666666666668,28.714285714285715,24.6,22.428571428571427,23.5,28.0,30.5,41.8,6.1,8.65,11.12,1006.7142857142856,1005.3333333333334,1007.8,27.725850340136056,2.3056633701144764,25.800085034013602,2.810961576620361,24.763253968253967,2.726986563434623,4.0,102.0,4.0,-0.433883739117558,-0.9009688679024191,0.9831469737221499,-0.1828169249850199,2013-04-12,28.857142857142858
2013-04-12,30.0,30.0,30.166666666666668,25.6,21.25,21.5,24.2,28.0,31.0,7.780000000000001,6.1,15.56,1006.4,1006.7142857142856,1007.0,28.497278911564624,1.9634834477929881,26.34090136054422,2.8405984519966427,24.97992063492063,2.877238743805461,5.0,103.0,4.0,-0.9749279121818236,-0.2225209339563146,0.9798567700958665,-0.1997015525660636,2013-04-13,30.2
2013-04-13,28.857142857142858,30.0,30.0,25.857142857142858,23.5,22.33333333333333,32.57142857142857,24.2,29.857142857142858,6.342857142857143,7.780000000000001,11.900000000000002,1007.5714285714286,1006.4,1006.1428571428572,28.962585034013607,1.4917166818441516,26.884268707482995,2.498887689871062,25.22515873015873,2.8839348939950744,6.0,104.0,4.0,-0.7818314824680299,0.6234898018587334,0.9762766110869321,-0.21652708524481437,2013-04-14,28.25
2013-04-14,30.2,28.857142857142858,30.0,29.142857142857142,23.2,24.166666666666668,29.2,32.57142857142857,23.285714285714285,10.000000000000002,6.342857142857143,10.314285714285717,1008.4,1007.5714285714286,1005.0,29.58299319727891,0.6512030679427809,27.362840136054423,2.4418165790429676,25.487380952380953,2.968332345174388,0.0,105.0,4.0,0.0,1.0,0.9724075561219968,-0.23328854407545518,2013-04-15,28.25
2013-04-15,28.25,30.2,28.857142857142858,28.714285714285715,25.375,20.33333333333333,39.375,29.2,33.857142857142854,6.487499999999999,10.000000000000002,5.3,1007.0,1008.4,1006.0,29.455442176870747,0.817889447717751,27.723554421768707,2.1330421424116253,25.623492063492062,2.9991429877698734,1.0,106.0,4.0,0.7818314824680298,0.6234898018587336,0.9682507501166718,-0.2499809690726521,2013-04-16,32.125
2013-04-16,28.25,28.25,30.2,30.166666666666668,25.166666666666668,22.666666666666668,41.375,39.375,30.5,6.25,6.487499999999999,8.65,1003.875,1007.0,1005.3333333333334,29.3891156462585,0.9024635146119219,27.92891156462585,2.0252127988107143,25.887380952380955,2.862808756734771,2.0,107.0,4.0,0.9749279121818236,-0.22252093395631434,0.9638074231367307,-0.26659942067929354,2013-04-17,29.2
2013-04-17,32.125,28.25,28.25,30.0,26.2,23.428571428571427,24.625,41.375,28.0,10.425,6.25,6.1,1000.0,1003.875,1006.7142857142856,29.66887755102041,1.367433905499147,28.425935374149663,2.145442995065391,26.202658730158728,3.0127741478330448,3.0,108.0,4.0,0.43388373911755823,-0.900968867902419,0.9590788900341131,-0.28313898122818354,2013-04-18,30.285714285714285
2013-04-18,29.2,32.125,28.25,30.0,24.6,22.5,24.2,24.625,24.2,6.659999999999999,10.425,7.780000000000001,1002.2,1000.0,1006.4,29.554591836734694,1.3685776330224495,28.640221088435375,2.053881203931531,26.395039682539682,3.0137936645134373,4.0,109.0,4.0,-0.433883739117558,-0.9009688679024191,0.9540665500578387,-0.2995947563972602,2013-04-19,28.285714285714285
2013-04-19,30.285714285714285,29.2,32.125,28.857142857142858,25.6,29.166666666666668,30.285714285714285,24.2,32.57142857142857,4.757142857142858,6.659999999999999,6.342857142857143,1002.8571428571428,1002.2,1007.5714285714286,29.595408163265308,1.3881953645875609,29.046343537414966,1.7301562670011377,26.654563492063495,3.002016861260715,5.0,110.0,4.0,-0.9749279121818236,-0.2225209339563146,0.9487718864399473,-0.31596187665790293,2013-04-20,30.625
2013-04-20,28.285714285714285,30.285714285714285,29.2,30.2,25.857142857142858,23.83333333333333,31.285714285714285,30.285714285714285,29.2,3.971428571428571,4.757142857142858,10.000000000000002,1002.5714285714286,1002.8571428571428,1008.4,29.51377551020408,1.4540823785652703,29.238180272108842,1.4438405949979356,26.62519841269841,2.9808305550444305,6.0,111.0,4.0,-0.7818314824680299,0.6234898018587334,0.9431964659565866,-0.33223549871590435,2013-04-21,27.666666666666668
2013-04-21,30.625,28.285714285714285,30.285714285714285,28.25,29.142857142857142,25.25,29.0,31.285714285714285,39.375,7.6375,3.971428571428571,6.487499999999999,1003.375,1002.5714285714286,1007.0,29.574489795918367,1.495785503050831,29.57874149659864,1.1083213682250959,26.8515873015873,3.019143046860289,0.0,112.0,4.0,0.0,1.0,0.9373419384643772,-0.3484108069446808,2013-04-22,27.375
2013-04-22,27.666666666666668,30.625,28.285714285714285,28.25,28.714285714285715,27.375,38.66666666666666,29.0,41.375,13.883333333333333,7.6375,6.25,1006.8333333333334,1003.375,1003.875,29.491156462585035,1.5948432727976185,29.47329931972789,1.2177935143457612,26.93214285714286,3.0071530467203598,1.0,113.0,4.0,0.7818314824680298,0.6234898018587336,0.9312100364121947,-0.3644830148102912,2013-04-23,28.625
2013-04-23,27.375,27.666666666666668,30.625,32.125,30.166666666666668,27.0,45.375,38.66666666666666,24.625,7.650000000000001,13.883333333333333,10.425,1010.0,1006.8333333333334,1000.0,29.366156462585035,1.7363479009235985,29.377636054421767,1.3294854847441928,26.93214285714286,3.0071530467203598,2.0,114.0,4.0,0.9749279121818236,-0.22252093395631434,0.9248025743285089,-0.38044736628785164,2013-04-24,30.285714285714285
2013-04-24,28.625,27.375,27.666666666666668,29.2,30.0,23.5,44.125,45.375,24.2,4.625000000000001,7.650000000000001,6.659999999999999,1009.875,1010.0,1002.2,28.86615646258503,1.2434843140912517,29.267517006802724,1.3229348597885302,26.986309523809528,3.0230109095959006,3.0,115.0,4.0,0.43388373911755823,-0.900968867902419,0.9181214482844364,-0.39629913726891813,2013-04-25,31.142857142857142
2013-04-25,30.285714285714285,28.625,27.375,30.285714285714285,30.0,24.142857142857142,41.71428571428572,44.125,30.285714285714285,2.1142857142857143,4.625000000000001,4.757142857142858,1008.5714285714286,1009.875,1002.8571428571428,29.02125850340136,1.3547949316299952,29.28792517006803,1.3372301977145973,27.2125,3.006981001557106,4.0,116.0,4.0,-0.433883739117558,-0.9009688679024191,0.9111686353326631,-0.41203363695942635,2013-04-26,29.875
2013-04-26,31.142857142857142,30.285714285714285,28.625,28.285714285714285,28.857142857142858,21.0,38.285714285714285,41.71428571428572,31.285714285714285,3.7,2.1142857142857143,3.971428571428571,1007.7142857142856,1008.5714285714286,1002.5714285714286,29.143707482993197,1.5171350156306898,29.369557823129252,1.416572988736957,27.445833333333333,3.0320573090452263,5.0,117.0,4.0,-0.9749279121818236,-0.2225209339563146,0.9039461929224011,-0.42764620926777464,2013-04-27,31.142857142857142
2013-04-27,29.875,31.142857142857142,30.285714285714285,30.625,30.2,22.428571428571427,45.875,38.285714285714285,29.0,6.7125,3.7,7.6375,1008.375,1007.7142857142856,1003.375,29.37074829931973,1.485933804426369,29.442261904761903,1.414369328043623,27.741666666666667,2.8059931964347373,6.0,118.0,4.0,-0.7818314824680299,0.6234898018587334,0.8964562582905575,-0.44313223418263453,2013-04-28,30.571428571428573
2013-04-28,31.142857142857142,29.875,31.142857142857142,27.666666666666668,28.25,21.25,31.428571428571427,45.875,38.66666666666666,13.485714285714286,6.7125,13.883333333333333,1007.0,1008.375,1006.8333333333334,29.444727891156464,1.5693367596667487,29.509608843537414,1.474399130546212,28.03214285714286,2.6854792153354015,0.0,119.0,4.0,0.0,1.0,0.8887010478292915,-0.45848712914008766,2013-04-29,32.125
2013-04-29,30.571428571428573,31.142857142857142,29.875,27.375,28.25,23.5,28.0,31.428571428571427,45.375,12.971428571428572,13.485714285714286,7.650000000000001,1005.4285714285714,1007.0,1010.0,29.85969387755102,1.3951990603069646,29.675425170068028,1.4522132257039826,28.342857142857145,2.3975301159348916,1.0,120.0,4.0,0.7818314824680298,0.6234898018587336,0.8806828564301475,-0.47370635037968,2013-04-30,31.142857142857142
2013-04-30,32.125,30.571428571428573,31.142857142857142,28.625,32.125,23.2,26.375,28.0,44.125,7.875,12.971428571428572,4.625000000000001,1004.875,1005.4285714285714,1009.875,30.538265306122447,1.1116186684920053,29.952210884353743,1.5269889319265453,28.630357142857143,2.3123955397345495,2.0,121.0,5.0,0.9749279121818236,-0.22252093395631434,0.8724040568049612,-0.48878539428899265,2013-05-01,31.857142857142858
2013-05-01,31.142857142857142,32.125,30.571428571428573,30.285714285714285,29.2,25.375,32.0,26.375,41.71428571428572,7.928571428571429,7.875,2.1142857142857143,1004.8571428571428,1004.875,1008.5714285714286,30.897959183673468,0.7318316909691054,29.88205782312925,1.4395448858999507,28.895119047619048,2.1155331308008787,3.0,122.0,5.0,0.43388373911755823,-0.900968867902419,0.8638670987837349,-0.503719798736334,2013-05-02,29.83333333333333
2013-05-02,31.857142857142858,31.142857142857142,32.125,31.142857142857142,30.285714285714285,25.166666666666668,15.857142857142858,32.0,38.285714285714285,12.685714285714289,7.928571428571429,3.7,1002.8333333333334,1004.8571428571428,1007.7142857142856,31.122448979591837,0.7534239143750213,30.0718537414966,1.515844683779599,29.111190476190476,2.0742316688803406,4.0,123.0,5.0,-0.433883739117558,-0.9009688679024191,0.8550745085896932,-0.518505144391157,2013-05-03,28.571428571428573
2013-05-03,29.83333333333333,31.857142857142858,31.142857142857142,29.875,28.285714285714285,26.2,22.166666666666668,15.857142857142858,45.875,11.433333333333335,12.685714285714289,6.7125,1001.2,1002.8333333333334,1008.375,30.93537414965986,0.8965033259703297,30.039540816326532,1.5157568373672392,29.266746031746035,1.9387782303304415,5.0,124.0,5.0,-0.9749279121818236,-0.2225209339563146,0.8460288880917339,-0.533137056031809,2013-05-04,32.857142857142854
2013-05-04,28.571428571428573,29.83333333333333,31.857142857142858,31.142857142857142,30.625,24.6,31.571428571428573,22.166666666666668,31.428571428571427,9.0,11.433333333333335,13.485714285714286,999.4285714285714,1001.2,1007.0,30.749149659863946,1.227694160898751,30.059948979591837,1.4920651519772032,29.345793650793652,1.856006550326332,6.0,125.0,5.0,-0.7818314824680299,0.6234898018587334,0.8367329140344921,-0.5476112038402312,2013-05-05,32.625
2013-05-05,32.857142857142854,28.571428571428573,29.83333333333333,30.571428571428573,27.666666666666668,25.6,31.428571428571427,31.571428571428573,28.0,2.914285714285714,9.0,12.971428571428572,999.0,999.4285714285714,1005.4285714285714,30.99404761904762,1.4669811621690043,30.219387755102044,1.6661905016146132,29.621031746031747,1.7363495668596831,0.0,126.0,5.0,0.0,1.0,0.8271893372462497,-0.5619233046832195,2013-05-06,32.75
2013-05-06,32.625,32.857142857142854,28.571428571428573,32.125,27.375,25.857142857142858,31.125,31.428571428571427,26.375,3.0125,2.914285714285714,7.875,1000.625,999.0,1004.875,31.287414965986393,1.5700929053576655,30.57355442176871,1.6077932599658642,29.855198412698414,1.6467574499143214,1.0,127.0,5.0,0.7818314824680298,0.6234898018587336,0.8174009818249189,-0.5760691233798758,2013-05-07,32.875
2013-05-07,32.75,32.625,32.857142857142854,31.142857142857142,28.625,29.142857142857142,39.25,31.125,32.0,3.7,3.0125,7.928571428571429,1001.625,1000.625,1004.8571428571428,31.37670068027211,1.6417954150774126,30.95748299319728,1.4155058368178366,30.08496031746032,1.5475698957502637,2.0,128.0,5.0,0.9749279121818236,-0.22252093395631434,0.8073707443023492,-0.5900444739548627,2013-05-08,34.5
2013-05-08,32.875,32.75,32.625,31.857142857142858,30.285714285714285,28.714285714285715,33.25,39.25,15.857142857142858,7.175000000000001,3.7,12.685714285714289,1002.0,1001.625,1002.8333333333334,31.624149659863946,1.7288991766831623,31.26105442176871,1.3299437249298744,30.209365079365078,1.6176469882555293,3.0,129.0,5.0,0.43388373911755823,-0.900968867902419,0.7971015927871943,-0.6038452208771035,2013-05-09,34.285714285714285
2013-05-09,34.5,32.875,32.75,29.83333333333333,31.142857142857142,30.166666666666668,23.0,33.25,22.166666666666668,9.25,7.175000000000001,11.433333333333335,1001.1666666666666,1002.0,1001.2,32.00170068027211,2.0474769073430337,31.562074829931976,1.550797514957019,30.402222222222225,1.7708865982064441,4.0,130.0,5.0,-0.433883739117558,-0.9009688679024191,0.7865965660866021,-0.6174672802835514,2013-05-10,34.0
2013-05-10,34.285714285714285,34.5,32.875,28.571428571428573,29.875,30.0,26.0,23.0,31.571428571428573,8.985714285714284,9.25,9.0,1000.8571428571428,1001.1666666666666,999.4285714285714,32.63775510204082,1.9508935868396247,31.78656462585034,1.7052312538524288,30.53952380952381,1.906482709967045,5.0,131.0,5.0,-0.9749279121818236,-0.2225209339563146,0.7758587728069828,-0.6309066211876704,2013-05-11,30.75
2013-05-11,34.0,34.285714285714285,34.5,32.857142857142854,31.142857142857142,30.0,27.714285714285715,26.0,31.428571428571427,9.528571428571428,8.985714285714284,2.914285714285714,1000.1428571428572,1000.8571428571428,999.0,33.41326530612245,0.8110386237250979,32.0812074829932,1.7059036006111983,30.672857142857143,2.0047881440155284,6.0,132.0,5.0,-0.7818314824680299,0.6234898018587334,0.7648913904341225,-0.6441592666722685,2013-05-12,29.857142857142858
2013-05-12,30.75,34.0,34.285714285714285,32.625,30.571428571428573,28.857142857142858,30.375,27.714285714285715,31.125,14.8125,9.528571428571428,3.0125,999.875,1000.1428571428572,1000.625,33.11224489795918,1.297184053033367,32.0531462585034,1.7256432508350383,30.697857142857142,2.00078048439108,0.0,133.0,5.0,0.0,1.0,0.753697664392914,-0.6572212950663319,2013-05-13,31.714285714285715
2013-05-13,29.857142857142858,30.75,34.0,32.75,32.125,30.2,40.142857142857146,30.375,39.25,5.828571428571428,14.8125,3.7,1003.7142857142856,999.875,1001.625,32.71683673469388,1.796290956441724,32.002125850340136,1.7824460433065947,30.731190476190477,1.9772481046256325,1.0,134.0,5.0,0.7818314824680298,0.6234898018587336,0.742280907086982,-0.6700888411055113,2013-05-14,32.285714285714285
2013-05-14,31.714285714285715,29.857142857142858,30.75,32.875,31.142857142857142,28.25,34.0,40.142857142857146,33.25,3.971428571428572,5.828571428571428,7.175000000000001,1003.5714285714286,1003.7142857142856,1002.0,32.56887755102041,1.8353352331063122,31.972789115646258,1.7836476354353938,30.781666666666663,1.9825416419607509,2.0,135.0,5.0,0.9749279121818236,-0.22252093395631434,0.7306444969184916,-0.6827580970759147,2013-05-15,33.0
2013-05-15,32.285714285714285,31.714285714285715,29.857142857142858,34.5,31.857142857142858,28.25,34.285714285714285,34.0,23.0,4.771428571428571,3.971428571428572,9.25,1001.5714285714286,1003.5714285714286,1001.1666666666666,32.48469387755102,1.8324662230714457,32.054421768707485,1.76883329992679,30.916190476190476,1.9413254712156764,3.0,136.0,5.0,0.43388373911755823,-0.900968867902419,0.7187918772884232,-0.6952253139408722,2013-05-16,33.0
2013-05-16,33.0,32.285714285714285,31.714285714285715,34.285714285714285,29.83333333333333,32.125,33.0,34.285714285714285,26.0,3.2375000000000003,4.771428571428571,8.985714285714284,999.8571428571428,1001.5714285714286,1000.8571428571428,32.27040816326531,1.6345360102799251,32.136054421768705,1.785323304485202,31.074523809523807,1.90982216281128,4.0,137.0,5.0,-0.433883739117558,-0.9009688679024191,0.7067265555776158,-0.7074868024503348,2013-05-17,32.833333333333336
2013-05-17,33.0,33.0,32.285714285714285,34.0,28.571428571428573,29.2,34.75,33.0,27.714285714285715,7.175000000000001,3.2375000000000003,9.528571428571428,998.5,999.8571428571428,1000.1428571428572,32.08673469387755,1.4297401681752027,32.36224489795918,1.6678760936671762,31.103690476190476,1.9329594748716772,5.0,138.0,5.0,-0.9749279121818236,-0.2225209339563146,0.6944521021088763,-0.719538934232584,2013-05-18,31.4
2013-05-18,32.833333333333336,33.0,33.0,30.75,32.857142857142854,30.285714285714285,28.166666666666668,34.75,30.375,9.866666666666667,7.175000000000001,14.8125,1000.3333333333334,998.5,999.875,31.920068027210885,1.2225194370195047,32.66666666666667,1.2624078926496833,31.22480158730159,1.9233701345553054,6.0,139.0,5.0,-0.7818314824680299,0.6234898018587334,0.6819721490904629,-0.7313781428679254,2013-05-19,35.333333333333336
2013-05-19,31.4,32.833333333333336,33.0,29.857142857142858,32.625,28.285714285714285,42.2,28.166666666666668,40.142857142857146,12.966666666666669,9.866666666666667,5.828571428571428,999.0,1000.3333333333334,1003.7142857142856,32.01292517006802,1.1407875251415593,32.5625850340136,1.3048506956807409,31.261944444444445,1.9153522169041264,0.0,140.0,5.0,0.0,1.0,0.6692903895412567,-0.7430009249440493,2013-05-20,36.4
2013-05-20,35.333333333333336,31.4,32.833333333333336,31.714285714285715,32.75,30.625,22.33333333333333,42.2,34.0,15.749999999999998,12.966666666666669,3.971428571428572,999.6666666666666,999.0,1003.5714285714286,32.7952380952381,1.284652706950558,32.75603741496598,1.5008581230723381,31.49686507936508,1.9691699609197728,1.0,141.0,5.0,0.7818314824680298,0.6234898018587336,0.6564105761979381,-0.7544038410927472,2013-05-21,36.0
2013-05-21,36.4,35.333333333333336,31.4,32.285714285714285,32.875,27.666666666666668,24.2,22.33333333333333,34.285714285714285,7.4,15.749999999999998,4.771428571428571,998.4,999.6666666666666,1001.5714285714286,33.464625850340134,1.7602692047063193,33.016751700680274,1.7890757411964733,31.689365079365082,2.154547520686612,2.0,142.0,5.0,0.9749279121818236,-0.22252093395631434,0.6433365204044917,-0.765583517007675,2013-05-22,36.75
2013-05-22,36.0,36.4,35.333333333333336,33.0,34.5,27.375,19.0,24.2,33.0,11.371428571428572,7.4,3.2375000000000003,998.6666666666666,998.4,999.8571428571428,33.99523809523809,1.8999443043911315,33.23996598639456,1.9570863022612415,31.967142857142857,2.155224859319741,3.0,143.0,5.0,0.43388373911755823,-0.900968867902419,0.6300720909843687,-0.7765366444428655,2013-05-23,37.5
2013-05-23,36.75,36.0,36.4,33.0,34.285714285714285,28.625,22.125,19.0,34.75,17.5875,11.371428571428572,7.175000000000001,998.625,998.6666666666666,998.5,34.53095238095238,2.091571015330162,33.40068027210884,2.151269289849581,32.27964285714286,2.1460717165221674,4.0,144.0,5.0,-0.433883739117558,-0.9009688679024191,0.6166212130956382,-0.7872599821916922,2013-05-24,38.42857142857143
2013-05-24,37.5,36.75,36.0,32.833333333333336,34.0,30.285714285714285,23.33333333333333,22.125,28.166666666666668,13.566666666666668,17.5875,9.866666666666667,997.1666666666666,998.625,1000.3333333333334,35.173809523809524,2.229595901413036,33.630272108843535,2.4090636149622573,32.57547619047619,2.2347821309656415,5.0,145.0,5.0,-0.9749279121818236,-0.2225209339563146,0.6029878670694714,-0.7977503570459932,2013-05-25,38.71428571428572
2013-05-25,38.42857142857143,37.5,36.75,31.4,30.75,31.142857142857142,27.428571428571427,23.33333333333333,42.2,11.385714285714286,13.566666666666668,12.966666666666669,996.4285714285714,997.1666666666666,999.0,35.97312925170068,2.253510201453066,33.94659863945578,2.73063447860621,32.84690476190476,2.432813003696568,6.0,146.0,5.0,-0.7818314824680299,0.6234898018587334,0.5891760872322963,-0.8080046647350754,2013-05-26,37.8
2013-05-26,38.71428571428572,38.42857142857143,37.5,35.333333333333336,29.857142857142858,29.875,22.428571428571427,27.428571428571427,22.33333333333333,10.314285714285717,11.385714285714286,15.749999999999998,998.1428571428572,996.4285714285714,999.6666666666666,37.01802721088436,1.2535014128555997,34.51547619047619,2.84083728656711,33.09928571428571,2.634324429633408,0.0,147.0,5.0,0.0,1.0,0.5751899607119775,-0.8180198708443174,2013-05-27,35.857142857142854
2013-05-27,37.8,38.71428571428572,38.42857142857143,36.4,31.714285714285715,31.142857142857142,21.2,22.428571428571427,24.2,10.74,10.314285714285717,7.4,998.2,998.1428571428572,998.4,37.37040816326531,1.0272679287669557,35.0828231292517,2.6238009111783334,33.36345238095238,2.696469380067305,1.0,148.0,5.0,0.7818314824680298,0.6234898018587336,0.5610336262283677,-0.8277930117131022,2013-05-28,35.333333333333336
2013-05-28,35.857142857142854,37.8,38.71428571428572,36.0,32.285714285714285,30.571428571428573,31.571428571428573,21.2,19.0,8.72857142857143,10.74,11.371428571428572,999.1428571428572,998.2,998.6666666666666,37.292857142857144,1.1282624652429378,35.37874149659864,2.441986661001389,33.52059523809524,2.69996231815747,2.0,149.0,5.0,0.9749279121818236,-0.22252093395631434,0.5467112728685939,-0.8373211953118121,2013-05-29,34.142857142857146
2013-05-29,35.333333333333336,35.857142857142854,37.8,36.75,33.0,32.125,29.0,31.571428571428573,22.125,8.333333333333334,8.72857142857143,17.5875,1000.1666666666666,999.1428571428572,998.625,37.19761904761905,1.2742722790949055,35.596428571428575,2.2751957207603604,33.6793253968254,2.6602869727237826,3.0,150.0,5.0,0.43388373911755823,-0.900968867902419,0.5322271388474397,-0.8466016020976267,2013-05-30,32.2
2013-05-30,34.142857142857146,35.333333333333336,35.857142857142854,37.5,33.0,31.142857142857142,27.857142857142858,29.0,23.33333333333333,5.557142857142858,8.333333333333334,13.566666666666668,999.4285714285714,1000.1666666666666,997.1666666666666,36.82517006802721,1.727367883699484,35.6780612244898,2.193922312833772,33.746587301587304,2.6450988239505246,4.0,151.0,5.0,-0.433883739117558,-0.9009688679024191,0.5175855102531889,-0.8556314858488706,2013-05-31,33.625
2013-05-31,32.2,34.142857142857146,35.333333333333336,38.42857142857143,32.833333333333336,31.857142857142858,28.2,27.857142857142858,27.428571428571427,5.5600000000000005,5.557142857142858,11.385714285714286,999.6,999.4285714285714,996.4285714285714,36.06802721088435,2.409244155748507,35.62091836734694,2.2778535808488636,33.7818253968254,2.6160984091656934,5.0,152.0,6.0,-0.9749279121818236,-0.2225209339563146,0.5027907197793043,-0.8644081744776648,2013-06-01,32.0
2013-06-01,33.625,32.2,34.142857142857146,38.71428571428572,31.4,29.83333333333333,40.125,28.2,22.428571428571427,10.6375,5.5600000000000005,10.314285714285717,998.7142857142856,999.6,998.1428571428572,35.381802721088434,2.3067520098161816,35.67746598639456,2.2122093569620325,33.84075396825397,2.591040063687321,6.0,153.0,6.0,-0.7818314824680299,0.6234898018587334,0.4878471454423119,-0.8729290708206411,2013-06-02,32.4
2013-06-02,32.0,33.625,32.2,37.8,35.333333333333336,28.571428571428573,54.0,40.125,21.2,13.4375,10.6375,10.74,998.75,998.7142857142856,998.2,34.422619047619044,2.0743489949462255,35.7203231292517,2.1271439797568776,33.91297619047619,2.504228446684449,0.0,154.0,6.0,0.0,1.0,0.47275920928627757,-0.881191653407483,2013-06-03,35.6
2013-06-03,32.4,32.0,33.625,35.857142857142854,36.4,32.857142857142854,56.6,54.0,31.571428571428573,14.2,13.4375,8.72857142857143,1001.0,998.75,999.1428571428572,33.65119047619048,1.5457529958770928,35.510799319727894,2.305208501230714,34.040595238095236,2.3128726028190902,1.0,155.0,6.0,0.7818314824680298,0.6234898018587336,0.4575313760742512,-0.8891934772070711,2013-06-04,35.857142857142854
2013-06-04,35.6,32.4,32.0,35.333333333333336,36.0,32.625,47.0,56.6,29.0,12.239999999999998,14.2,8.333333333333334,999.6,1001.0,1000.1666666666666,33.61445578231292,1.4865116063286872,35.45365646258504,2.291344678597011,34.13202380952381,2.318682881118211,2.0,156.0,6.0,0.9749279121818236,-0.22252093395631434,0.44216815196707204,-0.8969321743510065,2013-06-05,37.16666666666666
2013-06-05,35.857142857142854,35.6,32.4,34.142857142857146,36.75,32.75,42.57142857142857,47.0,27.857142857142858,5.028571428571429,12.239999999999998,5.557142857142858,999.8571428571428,999.6,999.4285714285714,33.68928571428572,1.5965697178468434,35.44345238095238,2.2890414176701794,34.2397619047619,2.3213336598004153,3.0,157.0,6.0,0.43388373911755823,-0.900968867902419,0.42667408318992467,-0.9044054548343001,2013-06-06,31.285714285714285
2013-06-06,37.16666666666666,35.857142857142854,35.6,32.2,37.5,32.875,36.5,42.57142857142857,28.2,9.866666666666664,5.028571428571429,5.5600000000000005,998.0,999.8571428571428,999.6,34.12125850340136,2.076634175658788,35.473214285714285,2.309949016312557,34.386984126984125,2.363269639747739,4.0,158.0,6.0,-0.433883739117558,-0.9009688679024191,0.4110537546870351,-0.9116111071930239,2013-06-07,34.0
2013-06-07,31.285714285714285,37.16666666666666,35.857142857142854,33.625,38.42857142857143,34.5,61.71428571428572,36.5,40.125,10.042857142857144,9.866666666666664,10.6375,997.2857142857144,998.0,998.7142857142856,33.990646258503396,2.2399448230194547,35.02933673469388,2.481239639741087,34.33400793650794,2.415566205060246,5.0,159.0,6.0,-0.9749279121818236,-0.2225209339563146,0.3953117887649151,-0.9185469991587165,2013-06-08,34.2
2013-06-08,34.0,31.285714285714285,37.16666666666666,32.0,38.71428571428572,34.285714285714285,49.25,61.71428571428572,54.0,7.412500000000001,10.042857142857144,13.4375,998.0,997.2857142857144,998.75,34.04421768707483,2.2342193969198765,34.713010204081634,2.2894240948905917,34.317341269841265,2.416106280796469,6.0,160.0,6.0,-0.7818314824680299,0.6234898018587334,0.37945284372454435,-0.925211078289358,2013-06-09,36.16666666666666
2013-06-09,34.2,34.0,31.285714285714285,32.4,37.8,34.0,57.4,49.25,56.6,13.34,7.412500000000001,14.2,997.0,998.0,1001.0,34.358503401360544,2.0455004068638174,34.390561224489794,1.9794397393090801,34.31448412698413,2.4161956492811103,0.0,161.0,6.0,0.0,1.0,0.36348161248290634,-0.9316013725767187,2013-06-10,36.625
2013-06-10,36.16666666666666,34.2,34.0,35.6,35.857142857142854,30.75,40.0,57.4,47.0,11.416666666666666,13.34,12.239999999999998,995.1666666666666,997.0,999.6,34.89659863945578,1.936978958366028,34.273894557823134,1.8033320459307476,34.38670634920636,2.4387478377320693,1.0,162.0,6.0,0.7818314824680298,0.6234898018587336,0.3474028211842774,-0.9377159910299093,2013-06-11,30.166666666666668
2013-06-11,36.625,36.16666666666666,34.2,35.857142857142854,35.333333333333336,29.857142857142858,42.75,40.0,42.57142857142857,8.100000000000001,11.416666666666666,5.028571428571429,995.125,995.1666666666666,999.8571428571428,35.043027210884354,2.0352654787651088,34.32874149659864,1.8657848645807604,34.58253968253969,2.371606788574265,2.0,163.0,6.0,0.9749279121818236,-0.22252093395631434,0.3312212278016865,-0.9435531242349544,2013-06-12,34.142857142857146
2013-06-12,30.166666666666668,36.625,36.16666666666666,37.16666666666666,34.142857142857146,31.714285714285715,61.66666666666666,42.75,36.5,16.349999999999998,8.100000000000001,9.866666666666664,1000.0,995.125,998.0,34.23010204081633,2.6877502972165868,33.95969387755102,2.142283239038619,34.59285714285714,2.3509235886023205,3.0,164.0,6.0,0.43388373911755823,-0.900968867902419,0.31494162072895193,-0.9491110448902284,2013-06-13,29.83333333333333
2013-06-13,34.142857142857146,30.166666666666668,36.625,31.285714285714285,32.2,32.285714285714285,54.142857142857146,61.66666666666666,61.71428571428572,7.4142857142857155,16.349999999999998,10.042857142857144,998.0,1000.0,997.2857142857144,33.79812925170068,2.3601555880138183,33.95969387755102,2.142283239038619,34.673809523809524,2.289391861391128,4.0,165.0,6.0,-0.433883739117558,-0.9009688679024191,0.2985688173637202,-0.9543881083175908,2013-06-14,30.142857142857142
2013-06-14,29.83333333333333,34.142857142857146,30.166666666666668,34.0,33.625,33.0,68.66666666666667,54.142857142857146,49.25,9.866666666666664,7.4142857142857155,7.412500000000001,998.6666666666666,998.0,998.0,33.590646258503405,2.6623310514010208,33.7906462585034,2.372797061317522,34.592063492063495,2.4177852235428414,5.0,166.0,6.0,-0.9749279121818236,-0.2225209339563146,0.2821076626819194,-0.9593827529490743,2013-06-15,30.714285714285715
2013-06-15,30.142857142857142,29.83333333333333,34.142857142857146,34.2,32.0,33.0,68.14285714285714,68.66666666666667,57.4,7.942857142857142,9.866666666666664,13.34,997.4285714285714,998.6666666666666,997.0,33.03962585034014,2.9473817373031572,33.54192176870748,2.566125321723748,34.4968253968254,2.5360404812919954,6.0,167.0,6.0,-0.7818314824680299,0.6234898018587334,0.26556302780405594,-0.9640935007889755,2013-06-16,27.0
2013-06-16,30.714285714285715,30.142857142857142,29.83333333333333,36.16666666666666,32.4,32.833333333333336,65.0,68.14285714285714,40.0,13.22857142857143,7.942857142857142,11.416666666666666,997.8571428571428,997.4285714285714,995.1666666666666,32.541666666666664,3.012400752811688,33.450085034013604,2.6472760496839896,34.420634920634924,2.615645953589484,0.0,168.0,6.0,0.0,1.0,0.24893980855376657,-0.9685189578512204,2013-06-17,26.875
2013-06-17,27.0,30.714285714285715,30.142857142857142,36.625,35.6,31.4,88.85714285714286,65.0,42.75,8.485714285714286,13.22857142857143,8.100000000000001,996.4285714285714,997.8571428571428,995.125,31.232142857142858,3.162615635928559,33.06437074829932,3.1564704912350057,34.226190476190474,2.9350353691012216,1.0,169.0,6.0,0.7818314824680298,0.6234898018587336,0.23224292400907015,-0.9726578145718654,2013-06-18,28.4
2013-06-18,26.875,27.0,30.714285714285715,30.166666666666668,35.857142857142854,35.333333333333336,87.375,88.85714285714286,61.66666666666666,8.3375,8.485714285714286,16.349999999999998,994.75,996.4285714285714,1000.0,29.839285714285715,2.4608350390042877,32.441156462585035,3.4637055237846432,34.07535714285714,3.1904419426574613,2.0,170.0,6.0,0.9749279121818236,-0.22252093395631434,0.21547731504673012,-0.976508846196619,2013-06-19,29.857142857142858
2013-06-19,28.4,26.875,27.0,34.142857142857146,37.16666666666666,36.4,83.6,87.375,54.142857142857146,5.18,8.3375,7.4142857142857155,996.4,994.75,998.0,29.586904761904766,2.511730698099071,31.908503401360544,3.47135796924017,33.84424603174603,3.3436170695581264,3.0,171.0,6.0,0.43388373911755823,-0.900968867902419,0.19864794288017112,-0.9800709131432666,2013-06-20,33.0
2013-06-20,29.857142857142858,28.4,26.875,29.83333333333333,31.285714285714285,36.0,72.85714285714286,83.6,68.66666666666667,4.228571428571429,5.18,9.866666666666664,999.0,996.4,998.6666666666666,28.974659863945572,1.5569824674517232,31.386394557823127,3.154943277469533,33.626150793650794,3.38430263544268,4.0,172.0,6.0,-0.433883739117558,-0.9009688679024191,0.18175978759137534,-0.9833429613388902,2013-06-21,34.833333333333336
2013-06-21,33.0,29.857142857142858,28.4,30.142857142857142,34.0,36.75,52.71428571428572,72.85714285714286,68.14285714285714,4.771428571428571,4.228571428571429,7.942857142857142,997.1666666666666,999.0,997.4285714285714,29.427040816326528,2.1824554147822006,31.50884353741497,3.1838697494865293,33.52615079365079,3.355944444289497,5.0,173.0,6.0,-0.9749279121818236,-0.2225209339563146,0.16481784665719793,-0.9863240225317866,2013-06-22,35.6
2013-06-22,34.833333333333336,33.0,29.857142857142858,30.714285714285715,34.2,37.5,47.333333333333336,52.71428571428572,65.0,5.866666666666667,4.771428571428571,13.22857142857143,995.3333333333334,997.1666666666666,997.8571428571428,30.097108843537416,3.0042008772039215,31.568367346938775,3.241297393014616,33.4622619047619,3.3103890752923713,6.0,174.0,6.0,-0.7818314824680299,0.6234898018587334,0.14782713347053048,-0.9890132145779883,2013-06-23,35.166666666666664
2013-06-23,35.6,34.833333333333336,33.0,27.0,36.16666666666666,38.42857142857143,39.4,47.333333333333336,88.85714285714286,10.74,5.866666666666667,8.485714285714286,996.2,995.3333333333334,996.4285714285714,30.795068027210885,3.666110838911934,31.668367346938776,3.348555207365788,33.39892857142857,3.248064999399506,0.0,175.0,6.0,0.0,1.0,0.13079267585675922,-0.9914097417023038,2013-06-24,33.142857142857146
2013-06-24,35.166666666666664,35.6,34.833333333333336,26.875,36.625,38.71428571428572,53.0,39.4,87.375,8.350000000000001,10.74,8.3375,995.6666666666666,996.2,994.75,31.961734693877553,3.5548738293288014,31.596938775510203,3.254566714482314,33.290198412698416,3.126200647970822,1.0,176.0,6.0,0.7818314824680298,0.6234898018587336,0.11371951458594969,-0.9935128947338007,2013-06-25,30.571428571428573
2013-06-25,33.142857142857146,35.166666666666664,35.6,28.4,30.166666666666668,37.8,55.0,53.0,83.6,13.22857142857143,8.350000000000001,5.18,996.2857142857144,995.6666666666666,996.4,32.857142857142854,2.760756466271875,31.348214285714285,2.9605226695889866,33.104484126984126,2.953589731547773,2.0,177.0,6.0,0.9749279121818236,-0.22252093395631434,0.0966127018812031,-0.9953220513156602,2013-06-26,30.666666666666668
2013-06-26,30.571428571428573,33.142857142857146,35.166666666666664,29.857142857142858,34.142857142857146,35.857142857142854,70.42857142857143,55.0,72.85714285714286,11.114285714285716,13.22857142857143,4.228571428571429,999.1666666666666,996.2857142857144,999.0,33.16734693877551,2.251497240263305,31.37712585034014,2.950054330305794,32.86353174603175,2.850371036972972,3.0,178.0,6.0,0.43388373911755823,-0.900968867902419,0.07947729992362097,-0.9968366760893436,2013-06-27,31.428571428571427
2013-06-27,30.666666666666668,30.571428571428573,33.142857142857146,33.0,29.83333333333333,35.333333333333336,71.5,70.42857142857143,52.71428571428572,6.483333333333333,11.114285714285716,4.771428571428571,999.0,999.1666666666666,997.1666666666666,33.28299319727891,2.066307951354932,31.128826530612248,2.8437382508511697,32.690515873015876,2.8197597741096434,4.0,179.0,6.0,-0.433883739117558,-0.9009688679024191,0.062318379354325076,-0.998056320853012,2013-06-28,31.5
2013-06-28,31.428571428571427,30.666666666666668,30.571428571428573,34.833333333333336,30.142857142857142,34.142857142857146,61.85714285714285,71.5,47.333333333333336,7.957142857142856,6.483333333333333,5.866666666666667,996.7142857142856,999.0,995.3333333333334,33.05850340136054,2.184177822669417,31.242772108843536,2.8196943119107116,32.56035714285714,2.7834491820843086,5.0,180.0,6.0,-0.9749279121818236,-0.2225209339563146,0.04514101777397193,-0.9989806246941579,2013-06-29,33.25
2013-06-29,31.5,31.428571428571427,30.666666666666668,35.6,30.714285714285715,32.2,64.25,61.85714285714285,39.4,8.8125,7.957142857142856,10.74,996.0,996.7142857142856,996.2,32.582312925170065,2.09425430418442,31.33971088435374,2.802246099840204,32.4722619047619,2.7734412771692805,6.0,181.0,6.0,-0.7818314824680299,0.6234898018587334,0.02795029824021032,-0.999609314096404,2013-06-30,32.833333333333336
2013-06-30,33.25,31.5,31.428571428571427,35.166666666666664,27.0,33.625,57.0,64.25,53.0,13.875,8.8125,8.350000000000001,995.25,996.0,995.6666666666666,32.24659863945578,1.6765961907209799,31.520833333333332,2.8404002255040672,32.507261904761904,2.776510579966335,0.0,182.0,7.0,0.0,1.0,0.01075130776352193,-0.9999422030204416,2013-07-01,33.857142857142854
2013-07-01,32.833333333333336,33.25,31.5,33.142857142857146,26.875,32.0,52.16666666666666,57.0,55.0,10.5,13.875,13.22857142857143,997.1666666666666,995.25,996.2857142857144,31.913265306122447,1.147862597767636,31.9375,2.53796589357324,32.480873015873016,2.7692736004016574,1.0,183.0,7.0,0.7818314824680298,0.6234898018587336,-0.00645086419810515,-0.9999791929590823,2013-07-02,33.142857142857146
2013-07-02,33.857142857142854,32.833333333333336,33.25,30.571428571428573,28.4,32.4,54.0,52.16666666666666,70.42857142857143,8.728571428571428,10.5,11.114285714285716,996.4285714285714,997.1666666666666,999.1666666666666,32.01530612244898,1.297395391489141,32.43622448979592,2.1178813472812203,32.54277777777778,2.778894134889439,2.0,184.0,7.0,0.9749279121818236,-0.22252093395631434,-0.023651127245231586,-0.9997202729664083,2013-07-03,31.571428571428573
2013-07-03,33.142857142857146,33.857142857142854,32.833333333333336,30.666666666666668,29.857142857142858,35.6,58.285714285714285,54.0,71.5,9.8,8.728571428571428,6.483333333333333,996.0,996.4285714285714,999.0,32.38265306122449,1.1790809498950265,32.775,1.7739988713258492,32.56753968253968,2.7808869892815617,3.0,185.0,7.0,0.43388373911755823,-0.900968867902419,-0.04084439154329611,-0.9991655196610109,2013-07-04,32.375
2013-07-04,31.571428571428573,33.142857142857146,33.857142857142854,31.428571428571427,33.0,35.857142857142854,70.0,58.285714285714285,61.85714285714285,6.357142857142857,9.8,7.957142857142856,997.5714285714286,996.0,996.7142857142856,32.511904761904766,0.9948136483841268,32.897448979591836,1.6085520790248695,32.433253968253965,2.726132053018678,4.0,186.0,7.0,-0.433883739117558,-0.9009688679024191,-0.05802556932878035,-0.9983150972033183,2013-07-05,32.8
2013-07-05,32.375,31.571428571428573,33.142857142857146,31.5,34.833333333333336,37.16666666666666,67.5,70.0,64.25,9.25,6.357142857142857,8.8125,997.0,997.5714285714286,996.0,32.64710884353742,0.8808230967829825,32.852806122448975,1.6141502103615595,32.31718253968254,2.648345509870079,5.0,187.0,7.0,-0.9749279121818236,-0.2225209339563146,-0.07518957641475855,-0.9971692572470178,2013-07-06,31.0
2013-07-06,32.8,32.375,31.571428571428573,33.25,35.6,31.285714285714285,62.2,67.5,57.0,12.96,9.25,13.875,997.8,997.0,995.25,32.83282312925171,0.7212471146484526,32.70756802721088,1.5103803574477175,32.17162698412698,2.4877514293956646,6.0,188.0,7.0,-0.7818314824680299,0.6234898018587334,-0.09233133369539122,-0.9957283388645872,2013-07-07,31.166666666666668
2013-07-07,31.0,32.8,32.375,32.833333333333336,35.166666666666664,34.0,73.14285714285714,62.2,52.16666666666666,11.37142857142857,12.96,10.5,1000.5714285714286,997.8,997.1666666666666,32.51139455782313,0.9646393279572331,32.37899659863945,1.321259072977857,32.162103174603175,2.491803497618952,0.0,189.0,7.0,0.0,1.0,-0.10944576864891556,-0.993992768446958,2013-07-08,29.83333333333333
2013-07-08,31.166666666666668,31.0,32.8,33.857142857142854,33.142857142857146,34.2,77.33333333333333,73.14285714285714,54.0,7.1000000000000005,11.37142857142857,8.728571428571428,1000.1666666666666,1000.5714285714286,996.4285714285714,32.27329931972789,1.0716807148510856,32.093282312925176,1.0830943671496516,32.06765873015873,2.4733677443125837,1.0,190.0,7.0,0.7818314824680298,0.6234898018587336,-0.12652781683868314,-0.9919630595773397,2013-07-09,29.0
2013-07-09,29.83333333333333,31.166666666666668,31.0,33.142857142857146,30.571428571428573,36.16666666666666,75.16666666666667,77.33333333333333,58.285714285714285,6.483333333333334,7.1000000000000005,9.8,997.5,1000.1666666666666,996.0,31.6984693877551,1.1563494884340981,31.85688775510204,1.1920771449978431,31.922103174603176,2.4720411087336913,2.0,191.0,7.0,0.9749279121818236,-0.22252093395631434,-0.1435724234118113,-0.9896398128792412,2013-07-10,29.75
2013-07-10,29.0,29.83333333333333,31.166666666666668,31.571428571428573,30.666666666666668,36.625,78.83333333333333,75.16666666666667,70.0,8.016666666666667,6.483333333333334,6.357142857142857,996.8333333333334,997.5,997.5714285714286,31.106632653061222,1.3395553268555038,31.744642857142857,1.3813772516489582,31.68321428571429,2.392725763085361,3.0,192.0,7.0,0.43388373911755823,-0.900968867902419,-0.16057454459499376,-0.9870237158387383,2013-07-11,32.5
2013-07-11,29.75,29.0,29.83333333333333,32.375,31.428571428571427,30.166666666666668,75.375,78.83333333333333,67.5,6.4875,8.016666666666667,9.25,995.75,996.8333333333334,997.0,30.846428571428568,1.4093097957969054,31.679166666666667,1.4561061897799041,31.45404761904762,2.2265599826814824,4.0,193.0,7.0,-0.433883739117558,-0.9009688679024191,-0.17752914918703497,-0.984115542601034,2013-07-12,28.875
2013-07-12,32.5,29.75,29.0,32.8,31.5,34.142857142857146,65.5,75.375,62.2,7.116666666666667,6.4875,12.96,997.3333333333334,995.75,997.8,30.864285714285717,1.432507144686104,31.755697278911565,1.4700120452176997,31.5318253968254,2.2207850159351743,5.0,194.0,7.0,-0.9749279121818236,-0.2225209339563146,-0.19443122004766195,-0.9809161537413774,2013-07-13,31.75
2013-07-13,28.875,32.5,29.75,31.0,33.25,29.83333333333333,86.625,65.5,73.14285714285714,5.562500000000001,7.116666666666667,11.37142857142857,1000.0,997.3333333333334,1000.5714285714286,30.303571428571427,1.311609990506244,31.568197278911565,1.6602365119833,31.35623015873016,2.215470062243681,6.0,195.0,7.0,-0.7818314824680299,0.6234898018587334,-0.2112757555821793,-0.9774264960104055,2013-07-14,30.75
2013-07-14,31.75,28.875,32.5,31.166666666666668,32.833333333333336,30.142857142857142,70.25,86.625,77.33333333333333,12.0625,5.562500000000001,7.1000000000000005,998.875,1000.0,1000.1666666666666,30.410714285714285,1.4052704554320046,31.461054421768704,1.5902802398274258,31.42011904761905,2.197602977443824,0.0,196.0,7.0,0.0,1.0,-0.2280577712215198,-0.9736476020539838,2013-07-15,31.75
2013-07-15,30.75,31.75,28.875,29.83333333333333,33.857142857142854,30.714285714285715,71.625,70.25,75.16666666666667,4.8125,12.0625,6.483333333333334,997.375,998.875,997.5,30.351190476190474,1.376442245053629,31.312244897959182,1.5489280480317877,31.440357142857142,2.1882104221556586,1.0,197.0,7.0,0.7818314824680298,0.6234898018587336,-0.24477230089725957,-0.9695805901076308,2013-07-16,29.875
2013-07-16,31.75,30.75,31.75,29.0,33.142857142857146,27.0,73.25,71.625,78.83333333333333,13.5375,4.8125,8.016666666666667,998.375,997.375,996.8333333333334,30.625,1.445178766335391,31.161734693877552,1.3752564146643855,31.474880952380953,2.184527273680458,2.0,198.0,7.0,0.9749279121818236,-0.22252093395631434,-0.2614143985111562,-0.965226663665613,2013-07-17,31.125
2013-07-17,29.875,31.75,30.75,29.75,31.571428571428573,26.875,83.875,73.25,75.375,9.0,13.5375,6.4875,999.0,998.375,995.75,30.75,1.3129959380490661,30.928316326530613,1.2876739558226178,31.57071428571429,2.0397106079779515,3.0,199.0,7.0,0.43388373911755823,-0.900968867902419,-0.2779791393987801,-0.9605871111248129,2013-07-18,31.75
2013-07-18,31.125,29.875,31.75,32.5,32.375,28.4,78.375,83.875,65.5,8.65,9.0,7.116666666666667,998.0,999.0,997.3333333333334,30.946428571428573,1.2392393980641094,30.896428571428572,1.2759976584698107,31.712380952380954,1.8401556043905734,4.0,200.0,7.0,-0.433883739117558,-0.9009688679024191,-0.2944616217868012,-0.9556633054034704,2013-07-19,30.5
2013-07-19,31.75,31.125,29.875,28.875,32.8,29.857142857142858,76.0,78.375,86.625,5.550000000000001,8.65,5.562500000000001,995.0,998.0,1000.0,30.839285714285715,1.1080065755349036,30.851785714285715,1.2304070385300925,31.824047619047622,1.7306015606344898,5.0,201.0,7.0,-0.9749279121818236,-0.2225209339563146,-0.3108569682435036,-0.9504567035349151,2013-07-20,26.83333333333333
2013-07-20,30.5,31.75,31.125,31.75,31.0,33.0,73.5,76.0,70.25,9.266666666666666,5.550000000000001,12.0625,995.3333333333334,995.0,998.875,31.071428571428573,0.7354744176704092,30.6875,1.0965356772369022,31.84547619047619,1.7092555682815536,6.0,202.0,7.0,-0.7818314824680299,0.6234898018587334,-0.3271603271220951,-0.9449688462364056,2013-07-21,28.2
2013-07-21,26.83333333333333,30.5,31.75,30.75,31.166666666666668,34.833333333333336,90.66666666666669,73.5,71.625,4.933333333333333,9.266666666666666,4.8125,999.1666666666666,995.3333333333334,997.375,30.36904761904762,1.697702111772701,30.389880952380953,1.4973808278832155,31.639920634920635,1.9230555924182449,0.0,203.0,7.0,0.0,1.0,-0.34336687399638804,-0.939201357453208,2013-07-22,29.5
2013-07-22,28.2,26.83333333333333,30.5,31.75,29.83333333333333,35.6,88.0,90.66666666666669,73.25,2.24,4.933333333333333,13.5375,996.4,999.1666666666666,998.375,30.0047619047619,1.8674344721934804,30.177976190476187,1.5862746200863314,31.41880952380952,1.9245653978089932,1.0,204.0,7.0,0.7818314824680298,0.6234898018587336,-0.3594718130884232,-0.9331559438780432,2013-07-23,31.857142857142858
2013-07-23,29.5,28.2,26.83333333333333,29.875,29.0,35.166666666666664,80.33333333333333,88.0,83.875,4.333333333333333,2.24,9.0,996.8333333333334,996.4,999.0,29.68333333333333,1.7034075326304812,30.154166666666665,1.5943267139894928,31.215476190476192,1.7847413605725237,2.0,205.0,7.0,0.9749279121818236,-0.22252093395631434,-0.3754703786876202,-0.9268343944460494,2013-07-24,29.714285714285715
2013-07-24,31.857142857142858,29.5,28.2,31.125,29.75,33.142857142857146,70.71428571428571,80.33333333333333,78.375,3.971428571428572,4.333333333333333,8.65,998.0,996.8333333333334,998.0,29.966496598639452,1.8945986832878206,30.35824829931973,1.617912866202407,31.10515873015873,1.6274422673213278,3.0,206.0,7.0,0.43388373911755823,-0.900968867902419,-0.3913578365610259,-0.9202385798054075,2013-07-25,28.33333333333333
2013-07-25,29.714285714285715,31.857142857142858,29.5,31.75,32.5,30.571428571428573,84.14285714285714,70.71428571428571,76.0,3.971428571428571,3.971428571428572,5.550000000000001,997.1428571428572,998.0,995.0,29.76496598639456,1.8245640168642845,30.355697278911567,1.6189734939515357,30.990873015873017,1.599557674429162,4.0,207.0,7.0,-0.433883739117558,-0.9009688679024191,-0.4071294853542516,-0.9133704517637858,2013-07-26,30.0
2013-07-26,28.33333333333333,29.714285714285715,31.857142857142858,30.5,28.875,30.666666666666668,84.5,84.14285714285714,73.5,8.016666666666667,3.971428571428571,9.266666666666666,995.1666666666666,997.1428571428572,995.3333333333334,29.27687074829932,1.6540735774544364,30.058078231292516,1.57689616426011,30.916269841269845,1.670417791776318,5.0,208.0,7.0,-0.9749279121818236,-0.2225209339563146,-0.4227806579826773,-0.9062320427107697,2013-07-27,30.142857142857142
2013-07-27,30.0,28.33333333333333,29.714285714285715,26.83333333333333,31.75,31.428571428571427,73.85714285714286,84.5,90.66666666666669,5.571428571428572,8.016666666666667,4.933333333333333,995.4285714285714,995.1666666666666,999.1666666666666,29.205442176870747,1.6024415153333234,30.13843537414966,1.5402076998058223,30.89404761904762,1.6782688765288527,6.0,209.0,7.0,-0.7818314824680299,0.6234898018587334,-0.4383067230125192,-0.898825465016444,2013-07-28,32.285714285714285
2013-07-28,30.142857142857142,30.0,28.33333333333333,28.2,30.75,31.5,79.0,73.85714285714286,88.0,4.228571428571429,5.571428571428572,2.24,997.2857142857144,995.4285714285714,996.4,29.678231292517008,1.2311276997218419,30.023639455782313,1.4691049716264417,30.851190476190478,1.6805630791144046,0.0,210.0,7.0,0.0,1.0,-0.45370308603134424,-0.8911529104063088,2013-07-29,31.0
2013-07-29,32.285714285714285,30.142857142857142,30.0,29.5,31.75,33.25,67.42857142857143,79.0,80.33333333333333,6.085714285714286,4.228571428571429,4.333333333333333,998.1428571428572,997.2857142857144,996.8333333333334,30.261904761904763,1.3737496892144556,30.133333333333333,1.5806139720119718,30.877380952380957,1.6970644243781106,1.0,211.0,7.0,0.7818314824680298,0.6234898018587336,-0.46896519100763184,-0.8832166493127127,2013-07-30,30.5
2013-07-30,31.0,32.285714285714285,30.142857142857142,31.857142857142858,29.875,32.833333333333336,77.42857142857143,67.42857142857143,70.71428571428571,4.771428571428571,6.085714285714286,3.971428571428572,997.1428571428572,998.1428571428572,998.0,30.476190476190478,1.3519113872931918,30.079761904761906,1.5336168486325288,30.802380952380954,1.6372576571386872,2.0,212.0,7.0,0.9749279121818236,-0.22252093395631434,-0.48408852163897587,-0.8750190302029955,2013-07-31,28.83333333333333
2013-07-31,30.5,31.0,32.285714285714285,29.714285714285715,31.125,33.857142857142854,75.66666666666667,77.42857142857143,84.14285714285714,8.016666666666667,4.771428571428571,3.971428571428571,996.5,997.1428571428572,997.1428571428572,30.282312925170068,1.210812693744461,30.124404761904763,1.5362922181132117,30.72460317460318,1.5922544375724295,3.0,213.0,8.0,0.43388373911755823,-0.900968867902419,-0.4990686026885319,-0.8665624788845385,2013-08-01,30.0
2013-08-01,28.83333333333333,30.5,31.0,28.33333333333333,31.75,33.142857142857146,78.5,75.66666666666667,84.5,9.866666666666664,8.016666666666667,8.016666666666667,996.6666666666666,996.5,995.1666666666666,30.15646258503401,1.3205064094546008,29.960714285714285,1.5435491003601887,30.557142857142857,1.5136819649245474,4.0,214.0,8.0,-0.433883739117558,-0.9009688679024191,-0.5139010013093103,-0.8578494977869301,2013-08-02,31.571428571428573
2013-08-02,30.0,28.83333333333333,30.5,30.0,30.5,31.571428571428573,73.5,78.5,73.85714285714286,5.550000000000001,9.866666666666664,5.571428571428572,998.0,996.6666666666666,995.4285714285714,30.39455782312925,1.0619383173979173,29.835714285714285,1.4558719229355204,30.452380952380953,1.4352819947894333,5.0,215.0,8.0,-0.9749279121818236,-0.2225209339563146,-0.5285813283559292,-0.8488826652214553,2013-08-03,32.5
2013-08-03,31.571428571428573,30.0,28.83333333333333,30.142857142857142,26.83333333333333,32.375,66.42857142857143,73.5,79.0,11.114285714285716,5.550000000000001,4.228571428571429,999.4285714285714,998.0,997.2857142857144,30.61904761904762,1.1286317042372835,29.91224489795918,1.5202163614933277,30.452380952380953,1.4352819947894333,6.0,216.0,8.0,-0.7818314824680299,0.6234898018587334,-0.5431052396834317,-0.8396646346181327,2013-08-04,32.5
2013-08-04,32.5,31.571428571428573,30.0,32.285714285714285,28.2,32.8,62.333333333333336,66.42857142857143,67.42857142857143,10.816666666666665,11.114285714285716,6.085714285714286,1000.8333333333334,999.4285714285714,998.1428571428572,30.95578231292517,1.3013038240054724,30.31700680272109,1.3858316155478951,30.45654761904762,1.441225013672298,0.0,217.0,8.0,0.0,1.0,-0.5574684374327892,-0.8301981337405212,2013-08-05,29.5
2013-08-05,32.5,32.5,31.571428571428573,31.0,29.5,31.0,62.5,62.333333333333336,77.42857142857143,5.1,10.816666666666665,4.771428571428571,993.25,1000.8333333333334,997.1428571428572,30.98639455782313,1.3397561532042397,30.624149659863946,1.3567468920280705,30.446547619047617,1.425357610692783,1.0,218.0,8.0,0.7818314824680298,0.6234898018587336,-0.5716666713027052,-0.8204859638785327,2013-08-06,27.166666666666668
2013-08-06,29.5,32.5,32.5,30.5,31.857142857142858,31.166666666666668,77.0,62.5,75.66666666666667,6.783333333333334,5.1,8.016666666666667,1001.0,993.25,996.5,30.772108843537413,1.4524367113195529,30.624149659863946,1.3567468920280705,30.396547619047617,1.4315692871036862,2.0,219.0,8.0,0.9749279121818236,-0.22252093395631434,-0.5856957398073508,-0.8105309990194823,2013-08-07,28.375
2013-08-07,27.166666666666668,29.5,32.5,28.83333333333333,29.714285714285715,29.83333333333333,90.66666666666669,77.0,78.5,4.016666666666667,6.783333333333334,9.866666666666664,1002.1666666666666,1001.0,996.6666666666666,30.295918367346935,1.9998042772172382,30.2891156462585,1.5882345069352417,30.263214285714287,1.5395704996153772,3.0,220.0,8.0,0.43388373911755823,-0.900968867902419,-0.5995514915196489,-0.8003361849976323,2013-08-08,28.5
2013-08-08,28.375,27.166666666666668,29.5,30.0,28.33333333333333,29.0,85.25,90.66666666666669,73.5,3.25,4.016666666666667,5.550000000000001,1001.875,1002.1666666666666,998.0,30.23044217687075,2.062202114032209,30.19345238095238,1.6640461312302581,30.214603174603173,1.5761991245544928,4.0,221.0,8.0,-0.433883739117558,-0.9009688679024191,-0.6132298262997502,-0.7899045386224707,2013-08-09,27.166666666666668
2013-08-09,28.5,28.375,27.166666666666668,31.571428571428573,30.0,29.75,84.0,85.25,66.42857142857143,6.166666666666667,3.25,11.114285714285716,1000.5,1001.875,999.4285714285714,30.016156462585034,2.1654854464952793,30.205357142857142,1.650254008827476,30.197936507936507,1.592048957057994,5.0,222.0,8.0,-0.9749279121818236,-0.2225209339563146,-0.6267266965083301,-0.7792391467859886,2013-08-10,29.428571428571427
2013-08-10,27.166666666666668,28.5,28.375,32.5,30.142857142857142,32.5,87.5,84.0,62.333333333333336,3.716666666666667,6.166666666666667,10.816666666666665,1001.0,1000.5,1000.8333333333334,29.386904761904763,2.2754113239416136,30.002976190476193,1.8401808726531448,30.111825396825395,1.6843035253548442,6.0,223.0,8.0,-0.7818314824680299,0.6234898018587334,-0.6400381082043503,-0.7683431655492202,2013-08-11,30.0
2013-08-11,29.428571428571427,27.166666666666668,28.5,32.5,32.285714285714285,28.875,79.85714285714286,87.5,62.5,6.1000000000000005,3.716666666666667,5.1,1000.3333333333334,1001.0,993.25,28.94812925170068,1.8270051391054467,29.951955782312922,1.8458974130589858,30.009444444444444,1.626488441585584,0.0,224.0,8.0,0.0,1.0,-0.65316012232693,-0.7572198192083127,2013-08-12,29.5
2013-08-12,30.0,29.428571428571427,27.166666666666668,29.5,31.0,31.75,76.83333333333333,79.85714285714286,77.0,6.800000000000001,6.1000000000000005,6.783333333333334,1001.1666666666666,1000.3333333333334,1001.0,28.590986394557824,1.1273476087371748,29.788690476190474,1.7204222653863293,30.046944444444442,1.6123383358439978,1.0,225.0,8.0,0.7818314824680298,0.6234898018587336,-0.666088855860977,-0.7458723993404063,2013-08-13,30.75
2013-08-13,29.5,30.0,29.428571428571427,27.166666666666668,30.5,30.75,81.5,76.83333333333333,90.66666666666669,8.350000000000001,6.800000000000001,4.016666666666667,1001.0,1001.1666666666666,1002.1666666666666,28.590986394557824,1.1273476087371748,29.681547619047617,1.685536736448761,29.971944444444443,1.5824404152614657,2.0,226.0,8.0,0.9749279121818236,-0.22252093395631434,-0.6788204829862355,-0.734304263829602,2013-08-14,29.666666666666668
2013-08-14,30.75,29.5,30.0,28.375,28.83333333333333,31.75,72.0,81.5,85.25,11.125,8.350000000000001,3.25,999.25,1001.0,1001.875,29.102891156462587,1.1848912362147868,29.69940476190476,1.696165473461114,29.971944444444443,1.5824404152614657,3.0,227.0,8.0,0.43388373911755823,-0.900968867902419,-0.6913512362094071,-0.722518835873311,2013-08-15,27.714285714285715
2013-08-15,29.666666666666668,30.75,29.5,28.5,30.0,29.875,74.33333333333333,72.0,84.0,9.866666666666667,11.125,6.166666666666667,999.8333333333334,999.25,1000.5,29.287414965986393,1.1527848517273875,29.758928571428573,1.6779587865707386,29.902499999999996,1.5470377634511092,4.0,228.0,8.0,-0.433883739117558,-0.9009688679024191,-0.7036774074790128,-0.7105196029692745,2013-08-16,26.6
2013-08-16,27.714285714285715,29.666666666666668,30.75,27.166666666666668,31.571428571428573,31.125,85.0,74.33333333333333,87.5,8.2,9.866666666666667,3.716666666666667,1001.7142857142856,999.8333333333334,1001.0,29.17517006802721,1.2741008843039554,29.595663265306122,1.7618033833288191,29.83047619047619,1.597825591889618,5.0,229.0,8.0,-0.9749279121818236,-0.2225209339563146,-0.7157953492826642,-0.6983101158835584,2013-08-17,27.428571428571427
2013-08-17,26.6,27.714285714285715,29.666666666666668,29.428571428571427,32.5,31.75,92.0,85.0,79.85714285714286,4.46,8.2,6.1000000000000005,1000.8,1001.7142857142856,1000.3333333333334,29.09421768707483,1.4312896475101344,29.240561224489795,1.832533985881834,29.67964285714286,1.6827319303309136,6.0,230.0,8.0,-0.7818314824680299,0.6234898018587334,-0.7277014757264236,-0.6858939875998223,2013-08-18,28.33333333333333
2013-08-18,27.428571428571427,26.6,27.714285714285715,30.0,32.5,30.5,91.0,92.0,76.83333333333333,14.285714285714286,4.46,6.800000000000001,999.4285714285714,1000.8,1001.1666666666666,28.808503401360547,1.5482622943697861,28.878316326530612,1.6285580522990157,29.535595238095237,1.684354661156745,0.0,231.0,8.0,0.0,1.0,-0.7393922635959241,-0.673274892250183,2013-08-19,28.166666666666668
2013-08-19,28.33333333333333,27.428571428571427,26.6,29.5,29.5,26.83333333333333,83.83333333333333,91.0,81.5,1.2333333333333334,14.285714285714286,8.350000000000001,1000.1666666666666,999.4285714285714,1001.0,28.570408163265306,1.46013662860463,28.580697278911565,1.253271158372956,29.463373015873014,1.6880241844732289,1.0,232.0,8.0,0.7818314824680298,0.6234898018587336,-0.7508642533989489,-0.6604565640279754,2013-08-20,27.375
2013-08-20,28.166666666666668,28.33333333333333,27.428571428571427,30.75,27.166666666666668,28.2,84.66666666666667,83.83333333333333,72.0,5.550000000000001,1.2333333333333334,11.125,1000.5,1000.1666666666666,999.25,28.379931972789116,1.4045694360634182,28.48545918367347,1.2284534204630082,29.50781746031746,1.6330468998766792,2.0,233.0,8.0,0.9749279121818236,-0.22252093395631434,-0.7621140503891487,-0.6474427960827475,2013-08-21,28.33333333333333
2013-08-21,27.375,28.166666666666668,28.33333333333333,29.666666666666668,28.375,29.5,88.5,84.66666666666667,74.33333333333333,5.325,5.550000000000001,9.866666666666667,999.0,1000.5,999.8333333333334,27.89778911564626,0.9662923537772677,28.500340136054422,1.212406290700547,29.48031746031746,1.6625101446227373,3.0,234.0,8.0,0.43388373911755823,-0.900968867902419,-0.7731383255706026,-0.6342374393978054,2013-08-22,29.166666666666668
2013-08-22,28.33333333333333,27.375,28.166666666666668,27.714285714285715,28.5,31.857142857142858,81.16666666666667,88.5,85.0,10.314285714285717,5.325,8.2,999.2857142857144,999.0,1001.7142857142856,27.707312925170065,0.6336571363783041,28.49736394557823,1.212788721945159,29.44142857142857,1.6756272553064269,4.0,235.0,8.0,-0.433883739117558,-0.9009688679024191,-0.7839338166829201,-0.620844401650647,2013-08-23,31.285714285714285
2013-08-23,29.166666666666668,28.33333333333333,27.375,26.6,27.166666666666668,29.714285714285715,74.83333333333333,81.16666666666667,92.0,6.483333333333334,10.314285714285717,4.46,1001.1666666666666,999.2857142857144,1000.8,27.91479591836735,0.8403817163119244,28.544982993197276,1.225917158856783,29.35174603174603,1.6126932294749254,5.0,236.0,8.0,-0.9749279121818236,-0.2225209339563146,-0.7944973291665992,-0.6072676460566135,2013-08-24,32.0
2013-08-24,31.285714285714285,29.166666666666668,28.33333333333333,27.428571428571427,29.428571428571427,28.33333333333333,73.14285714285714,74.83333333333333,91.0,2.642857142857143,6.483333333333334,14.285714285714286,1001.4285714285714,1001.1666666666666,999.4285714285714,28.58418367346939,1.3376154866194954,28.839200680272107,1.356956518301936,29.404126984126986,1.6499643609547605,6.0,237.0,8.0,-0.7818314824680299,0.6234898018587334,-0.8048257371083452,-0.593511190196115,2013-08-25,29.0
2013-08-25,32.0,31.285714285714285,29.166666666666668,28.33333333333333,30.0,30.0,71.25,73.14285714285714,83.83333333333333,18.525,2.642857142857143,1.2333333333333334,1000.3333333333334,1001.4285714285714,1000.1666666666666,29.237244897959183,1.7360025881209584,29.022874149659863,1.5958671179728832,29.526349206349206,1.702866740124189,0.0,238.0,8.0,0.0,1.0,-0.8149159841660791,-0.5795791048257612,2013-08-26,32.0
2013-08-26,29.0,32.0,31.285714285714285,28.166666666666668,29.5,30.142857142857142,90.75,71.25,84.66666666666667,0.925,18.525,5.550000000000001,998.75,1000.3333333333334,1000.5,29.33248299319728,1.6959740012368127,28.951445578231294,1.5709530151335396,29.49301587301587,1.7030627986009788,1.0,239.0,8.0,0.7818314824680298,0.6234898018587336,-0.8247650844733614,-0.5654755126737576,2013-08-27,32.142857142857146
2013-08-27,32.0,29.0,32.0,27.375,30.75,32.285714285714285,69.875,90.75,88.5,6.475,0.925,5.325,997.8571428571428,998.75,999.0,29.880102040816325,1.8670511420596405,29.13001700680272,1.7678530530269718,29.554920634920634,1.7602896875029355,2.0,240.0,8.0,0.9749279121818236,-0.22252093395631434,-0.8343701235229538,-0.5512045872199277,2013-08-28,30.142857142857142
2013-08-28,32.142857142857146,32.0,29.0,28.33333333333333,29.666666666666668,31.0,57.285714285714285,69.875,81.16666666666667,17.071428571428573,6.475,10.314285714285717,999.8571428571428,997.8571428571428,999.2857142857144,30.561224489795915,1.6589308648332879,29.22950680272109,1.9002680607775002,29.550158730158728,1.7528250583256295,3.0,241.0,8.0,0.43388373911755823,-0.900968867902419,-0.8437282590292712,-0.5367705514607103,2013-08-29,31.5
2013-08-29,30.142857142857142,32.142857142857146,32.0,29.166666666666668,27.714285714285715,30.5,60.71428571428572,57.285714285714285,74.83333333333333,11.642857142857142,17.071428571428573,6.483333333333334,1003.7142857142856,999.8571428571428,1001.1666666666666,30.819727891156464,1.3696759871173105,29.263520408163263,1.912914535843817,29.5215873015873,1.7352753609620282,4.0,242.0,8.0,-0.433883739117558,-0.9009688679024191,-0.8528367217694595,-0.522177676659508,2013-08-30,29.166666666666668
2013-08-30,31.5,30.142857142857142,32.142857142857146,31.285714285714285,26.6,28.83333333333333,57.0,60.71428571428572,73.14285714285714,9.275,11.642857142857142,2.642857142857143,1003.25,1003.7142857142856,1001.4285714285714,31.153061224489793,1.1696477254922815,29.533928571428568,1.9443838466424814,29.55492063492063,1.7640835154597407,5.0,243.0,8.0,-0.9749279121818236,-0.2225209339563146,-0.8616928164028522,-0.5074302810827518,2013-08-31,29.0
2013-08-31,29.166666666666668,31.5,30.142857142857142,32.0,27.428571428571427,30.0,73.0,57.0,71.25,3.1,9.275,18.525,1003.5,1003.25,1000.3333333333334,30.850340136054424,1.384144796947936,29.717261904761905,1.7585955924015455,29.566031746031747,1.7604278285095667,6.0,244.0,9.0,-0.7818314824680299,0.6234898018587334,-0.8702939222685674,-0.49253272872205434,2013-09-01,30.0
2013-09-01,29.0,29.166666666666668,31.5,29.0,28.33333333333333,31.571428571428573,71.75,73.0,90.75,4.65,3.1,0.925,1003.25,1003.5,998.75,30.421768707482993,1.4324493850348625,29.829506802721088,1.6479482734029167,29.532698412698416,1.7613945122041745,0.0,245.0,9.0,0.0,1.0,-0.8786374941610001,-0.4774894280028391,2013-09-02,31.857142857142858
2013-09-02,30.0,29.0,29.166666666666668,32.0,28.166666666666668,32.5,65.2,71.75,69.875,11.48,4.65,6.475,1003.2,1003.25,997.8571428571428,30.56462585034014,1.3118100018865406,29.94855442176871,1.590758305747427,29.480317460317462,1.7215915390174235,1.0,246.0,9.0,0.7818314824680298,0.6234898018587336,-0.886721063082993,-0.46230483047981086,2013-09-03,32.75
2013-09-03,31.857142857142858,30.0,29.0,32.142857142857146,27.375,32.5,50.85714285714285,65.2,57.285714285714285,15.342857142857142,11.48,17.071428571428573,1003.7142857142856,1003.2,999.8571428571428,30.544217687074827,1.2866272898399158,30.21215986394558,1.5784951955479984,29.45888888888889,1.6863497224478836,2.0,247.0,9.0,0.9749279121818236,-0.22252093395631434,-0.8945422369764496,-0.4469834295196741,2013-09-04,31.714285714285715
2013-09-04,32.75,31.857142857142858,30.0,30.142857142857142,28.33333333333333,29.5,45.5,50.85714285714285,60.71428571428572,14.8,15.342857142857142,11.642857142857142,1001.5,1003.7142857142856,1003.7142857142856,30.630952380952383,1.4253435755599504,30.59608843537415,1.4863210250077805,29.467222222222222,1.702436979721998,3.0,248.0,9.0,0.43388373911755823,-0.900968867902419,-0.9020987014301837,-0.43152975897147144,2013-09-05,31.666666666666668
2013-09-05,31.714285714285715,32.75,31.857142857142858,31.5,29.166666666666668,27.166666666666668,48.0,45.5,57.0,14.54285714285714,14.8,9.275,1002.1666666666666,1001.5,1003.25,30.85544217687075,1.4590082431055518,30.837585034013607,1.3596596990687968,29.54103174603175,1.7512088731868538,4.0,249.0,9.0,-0.433883739117558,-0.9009688679024191,-0.9093882203647925,-0.4159483918249421,2013-09-06,30.571428571428573
2013-09-06,31.666666666666668,31.714285714285715,32.75,29.166666666666668,31.285714285714285,28.375,46.0,48.0,73.0,13.566666666666668,14.54285714285714,3.1,1001.5,1002.1666666666666,1003.5,30.879251700680275,1.4725766789440298,31.016156462585034,1.2854735151617798,29.691031746031744,1.733453372994529,5.0,250.0,9.0,-0.9749279121818236,-0.2225209339563146,-0.9164086366943458,-0.4002439388573056,2013-09-07,30.83333333333333
2013-09-07,30.571428571428573,31.666666666666668,31.714285714285715,29.0,32.0,28.5,55.71428571428572,46.0,71.75,10.042857142857144,13.566666666666668,4.65,1003.4285714285714,1001.5,1003.25,31.079931972789115,1.2839257527272965,30.96513605442177,1.2881240499521052,29.76424603174603,1.7223010506062573,6.0,251.0,9.0,-0.7818314824680299,0.6234898018587334,-0.9231578729647039,-0.38442104726885545,2013-09-08,28.0
2013-09-08,30.83333333333333,30.571428571428573,31.666666666666668,30.0,29.0,27.166666666666668,51.833333333333336,55.71428571428572,65.2,6.783333333333334,10.042857142857144,11.48,1004.1666666666666,1003.4285714285714,1003.2,31.341836734693878,0.9260424017011327,30.881802721088437,1.2532920567618786,29.84202380952381,1.7159138965096334,0.0,252.0,9.0,0.0,1.0,-0.9296339319682695,-0.3684843993077793,2013-09-09,31.0
2013-09-09,28.0,30.83333333333333,30.571428571428573,31.857142857142858,32.0,29.428571428571427,71.75,51.833333333333336,50.85714285714285,2.325,6.783333333333334,15.342857142857142,1007.25,1004.1666666666666,1003.7142857142856,31.056122448979597,1.5243165433420394,30.810374149659868,1.3898480715199304,29.869801587301588,1.6774243621539406,1.0,253.0,9.0,0.7818314824680298,0.6234898018587336,-0.9358348973349941,-0.35243871088460327,2013-09-10,29.666666666666668
2013-09-10,31.0,28.0,30.83333333333333,32.75,32.142857142857146,30.0,57.5,71.75,45.5,42.22,2.325,14.8,1007.0,1007.25,1001.5,30.93367346938776,1.483116387464876,30.738945578231295,1.3491059527499856,29.922182539682538,1.6876751373290686,2.0,254.0,9.0,0.9749279121818236,-0.22252093395631434,-0.9417589340994617,-0.33628873017668287,2013-09-11,30.857142857142858
2013-09-11,29.666666666666668,31.0,28.0,31.714285714285715,30.142857142857142,29.5,66.33333333333333,57.5,48.0,3.7,42.22,14.54285714285714,1005.3333333333334,1007.0,1002.1666666666666,30.493197278911563,1.3003803651433332,30.56207482993197,1.3127182031990308,29.911071428571425,1.6882423302739031,3.0,255.0,9.0,0.43388373911755823,-0.900968867902419,-0.9474042892438845,-0.32003923622313857,2013-09-12,31.166666666666668
2013-09-12,30.857142857142858,29.666666666666668,31.0,31.666666666666668,31.5,30.75,61.142857142857146,66.33333333333333,46.0,3.971428571428571,3.7,13.566666666666668,1005.5714285714286,1005.3333333333334,1001.5,30.37074829931973,1.2029392969576571,30.61309523809524,1.3090471160342592,29.956309523809523,1.6950168311327853,4.0,256.0,9.0,-0.433883739117558,-0.9009688679024191,-0.9527692922168511,-0.30369503751065885,2013-09-13,31.142857142857142
2013-09-13,31.166666666666668,30.857142857142858,29.666666666666668,30.571428571428573,29.166666666666668,29.666666666666668,60.333333333333336,61.142857142857146,55.71428571428572,2.7833333333333337,3.971428571428571,10.042857142857144,1008.1666666666666,1005.5714285714286,1003.4285714285714,30.299319727891152,1.1255180333168566,30.589285714285715,1.2946268050877914,29.970198412698412,1.7034307419006347,5.0,257.0,9.0,-0.9749279121818236,-0.2225209339563146,-0.9578523554276669,-0.28726097055059635,2013-09-14,30.5
2013-09-14,31.142857142857142,31.166666666666668,30.857142857142858,30.83333333333333,29.0,27.714285714285715,67.14285714285714,60.333333333333336,51.833333333333336,3.171428571428572,2.7833333333333337,6.783333333333334,1007.1428571428572,1008.1666666666666,1004.1666666666666,30.380952380952383,1.1684469733599525,30.73044217687075,1.2338933270419536,30.019404761904763,1.715637727148212,6.0,258.0,9.0,-0.7818314824680299,0.6234898018587334,-0.9626519747161487,-0.2707418984477642,2013-09-15,31.625
2013-09-15,30.5,31.142857142857142,31.166666666666668,28.0,30.0,26.6,67.0,67.14285714285714,71.75,2.7833333333333337,3.171428571428572,2.325,1003.8333333333334,1007.1428571428572,1007.25,30.333333333333332,1.1536363357499186,30.837585034013607,1.133081734997903,30.112261904761905,1.6610932835543335,0.0,259.0,9.0,0.0,1.0,-0.9671667297977312,-0.2541427094613622,2013-09-16,29.666666666666668
2013-09-16,31.625,30.5,31.142857142857142,31.0,31.857142857142858,27.428571428571427,56.375,67.0,57.5,3.9375,2.7833333333333337,42.22,1001.375,1003.8333333333334,1007.0,30.851190476190474,0.623429621990488,30.953656462585034,1.1238745620001527,30.279761904761905,1.5439358723567869,1.0,260.0,9.0,0.7818314824680298,0.6234898018587336,-0.97139528468375,-0.23746831555846842,2013-09-17,29.25
2013-09-17,29.666666666666668,31.625,30.5,29.666666666666668,32.75,28.33333333333333,60.0,56.375,66.33333333333333,7.100000000000001,3.9375,3.7,1002.3333333333334,1001.375,1005.3333333333334,30.660714285714285,0.7592727977518277,30.79719387755102,1.14076728250611,30.35436507936508,1.4527979068962655,2.0,261.0,9.0,0.9749279121818236,-0.22252093395631434,-0.9753363880767837,-0.2207236509605022,2013-09-18,29.142857142857142
2013-09-18,29.25,29.666666666666668,31.625,30.857142857142858,31.714285714285715,28.166666666666668,56.5,60.0,61.142857142857146,3.475,7.100000000000001,3.971428571428571,1002.875,1002.3333333333334,1005.5714285714286,30.601190476190478,0.8598598362638205,30.547193877551024,1.0605842747398107,30.384920634920636,1.418049591090628,3.0,262.0,9.0,0.43388373911755823,-0.900968867902419,-0.9789888737409319,-0.20391367068311472,2013-09-19,29.8
2013-09-19,29.142857142857142,29.25,29.666666666666668,31.166666666666668,31.666666666666668,27.375,58.57142857142857,56.5,60.333333333333336,5.557142857142858,3.475,2.7833333333333337,1003.1428571428572,1002.875,1008.1666666666666,30.356292517006803,1.006442004044236,30.363520408163264,1.0655681818336125,30.417460317460318,1.3759683833003808,4.0,263.0,9.0,-0.433883739117558,-0.9009688679024191,-0.9823516608469237,-0.18704334906991657,2013-09-20,28.666666666666668
2013-09-20,29.8,29.142857142857142,29.25,31.142857142857142,30.571428571428573,28.33333333333333,61.6,58.57142857142857,67.14285714285714,2.96,5.557142857142858,3.171428571428572,1001.8,1003.1428571428572,1007.1428571428572,30.16105442176871,0.9542433957716506,30.23018707482993,1.005031126278284,30.498293650793652,1.2571732439033798,5.0,264.0,9.0,-0.9749279121818236,-0.2225209339563146,-0.9854237542919524,-0.17011767832049052,2013-09-21,25.2
2013-09-21,28.666666666666668,29.8,29.142857142857142,30.5,30.83333333333333,29.166666666666668,70.0,61.6,67.0,9.583333333333334,2.96,2.7833333333333337,1003.0,1001.8,1003.8333333333334,29.807312925170066,0.9879954119996518,30.094132653061227,1.0813146332991408,30.50940476190476,1.2387167013445861,6.0,265.0,9.0,-0.7818314824680299,0.6234898018587334,-0.9882042449941422,-0.15314166701312007,2013-09-22,28.33333333333333
2013-09-22,25.2,28.666666666666668,29.8,31.625,28.0,31.285714285714285,89.0,70.0,56.375,5.18,9.583333333333334,3.9375,1003.0,1003.0,1001.375,29.05017006802721,1.9404238999395496,29.69175170068027,1.671929059010489,30.377182539682543,1.55763420046581,0.0,266.0,9.0,0.0,1.0,-0.9906923101615609,-0.13612033862266704,2013-09-23,30.285714285714285
2013-09-23,28.33333333333333,25.2,28.666666666666668,29.666666666666668,31.0,32.0,79.66666666666667,89.0,60.0,3.083333333333333,5.18,7.100000000000001,1001.6666666666666,1003.0,1002.3333333333334,28.57993197278912,1.5773241122690003,29.715561224489793,1.6481889420905076,30.27876984126984,1.5911592243505859,1.0,267.0,9.0,0.7818314824680298,0.6234898018587336,-0.9928872135356962,-0.11905873003404988,2013-09-24,30.75
2013-09-24,30.285714285714285,28.33333333333333,25.2,29.25,29.666666666666668,29.0,68.0,79.66666666666667,56.5,4.5,3.083333333333333,3.475,1001.0,1001.6666666666666,1002.875,28.668367346938773,1.6634133294361635,29.66454081632653,1.6161134920943934,30.221626984126985,1.557642985324142,2.0,268.0,9.0,0.9749279121818236,-0.22252093395631434,-0.994788305609327,-0.10196189005174576,2013-09-25,28.571428571428573
2013-09-25,30.75,30.285714285714285,28.33333333333333,29.142857142857142,30.857142857142858,32.0,65.75,68.0,58.57142857142857,5.7875000000000005,4.5,5.557142857142858,1002.75,1001.0,1003.1428571428572,28.882653061224488,1.8382570012120425,29.74192176870748,1.6419520373016163,30.27996031746032,1.543015639453871,3.0,269.0,9.0,0.43388373911755823,-0.900968867902419,-0.9963950238187231,-0.08483487790576538,2013-09-26,28.2
2013-09-26,28.571428571428573,30.75,30.285714285714285,29.8,31.166666666666668,32.142857142857146,75.0,65.75,61.6,6.614285714285715,5.7875000000000005,2.96,1005.4285714285714,1002.75,1001.8,28.801020408163264,1.83746383654483,29.578656462585034,1.6361597348342043,30.1656746031746,1.538188905121988,4.0,270.0,9.0,-0.433883739117558,-0.9009688679024191,-0.9977068927101168,-0.06768276175455162,2013-09-27,29.0
2013-09-27,28.2,28.571428571428573,30.75,28.666666666666668,31.142857142857142,30.142857142857142,78.8,75.0,70.0,4.08,6.614285714285715,9.583333333333334,1006.6,1005.4285714285714,1003.0,28.572448979591833,1.7914236016861194,29.366751700680275,1.606513407076489,30.034246031746033,1.5318587975811737,5.0,271.0,9.0,-0.9749279121818236,-0.2225209339563146,-0.9987235240803972,-0.050510617185222886,2013-09-28,30.0
2013-09-28,29.0,28.2,28.571428571428573,25.2,30.5,31.5,71.25,78.8,89.0,7.4125,4.08,5.18,1005.625,1006.6,1003.0,28.620068027210884,1.7987607312948235,29.213690476190475,1.5242520784493627,29.996150793650795,1.543233070222672,6.0,272.0,9.0,-0.7818314824680299,0.6234898018587334,-0.9994446170919858,-0.033323525711631344,2013-09-29,28.142857142857142
2013-09-29,30.0,29.0,28.2,28.33333333333333,31.625,29.166666666666668,67.33333333333333,71.25,79.66666666666667,1.2333333333333334,7.4125,3.083333333333333,1005.3333333333334,1005.625,1001.6666666666666,29.30578231292517,1.0270637255494235,29.17797619047619,1.4974159926578372,29.946150793650798,1.5169039855823199,0.0,273.0,9.0,0.0,1.0,-0.9998699583618592,-0.016126573270657762,2013-09-30,26.857142857142858
2013-09-30,28.142857142857142,30.0,29.0,30.285714285714285,29.666666666666668,29.0,79.85714285714286,67.33333333333333,68.0,5.557142857142858,1.2333333333333334,4.5,1003.8571428571428,1005.3333333333334,1001.0,29.27857142857143,1.059143859107763,28.929251700680272,1.3406876028224834,29.91202380952381,1.5462776917286707,1.0,274.0,10.0,0.7818314824680298,0.6234898018587336,-0.9999994220246925,0.001075151282798226,2013-10-01,28.285714285714285
2013-10-01,26.857142857142858,28.142857142857142,30.0,30.75,29.25,30.0,84.57142857142857,79.85714285714286,65.75,4.228571428571429,5.557142857142858,5.7875000000000005,1004.7142857142856,1003.8571428571428,1002.75,28.788775510204083,1.284548791470218,28.728571428571428,1.4291686785712496,29.84059523809524,1.6367094330392096,2.0,275.0,10.0,0.9749279121818236,-0.22252093395631434,-0.999832969770105,0.018276557681691223,2013-10-02,29.2
2013-10-02,28.285714285714285,26.857142857142858,28.142857142857142,28.571428571428573,29.142857142857142,31.857142857142858,68.71428571428571,84.57142857142857,75.0,6.371428571428571,4.228571428571429,6.614285714285715,1007.7142857142856,1004.7142857142856,1005.4285714285714,28.43673469387755,0.9521496317715775,28.659693877551017,1.4253371398458603,29.78345238095238,1.6607019806973613,3.0,276.0,10.0,0.43388373911755823,-0.900968867902419,-0.9993706508539969,0.03547255575312556,2013-10-03,28.6
2013-10-03,29.2,28.285714285714285,26.857142857142858,28.2,29.8,32.75,61.4,68.71428571428571,78.8,7.42,6.371428571428571,4.08,1010.0,1007.7142857142856,1006.6,28.526530612244898,0.9956172177673618,28.663775510204083,1.4269081216115946,29.694880952380956,1.616561682677075,4.0,277.0,10.0,-0.433883739117558,-0.9009688679024191,-0.9986126020839734,0.052658056924614005,2013-10-04,24.83333333333333
2013-10-04,28.6,29.2,28.285714285714285,29.0,28.666666666666668,31.714285714285715,59.0,61.4,71.25,7.4,7.42,7.4125,1008.6,1010.0,1005.625,28.583673469387755,0.9851768228120167,28.578061224489797,1.3889418307420844,29.556547619047617,1.5208414993081816,5.0,278.0,10.0,-0.9749279121818236,-0.2225209339563146,-0.9975590477788613,0.06982797572987089,2013-10-05,28.5
2013-10-05,24.83333333333333,28.6,29.2,30.0,25.2,31.666666666666668,84.33333333333333,59.0,67.33333333333333,6.783333333333334,7.4,1.2333333333333334,1007.5,1008.6,1005.3333333333334,27.988435374149656,1.6948453645827688,28.304251700680272,1.7107039756334594,29.32718253968254,1.6932979087617426,6.0,279.0,10.0,-0.7818314824680299,0.6234898018587334,-0.9962102997023297,0.0869772313136861,2013-10-06,29.75
2013-10-06,28.5,24.83333333333333,28.6,28.142857142857142,28.33333333333333,30.571428571428573,69.0,84.33333333333333,79.85714285714286,2.0875,6.783333333333334,5.557142857142858,1004.125,1007.5,1003.8571428571428,27.774149659863944,1.4792386786286706,28.539965986394556,1.4588901691111456,29.221626984126985,1.6403034006672457,0.0,280.0,10.0,0.0,1.0,-0.9945667569706337,0.1041007489354256,2013-10-07,29.714285714285715
2013-10-07,29.75,28.5,24.83333333333333,26.857142857142858,30.285714285714285,30.83333333333333,66.5,69.0,84.57142857142857,1.85,2.0875,4.228571428571429,1005.25,1004.125,1004.7142857142856,28.003741496598643,1.659715582473933,28.641156462585034,1.4922058766508368,29.194246031746033,1.6237672710259587,1.0,281.0,10.0,0.7818314824680298,0.6234898018587336,-0.9926289059345095,0.121193461470736,2013-10-08,29.2
2013-10-08,29.714285714285715,29.75,28.5,28.285714285714285,30.75,28.0,66.57142857142857,66.5,68.71428571428571,1.585714285714286,1.85,6.371428571428571,1008.8571428571428,1005.25,1007.7142857142856,28.41190476190476,1.6819149409172536,28.600340136054424,1.4510084360706483,29.156944444444445,1.5974556947062375,2.0,282.0,10.0,0.9749279121818236,-0.22252093395631434,-0.9903973200352558,0.1382503109109819,2013-10-09,30.83333333333333
2013-10-09,29.2,29.714285714285715,29.75,29.2,28.571428571428573,31.0,69.4,66.57142857142857,61.4,0.0,1.585714285714286,7.42,1009.8,1008.8571428571428,1010.0,28.542517006802722,1.7058126298673786,28.489625850340136,1.328315258543633,29.196944444444444,1.5824403843787,3.0,283.0,10.0,0.43388373911755823,-0.900968867902419,-0.9878726596350429,0.15526624985999563,2013-10-10,29.428571428571427
2013-10-10,30.83333333333333,29.2,29.714285714285715,28.6,28.2,29.666666666666668,65.5,69.4,59.0,5.566666666666667,0.0,7.4,1010.3333333333334,1009.8,1008.6,28.775850340136053,1.9102017700465934,28.65119047619047,1.4691260568821871,29.191388888888888,1.576172173189812,4.0,284.0,10.0,-0.433883739117558,-0.9009688679024191,-0.9850556718215013,0.172236243027682,2013-10-11,23.857142857142858
2013-10-11,29.428571428571427,30.83333333333333,29.2,24.83333333333333,29.0,30.857142857142858,66.28571428571429,65.5,84.33333333333333,3.971428571428572,5.566666666666667,6.783333333333334,1010.8571428571428,1010.3333333333334,1007.5,28.894217687074825,1.9231168489870758,28.73894557823129,1.4767751433281329,29.18345238095238,1.5742948045015104,5.0,285.0,10.0,-0.9749279121818236,-0.2225209339563146,-0.981947190186646,0.18915526872004093,2013-10-12,26.142857142857142
2013-10-12,23.857142857142858,29.428571428571427,30.83333333333333,28.5,30.0,31.166666666666668,89.85714285714286,66.28571428571429,69.0,4.242857142857143,3.971428571428572,2.0875,1010.5714285714286,1010.8571428571428,1004.125,28.754761904761903,2.2706634929933274,28.37159863945578,1.965586197156666,28.950119047619047,1.817621786584504,6.0,286.0,10.0,-0.7818314824680299,0.6234898018587334,-0.9785481345802031,0.20601832032517084,2013-10-13,27.166666666666668
2013-10-13,26.142857142857142,23.857142857142858,29.428571428571427,29.75,28.142857142857142,31.142857142857142,82.57142857142857,89.85714285714286,66.5,2.914285714285714,4.242857142857143,1.85,1008.2857142857144,1010.5714285714286,1005.25,28.418027210884354,2.479881961881556,28.09608843537415,1.9899515597463704,28.782658730158733,1.837680951724838,0.0,287.0,10.0,0.0,1.0,-0.9748595108374125,0.22282040779479959,2013-10-14,27.714285714285715
2013-10-14,27.166666666666668,26.142857142857142,23.857142857142858,29.714285714285715,26.857142857142858,30.5,84.33333333333333,82.57142857142857,66.57142857142857,0.6166666666666667,2.914285714285714,1.585714285714286,1007.6666666666666,1008.2857142857144,1008.8571428571428,28.048979591836734,2.4405349807641312,28.026360544217688,2.0052309197668485,28.650119047619047,1.8046774275540531,1.0,288.0,10.0,0.7818314824680298,0.6234898018587336,-0.9708824104813836,0.23955655912092708,2013-10-15,25.857142857142858
2013-10-15,27.714285714285715,27.166666666666668,26.142857142857142,29.2,28.285714285714285,31.625,74.85714285714286,84.33333333333333,69.4,5.557142857142858,0.6166666666666667,0.0,1007.0,1007.6666666666666,1009.8,27.763265306122452,2.327538502824236,28.087585034013607,1.9797087218977587,28.557261904761905,1.7776777657709775,2.0,289.0,10.0,0.9749279121818236,-0.22252093395631434,-0.9666180104000972,0.2562218218071163,2013-10-16,26.428571428571427
2013-10-16,25.857142857142858,27.714285714285715,27.166666666666668,30.83333333333333,29.2,29.666666666666668,76.42857142857143,74.85714285714286,65.5,3.7,5.557142857142858,5.566666666666667,1009.1428571428572,1007.0,1010.3333333333334,27.285714285714285,2.3265612773303443,27.9141156462585,2.0655515264862383,28.365,1.7460763460244615,3.0,290.0,10.0,0.43388373911755823,-0.900968867902419,-0.9620675724981452,0.27281126433401914,2013-10-17,26.857142857142858
2013-10-17,26.428571428571427,25.857142857142858,27.714285714285715,29.428571428571427,28.6,29.25,75.0,76.42857142857143,66.28571428571429,0.0,3.7,3.971428571428572,1009.0,1009.1428571428572,1010.8571428571428,26.656462585034014,1.7250465362754885,27.716156462585037,2.0656392887377684,28.25706349206349,1.7628406385131072,4.0,291.0,10.0,-0.433883739117558,-0.9009688679024191,-0.957232443323312,0.28931997761869527,2013-10-18,26.33333333333333
2013-10-18,26.857142857142858,26.428571428571427,25.857142857142858,23.857142857142858,24.83333333333333,29.142857142857142,76.71428571428571,75.0,89.85714285714286,1.0571428571428572,0.0,4.242857142857143,1010.4285714285714,1009.0,1010.5714285714286,26.289115646258505,1.2426981418870704,27.591666666666665,2.0607879518239773,28.17730158730159,1.7704821320637358,5.0,292.0,10.0,-0.9749279121818236,-0.2225209339563146,-0.9521140536681102,0.3057430764672831,2013-10-19,24.571428571428573
2013-10-19,26.33333333333333,26.857142857142858,26.428571428571427,26.142857142857142,28.5,29.8,73.16666666666667,76.71428571428571,82.57142857142857,0.0,1.0571428571428572,2.914285714285714,1010.5,1010.4285714285714,1008.2857142857144,26.642857142857142,0.6425631308851982,27.698809523809523,1.9419121521218967,28.083650793650794,1.7918244379343844,6.0,293.0,10.0,-0.7818314824680299,0.6234898018587334,-0.9467139181463862,0.3220757010206104,2013-10-20,24.33333333333333
2013-10-20,24.571428571428573,26.33333333333333,26.857142857142858,27.166666666666668,29.75,28.666666666666668,69.57142857142857,73.16666666666667,84.33333333333333,2.1142857142857143,0.0,0.6166666666666667,1011.5714285714286,1010.5,1007.6666666666666,26.418367346938773,1.013687238934196,27.418197278911567,2.09503986889962,27.90936507936508,1.87163025663504,0.0,294.0,10.0,0.0,1.0,-0.9410336347451197,0.3383130181923076,2013-10-21,24.875
2013-10-21,24.33333333333333,24.571428571428573,26.33333333333333,27.714285714285715,29.714285714285715,25.2,67.83333333333333,69.57142857142857,74.85714285714286,1.55,2.1142857142857143,5.557142857142858,1010.6666666666666,1011.5714285714286,1007.0,26.013605442176868,1.2114702142045655,27.0312925170068,2.131139893348785,27.764920634920635,1.9755013867071285,1.0,295.0,10.0,0.7818314824680298,0.6234898018587336,-0.9350748843515574,0.3544502230989869,2013-10-22,27.8
2013-10-22,24.875,24.33333333333333,24.571428571428573,25.857142857142858,29.2,28.33333333333333,63.625,67.83333333333333,76.42857142857143,1.3875000000000002,1.55,3.7,1009.875,1010.6666666666666,1009.1428571428572,25.60799319727891,1.0048565728472143,26.68562925170068,2.0535377692355445,27.754087301587298,1.9908832619350127,2.0,296.0,10.0,0.9749279121818236,-0.22252093395631434,-0.9288394302558068,0.3704825404820963,2013-10-23,25.0
2013-10-23,27.8,24.875,24.33333333333333,26.428571428571427,30.83333333333333,30.285714285714285,53.6,63.625,75.0,0.0,1.3875000000000002,0.0,1011.0,1009.875,1009.0,25.885544217687077,1.3077969184614422,26.58562925170068,1.9533204020641648,27.736309523809528,1.9879114776485411,3.0,297.0,10.0,0.43388373911755823,-0.900968867902419,-0.9223291176290545,0.3864052261209853,2013-10-24,23.857142857142858
2013-10-24,25.0,27.8,24.875,26.857142857142858,29.428571428571427,30.75,67.5,53.6,76.71428571428571,1.1625,0.0,1.0571428571428572,1013.625,1011.0,1010.4285714285714,25.681462585034012,1.3203384351393415,26.168962585034016,1.5601198749242031,27.560119047619047,1.9884025983367541,4.0,298.0,10.0,-0.433883739117558,-0.9009688679024191,-0.9155458729775467,0.40221356823680365,2013-10-25,22.8
2013-10-25,23.857142857142858,25.0,27.8,26.33333333333333,23.857142857142858,28.571428571428573,73.14285714285714,67.5,73.16666666666667,1.0571428571428572,1.1625,0.0,1013.2857142857144,1013.625,1010.5,25.252891156462585,1.3613697502558353,25.77100340136054,1.3628003349707742,27.330357142857142,2.005265294079685,5.0,299.0,10.0,-0.9749279121818236,-0.2225209339563146,-0.9084917035725082,0.41790288888678667,2013-10-26,23.0
2013-10-26,22.8,23.857142857142858,25.0,24.571428571428573,26.142857142857142,28.2,75.8,73.14285714285714,69.57142857142857,1.86,1.0571428571428572,2.1142857142857143,1011.0,1013.2857142857144,1011.5714285714286,24.748129251700682,1.5376276774016115,25.695493197278914,1.4994382472279473,27.13797619047619,2.1534666736044397,6.0,300.0,10.0,-0.7818314824680299,0.6234898018587334,-0.9011686968561569,0.4334685453485363,2013-10-27,22.875
2013-10-27,23.0,22.8,23.857142857142858,24.33333333333333,27.166666666666668,29.0,78.2,75.8,67.83333333333333,0.74,1.86,1.55,1011.2,1011.0,1010.6666666666666,24.52363945578231,1.6761939186150012,25.471003401360544,1.6545532853409528,26.964642857142856,2.2710984867804944,0.0,301.0,10.0,0.0,1.0,-0.8935790198239952,0.4489059314938798,2013-10-28,22.666666666666668
2013-10-28,22.875,23.0,22.8,24.875,27.714285714285715,30.0,66.875,78.2,63.625,2.5500000000000003,0.74,1.3875000000000002,1010.625,1011.2,1009.875,24.31530612244898,1.7905181981430052,25.164455782312924,1.712768002938674,26.76047619047619,2.35555646057476,1.0,302.0,10.0,0.7818314824680298,0.6234898018587336,-0.8857249183835637,0.4642104791518923,2013-10-29,23.0
2013-10-29,22.666666666666668,22.875,23.0,27.8,25.857142857142858,28.142857142857142,63.16666666666666,66.875,53.6,4.933333333333334,2.5500000000000003,0.0,1010.0,1010.625,1011.0,23.99982993197279,1.8683241482935142,24.80391156462585,1.6653457238231106,26.516031746031743,2.3880659483895896,2.0,303.0,10.0,0.9749279121818236,-0.22252093395631434,-0.8776087166898392,0.4793776594606945,2013-10-30,22.857142857142858
2013-10-30,23.0,22.666666666666668,22.875,25.0,26.428571428571427,26.857142857142858,62.71428571428572,63.16666666666666,67.5,3.971428571428571,4.933333333333334,1.1625,1011.1428571428572,1010.0,1013.625,23.314115646258504,0.8377300195657926,24.59982993197279,1.701031436795648,26.344603174603172,2.451018056997904,3.0,304.0,10.0,0.43388373911755823,-0.900968867902419,-0.8692328164574792,0.49440298420761813,2013-10-31,23.666666666666668
2013-10-31,22.857142857142858,23.0,22.666666666666668,23.857142857142858,26.857142857142858,28.285714285714285,67.42857142857143,62.71428571428572,73.14285714285714,2.385714285714286,3.971428571428571,1.0571428571428572,1012.8571428571428,1011.1428571428572,1013.2857142857144,23.007993197278914,0.3918738984050615,24.34472789115646,1.6732554037142904,26.21126984126984,2.5297099817589332,4.0,305.0,11.0,-0.433883739117558,-0.9009688679024191,-0.8605996962501181,0.5092820071573356,2013-11-01,23.428571428571427
2013-11-01,23.666666666666668,22.857142857142858,23.0,22.8,26.33333333333333,29.2,58.833333333333336,67.42857142857143,75.8,3.083333333333333,2.385714285714286,1.86,1012.8333333333334,1012.8571428571428,1011.0,22.980782312925168,0.3237806568095492,24.11683673469388,1.5144850394897618,26.057301587301588,2.539644585700959,5.0,306.0,11.0,-0.9749279121818236,-0.2225209339563146,-0.8517119107469189,0.5240103253675756,2013-11-02,21.625
2013-11-02,23.428571428571427,23.666666666666668,22.857142857142858,23.0,24.571428571428573,28.6,69.14285714285714,58.833333333333336,78.2,1.0571428571428572,3.083333333333333,0.74,1013.2857142857144,1012.8333333333334,1011.2,23.070578231292522,0.3512817437804953,23.909353741496602,1.380518503991106,25.864920634920633,2.511816213610875,6.0,307.0,11.0,-0.7818314824680299,0.6234898018587334,-0.8425720899866032,0.5385835804920232,2013-11-03,20.625
2013-11-03,21.625,23.428571428571427,23.666666666666668,22.875,24.33333333333333,24.83333333333333,65.0,69.14285714285714,66.875,4.6375,1.0571428571428572,2.5500000000000003,1014.5,1013.2857142857144,1010.625,22.87414965986395,0.6525614953679184,23.698894557823127,1.4919175426319584,25.63242063492063,2.5720110231633404,0.0,308.0,11.0,0.0,1.0,-0.8331829385891785,0.5529974600700271,2013-11-04,21.166666666666668
2013-11-04,20.625,21.625,23.428571428571427,22.666666666666668,24.875,28.5,57.875,65.0,63.16666666666666,5.5625,4.6375,4.933333333333334,1016.0,1014.5,1010.0,22.55272108843538,1.0716403481807901,23.43401360544218,1.687047528623098,25.49214285714286,2.7271771792665844,1.0,309.0,11.0,0.7818314824680298,0.6234898018587336,-0.8235472349556007,0.5672476988027229,2013-11-05,18.83333333333333
2013-11-05,21.166666666666668,20.625,21.625,23.0,27.8,29.75,54.16666666666666,57.875,62.71428571428572,2.466666666666667,5.5625,3.971428571428571,1017.5,1016.0,1011.1428571428572,22.33843537414966,1.1886415852400418,23.169132653061222,1.7338670700583898,25.247698412698412,2.7764857019211675,2.0,310.0,11.0,0.9749279121818236,-0.22252093395631434,-0.8136678304455991,0.5813300798152042,2013-11-06,20.571428571428573
2013-11-06,18.83333333333333,21.166666666666668,20.625,22.857142857142858,25.0,29.714285714285715,74.33333333333333,54.16666666666666,67.42857142857143,0.0,2.466666666666667,2.385714285714286,1017.5,1017.5,1012.8571428571428,21.743197278911563,1.7245833671339854,22.52865646258503,1.5365576427721424,24.883809523809525,2.8795247382095552,3.0,311.0,11.0,0.43388373911755823,-0.900968867902419,-0.8035476485339116,0.5952404359043674,2013-11-07,20.142857142857142
2013-11-07,20.571428571428573,18.83333333333333,21.166666666666668,23.666666666666668,23.857142857142858,29.2,66.71428571428571,74.33333333333333,58.833333333333336,3.185714285714285,0.0,3.083333333333333,1015.8571428571428,1017.5,1012.8333333333334,21.416666666666664,1.6946454008934135,22.21232993197279,1.4415656437127529,24.579047619047618,2.834120635465323,4.0,312.0,11.0,-0.433883739117558,-0.9009688679024191,-0.7931896839451843,0.6089746507720486,2013-11-08,18.0
2013-11-08,20.142857142857142,20.571428571428573,18.83333333333333,23.428571428571427,22.8,30.83333333333333,73.14285714285714,66.71428571428571,69.14285714285714,4.500000000000001,3.185714285714285,1.0571428571428572,1015.6666666666666,1015.8571428571428,1013.2857142857144,20.913265306122447,1.4152230921294415,21.94702380952381,1.4572718159494285,24.277142857142856,2.8071776474806245,5.0,313.0,11.0,-0.9749279121818236,-0.2225209339563146,-0.7825970017677834,0.6225286602431057,2013-11-09,19.857142857142858
2013-11-09,18.0,20.142857142857142,20.571428571428573,21.625,23.0,29.428571428571427,82.2,73.14285714285714,65.0,19.9125,4.500000000000001,4.6375,1015.625,1015.6666666666666,1014.5,20.137755102040817,1.288899771171945,21.604166666666664,1.7718536399445348,23.84936507936508,2.750900906129659,6.0,314.0,11.0,-0.7818314824680299,0.6234898018587334,-0.7717727365467836,0.6358984534680745,2013-11-10,16.833333333333332
2013-11-10,19.857142857142858,18.0,20.142857142857142,20.625,22.875,23.857142857142858,73.57142857142857,82.2,57.875,0.5285714285714286,19.9125,5.5625,1016.7142857142856,1015.625,1016.0,19.88520408163265,1.1096506538004876,21.379676870748302,1.780476412389909,23.53031746031746,2.6340788572032223,0.0,315.0,11.0,0.0,1.0,-0.7607200913564104,0.6490800741100398,2013-11-11,18.857142857142858
2013-11-11,16.833333333333332,19.857142857142858,18.0,21.166666666666668,22.666666666666668,26.142857142857142,72.0,73.57142857142857,54.16666666666666,2.466666666666667,0.5285714285714286,2.466666666666667,1016.0,1016.7142857142856,1017.5,19.343537414965986,1.5330114730994115,20.94812925170068,2.0946310993409014,23.29619047619048,2.9025024254892657,1.0,316.0,11.0,0.7818314824680298,0.6234898018587336,-0.7494423368521954,0.6620696215153815,2013-11-12,16.571428571428573
2013-11-12,18.857142857142858,16.833333333333332,19.857142857142858,18.83333333333333,23.0,27.166666666666668,61.85714285714285,72.0,74.33333333333333,5.814285714285715,2.466666666666667,0.0,1013.4285714285714,1016.0,1017.5,19.013605442176868,1.3071303627106285,20.67602040816326,2.1016382051150346,23.05333333333333,2.960331612756735,2.0,317.0,11.0,0.9749279121818236,-0.22252093395631434,-0.7379428103031386,0.6748632518680403,2013-11-13,17.75
2013-11-13,16.571428571428573,18.857142857142858,16.833333333333332,20.571428571428573,22.857142857142858,27.714285714285715,71.71428571428571,61.85714285714285,66.71428571428571,0.7999999999999999,5.814285714285715,3.185714285714285,1013.8571428571428,1013.4285714285714,1015.8571428571428,18.690476190476193,1.604804295045483,20.216836734693878,2.2517408452943894,22.70015873015873,3.0821899049135886,3.0,318.0,11.0,0.43388373911755823,-0.900968867902419,-0.7262249146041543,0.6874571793269664,2013-11-14,17.625
2013-11-14,17.75,16.571428571428573,18.857142857142858,20.142857142857142,23.666666666666668,25.857142857142858,65.0,71.71428571428571,73.14285714285714,3.0125,0.7999999999999999,4.500000000000001,1014.25,1013.8571428571428,1015.6666666666666,18.287414965986393,1.3941357001747314,19.852040816326532,2.2042857038289476,22.36801587301587,3.0600314366363057,4.0,319.0,11.0,-0.433883739117558,-0.9009688679024191,-0.7142921172691032,0.699847677146407,2013-11-15,17.0
2013-11-15,17.625,17.75,16.571428571428573,18.0,23.428571428571427,26.428571428571427,63.375,65.0,82.2,3.475,3.0125,19.9125,1015.25,1014.25,1015.625,17.927721088435373,1.1366732321140858,19.420493197278912,1.9800243702420637,22.093611111111112,3.105130530114957,5.0,320.0,11.0,-0.9749279121818236,-0.2225209339563146,-0.7021479494046978,0.7120310787787131,2013-11-16,16.625
2013-11-16,17.0,17.625,17.75,19.857142857142858,21.625,26.857142857142858,67.0,63.375,73.57142857142857,0.925,3.475,0.5285714285714286,1016.5,1015.25,1016.7142857142856,17.78486394557823,1.1877669000861555,18.961309523809522,1.705390903845862,21.7793253968254,3.1283076870105186,6.0,321.0,11.0,-0.7818314824680299,0.6234898018587334,-0.6897960046655887,0.7240037789593305,2013-11-17,15.571428571428571
2013-11-17,16.625,17.0,17.625,16.833333333333332,20.625,26.33333333333333,69.625,67.0,72.0,0.0,0.925,2.466666666666667,1018.0,1016.5,1016.0,17.32312925170068,0.8188704868971417,18.604166666666664,1.6263701136708693,21.438253968253967,3.1133522741632405,0.0,322.0,11.0,0.0,1.0,-0.6772399381909491,0.7357622347736527,2013-11-18,18.5
2013-11-18,15.571428571428571,16.625,17.0,18.857142857142858,21.166666666666668,24.571428571428573,67.42857142857143,69.625,61.85714285714285,2.3857142857142857,0.0,5.814285714285715,1017.7142857142856,1018.0,1013.4285714285714,17.142857142857142,1.050742772589554,18.243197278911563,1.7023871275131521,21.079523809523813,3.14967501088176,1.0,323.0,11.0,0.7818314824680298,0.6234898018587336,-0.6644834655228552,0.7473029667054296,2013-11-19,17.875
2013-11-19,18.5,15.571428571428571,16.625,16.571428571428573,18.83333333333333,24.33333333333333,55.125,67.42857142857143,71.71428571428571,7.412500000000001,2.3857142857142857,0.7999999999999999,1016.875,1017.7142857142856,1013.8571428571428,17.091836734693878,0.9582276951957411,18.052721088435373,1.485491966771973,20.877142857142857,3.1124052694189888,2.0,324.0,11.0,0.9749279121818236,-0.22252093395631434,-0.6515303615068021,0.75862255966641,2013-11-20,18.25
2013-11-20,17.875,18.5,15.571428571428571,17.75,20.571428571428573,24.875,63.5,55.125,65.0,7.175,7.412500000000001,3.0125,1015.5,1016.875,1014.25,17.278061224489797,0.9668647798058805,17.984268707482993,1.468739702902042,20.661865079365082,3.088366400849246,3.0,325.0,11.0,0.43388373911755823,-0.900968867902419,-0.6383844591746642,0.7697176640069211,2013-11-21,17.875
2013-11-21,18.25,17.875,18.5,17.625,20.142857142857142,27.8,58.875,63.5,63.375,2.55,7.175,3.475,1012.75,1015.5,1015.25,17.34948979591837,1.0243037883013013,17.81845238095238,1.2720618723959194,20.441031746031747,3.0126501692100267,4.0,326.0,11.0,-0.433883739117558,-0.9009688679024191,-0.6250496486104377,0.7805849965070866,2013-11-22,17.625
2013-11-22,17.875,18.25,17.875,17.0,18.0,25.0,66.25,58.875,67.0,2.0875,2.55,0.925,1013.125,1012.75,1016.5,17.385204081632654,1.0397528580535087,17.656462585034014,1.0837544681464184,20.110198412698413,2.7060108987763236,5.0,327.0,11.0,-0.9749279121818236,-0.2225209339563146,-0.6115298757991053,0.7912213413483807,2013-11-23,18.142857142857142
2013-11-23,17.625,17.875,18.25,16.625,19.857142857142858,23.857142857142858,74.875,66.25,69.625,1.1625,2.0875,0.0,1015.75,1013.125,1018.0,17.47448979591837,1.0279293394581557,17.6296768707483,1.079235342192068,19.86436507936508,2.5784610840614364,6.0,328.0,11.0,-0.7818314824680299,0.6234898018587334,-0.5978291414589552,0.801623551065242,2013-11-24,19.125
2013-11-24,18.142857142857142,17.625,17.875,15.571428571428571,16.833333333333332,22.8,77.85714285714286,74.875,67.42857142857143,0.7999999999999999,1.1625,2.3857142857142857,1014.5714285714286,1015.75,1017.7142857142856,17.691326530612248,0.9777343855404506,17.50722789115646,0.8872417390025453,19.67388888888889,2.482617258522871,0.0,329.0,11.0,0.0,1.0,-0.5839514998576998,0.8117885474764613,2013-11-25,21.25
2013-11-25,19.125,18.142857142857142,17.625,18.5,18.857142857142858,23.0,58.875,77.85714285714286,55.125,5.0875,0.7999999999999999,7.412500000000001,1014.5,1014.5714285714286,1016.875,18.198979591836736,0.49887507078261834,17.67091836734694,0.9616292847885984,19.551388888888887,2.412730503195755,1.0,330.0,11.0,0.7818314824680298,0.6234898018587336,-0.5699010576127624,0.8217133225960589,2013-11-26,21.25
2013-11-26,21.25,19.125,18.142857142857142,17.875,16.571428571428573,22.875,49.875,58.875,63.5,9.5,5.0875,7.175,1012.875,1014.5,1015.5,18.591836734693878,1.2669525852434984,17.841836734693878,1.3305642242924562,19.493055555555554,2.3467296666980664,2.0,331.0,11.0,0.9749279121818236,-0.22252093395631434,-0.5556819724760489,0.8313949395234058,2013-11-27,19.125
2013-11-27,21.25,21.25,19.125,18.25,17.75,22.666666666666668,51.375,49.875,58.875,9.75,9.5,2.55,1011.75,1012.875,1012.75,19.073979591836736,1.5575492510934406,18.176020408163264,1.5554705637170494,19.438888888888886,2.283889215038347,3.0,332.0,11.0,0.43388373911755823,-0.900968867902419,-0.5412984521036173,0.8408305333122887,2013-11-28,18.625
2013-11-28,19.125,21.25,21.25,17.875,17.625,23.0,68.5,51.375,66.25,2.7875,9.75,2.0875,1014.75,1011.75,1013.125,19.198979591836736,1.5149281463585533,18.27423469387755,1.5698450929058378,19.320833333333333,2.20133354470618,4.0,333.0,11.0,-0.433883739117558,-0.9009688679024191,-0.5267547528105542,0.8500173118187018,2013-11-29,17.75
2013-11-29,18.625,19.125,21.25,17.625,17.0,22.857142857142858,71.875,68.5,74.875,1.85,2.7875,1.1625,1017.75,1014.75,1015.75,19.30612244897959,1.429814510182117,18.345663265306122,1.5607562034323514,19.175,2.0913624309472048,5.0,334.0,11.0,-0.9749279121818236,-0.2225209339563146,-0.5120551783114646,0.8589525565270845,2013-11-30,17.875
2013-11-30,17.75,18.625,19.125,18.142857142857142,16.625,23.666666666666668,66.625,71.875,77.85714285714286,4.8625,1.85,0.7999999999999999,1016.875,1017.75,1014.5714285714286,19.323979591836736,1.405900034738241,18.399234693877553,1.5234400741993723,19.004761904761903,1.9865333382660162,6.0,335.0,12.0,-0.7818314824680299,0.6234898018587334,-0.4972040784469378,0.8676336233547726,2013-12-01,18.0
2013-12-01,17.875,17.75,18.625,19.125,15.571428571428571,23.428571428571427,69.625,66.625,58.875,11.8125,4.8625,5.0875,1015.875,1016.875,1014.5,19.285714285714285,1.4464653140540682,18.488520408163264,1.4461251062552989,18.81170634920635,1.7895098437328087,0.0,336.0,12.0,0.0,1.0,-0.4822058478963526,0.8760579434344281,2013-12-02,17.25
2013-12-02,18.0,17.875,17.75,21.25,18.5,21.625,65.0,69.625,49.875,1.585714285714286,11.8125,9.5,1016.1428571428572,1015.875,1012.875,19.125,1.527525231651823,18.66198979591837,1.1927523537102944,18.630753968253966,1.56721947998394,1.0,337.0,12.0,0.7818314824680298,0.6234898018587336,-0.46706492487743034,0.8842230238742036,2013-12-03,17.5
2013-12-03,17.25,18.0,17.875,21.25,17.875,20.625,73.25,65.0,51.375,1.85,1.585714285714286,9.75,1015.875,1016.1428571428572,1011.75,18.553571428571427,1.3363062095619724,18.572704081632654,1.251166337450397,18.484920634920634,1.480122099386555,2.0,338.0,12.0,0.9749279121818236,-0.22252093395631434,-0.451785789832884,0.8921264484954345,2013-12-04,17.142857142857142
2013-12-04,17.5,17.25,18.0,19.125,18.25,21.166666666666668,73.5,73.25,68.5,1.3875,1.85,2.7875,1016.75,1015.875,1014.75,18.017857142857142,0.6512350903143383,18.54591836734694,1.2711073933314652,18.380753968253966,1.433547439511891,3.0,339.0,12.0,0.43388373911755823,-0.900968867902419,-0.4363729641045924,0.8997658785476209,2013-12-05,17.142857142857142
2013-12-05,17.142857142857142,17.5,17.25,18.625,17.875,18.83333333333333,71.85714285714286,73.5,71.875,4.228571428571429,1.3875,1.85,1017.0,1016.75,1017.75,17.73469387755102,0.5038572065056488,18.466836734693878,1.3242629452112742,18.246626984126983,1.3496879221613958,4.0,340.0,12.0,-0.433883739117558,-0.9009688679024191,-0.42083100859565564,0.9071390534005044,2013-12-06,16.125
2013-12-06,17.142857142857142,17.142857142857142,17.5,17.75,17.625,20.571428571428573,69.0,71.85714285714286,66.625,6.885714285714286,4.228571428571429,4.8625,1015.2857142857144,1017.0,1016.875,17.522959183673468,0.3575465405624463,18.414540816326532,1.3633133755882545,18.19027777777778,1.3596005201862913,5.0,341.0,12.0,-0.9749279121818236,-0.2225209339563146,-0.4051645224207563,0.9142437912130223,2013-12-07,16.0
2013-12-07,16.125,17.142857142857142,17.142857142857142,17.875,18.142857142857142,20.142857142857142,72.375,69.0,69.625,3.7125,6.885714285714286,11.8125,1014.0,1015.2857142857144,1015.875,17.29081632653061,0.6181352840183422,18.307397959183675,1.483758529079683,18.042063492063495,1.333175656776459,6.0,342.0,12.0,-0.7818314824680299,0.6234898018587334,-0.3893781415452015,0.9210779895789526,2013-12-08,16.5
2013-12-08,16.0,16.125,17.142857142857142,18.0,19.125,18.0,80.5,72.375,65.0,1.1625,3.7125,1.585714285714286,1014.25,1014.0,1016.1428571428572,17.022959183673468,0.7205612925263207,18.154336734693878,1.6074115639660267,17.903968253968255,1.3225881513113351,0.0,343.0,12.0,0.0,1.0,-0.37347653741307074,0.9276396261490467,2013-12-09,16.125
2013-12-09,16.5,16.0,16.125,17.25,21.25,19.857142857142858,83.625,80.5,73.25,0.0,1.1625,1.85,1014.0,1014.25,1015.875,16.808673469387752,0.5933942530497749,17.966836734693878,1.638279832506666,17.853968253968258,1.3469614320514611,1.0,344.0,12.0,0.7818314824680298,0.6234898018587336,-0.3574644155648614,0.9339267592294762,2013-12-10,15.5
2013-12-10,16.125,16.5,16.0,17.5,21.25,16.833333333333332,79.25,83.625,73.5,2.3125,0.0,1.3875,1013.5,1014.0,1016.75,16.647959183673468,0.6061541569613079,17.60076530612245,1.4040758248196374,17.729563492063495,1.3277823652224792,2.0,345.0,12.0,0.9749279121818236,-0.22252093395631434,-0.34134651424503615,0.9399375283564133,2013-12-11,16.625
2013-12-11,15.5,16.125,16.5,17.142857142857142,19.125,18.857142857142858,81.75,79.25,71.85714285714286,2.55,2.3125,4.228571428571429,1013.75,1013.5,1017.0,16.362244897959183,0.6089533829002685,17.190051020408166,1.051126496870746,17.685119047619047,1.3801004446321734,3.0,346.0,12.0,0.43388373911755823,-0.900968867902419,-0.3251276029999093,0.9456701548465688,2013-12-12,17.75
2013-12-12,16.625,15.5,16.125,17.142857142857142,18.625,16.571428571428573,71.875,81.75,69.0,6.475000000000001,2.55,6.885714285714286,1014.125,1013.75,1015.2857142857144,16.288265306122447,0.5238191866760277,17.011479591836736,0.8983787274059125,17.610714285714284,1.3748952362365714,4.0,347.0,12.0,-0.433883739117558,-0.9009688679024191,-0.30881248126625377,0.9511229423235357,2013-12-13,17.142857142857142
2013-12-13,17.75,16.625,15.5,16.125,17.75,17.75,62.375,71.875,72.375,16.9,6.475000000000001,3.7125,1012.5,1014.125,1014.0,16.375,0.707106781186209,16.948979591836736,0.8028494052596619,17.65,1.3609423092238668,5.0,348.0,12.0,-0.9749279121818236,-0.2225209339563146,-0.29240597695107734,0.9562942772197719,2013-12-14,16.142857142857142
2013-12-14,17.142857142857142,17.75,16.625,16.0,17.875,17.625,67.71428571428571,62.375,80.5,11.62857142857143,16.9,1.1625,1012.0,1012.5,1014.25,16.520408163265305,0.7504554010981785,16.90561224489796,0.7720600720651303,17.629761904761903,1.363915023703218,6.0,349.0,12.0,-0.7818314824680299,0.6234898018587334,-0.27591294500296043,0.9611826292540837,2013-12-15,15.5
2013-12-15,16.142857142857142,17.142857142857142,17.75,16.5,18.0,17.0,79.0,67.71428571428571,83.625,0.7999999999999999,11.62857142857143,0.0,1012.5714285714286,1012.0,1014.0,16.540816326530614,0.7357427674293517,16.78188775510204,0.7430069907579586,17.580357142857146,1.3906746036625677,0.0,350.0,12.0,0.0,1.0,-0.2593382659754056,0.9657865518844574,2013-12-16,15.25
2013-12-16,15.5,16.142857142857142,17.142857142857142,16.125,17.25,16.625,86.25,79.0,79.25,2.55,0.7999999999999999,2.3125,1015.125,1012.5714285714286,1013.5,16.39795918367347,0.8353322721280495,16.603316326530614,0.7279994850050507,17.530357142857145,1.4384063400461096,1.0,351.0,12.0,0.7818314824680298,0.6234898018587336,-0.2426868445825954,0.9701046827361175,2013-12-17,14.75
2013-12-17,15.25,15.5,16.142857142857142,15.5,17.5,15.571428571428571,89.5,86.25,81.75,1.1625,2.55,2.55,1015.625,1015.125,1013.75,16.27295918367347,0.941683651815566,16.46045918367347,0.7853139143330906,17.48452380952381,1.4892570177543198,2.0,352.0,12.0,0.9749279121818236,-0.22252093395631434,-0.22596360824801906,0.974135744004672,2013-12-18,14.875
2013-12-18,14.75,15.25,15.5,16.625,17.142857142857142,18.5,92.875,89.5,71.875,0.925,1.1625,6.475000000000001,1014.25,1015.625,1014.125,16.165816326530614,1.0772024131388707,16.2640306122449,0.8468121311657135,17.457142857142856,1.5325649343414285,3.0,353.0,12.0,0.43388373911755823,-0.900968867902419,-0.20917350564635637,0.9778785428342386,2013-12-19,16.125
2013-12-19,14.875,14.75,15.25,17.75,17.142857142857142,17.875,93.0,92.875,62.375,2.0875,0.925,16.9,1012.625,1014.25,1012.5,15.915816326530614,1.1532596828186845,16.102040816326532,0.8819506556258091,17.336309523809522,1.5893589354176694,4.0,354.0,12.0,-0.433883739117558,-0.9009688679024191,-0.19232150523909483,0.9813319716704275,2013-12-20,15.375
2013-12-20,16.125,14.875,14.75,17.142857142857142,16.125,18.25,89.125,93.0,67.71428571428571,3.25,2.0875,11.62857142857143,1012.875,1012.625,1012.0,15.683673469387756,0.8448218051220037,16.029336734693878,0.8299725016854418,17.27797619047619,1.6009780732755916,5.0,355.0,12.0,-0.9749279121818236,-0.2225209339563146,-0.17541259380427843,0.9844950085880858,2013-12-21,14.75
2013-12-21,15.375,16.125,14.875,16.142857142857142,16.0,17.875,91.375,89.125,79.0,4.4125000000000005,3.25,0.7999999999999999,1016.0,1012.875,1012.5714285714286,15.431122448979592,0.5480163450843057,15.97576530612245,0.8473457711635644,17.182142857142857,1.626629264970251,6.0,356.0,12.0,-0.7818314824680299,0.6234898018587334,-0.15845177496083632,0.9873667175937016,2013-12-22,15.25
2013-12-22,14.75,15.375,16.125,15.5,16.5,17.625,94.0,91.375,86.25,0.4625,4.4125000000000005,2.55,1017.0,1016.0,1015.125,15.232142857142858,0.49701489869347404,15.886479591836734,0.9082628918504477,17.07797619047619,1.6799169440458845,0.0,357.0,12.0,0.0,1.0,-0.14144406768794202,0.9899462489023779,2013-12-23,14.25
2013-12-23,15.25,14.75,15.375,15.25,16.125,18.142857142857142,94.0,94.0,89.5,1.3875000000000002,0.4625,1.1625,1018.375,1017.0,1015.625,15.196428571428571,0.4833538583485453,15.79719387755102,0.9047452291624005,16.998809523809523,1.7089596381435663,1.0,358.0,12.0,0.7818314824680298,0.6234898018587336,-0.12439450483979998,0.9922328391893008,2013-12-24,13.5
2013-12-24,14.25,15.25,14.75,14.75,15.5,19.125,88.25,94.0,92.875,9.025,1.3875000000000002,0.925,1020.5,1018.375,1014.25,15.053571428571429,0.5988580402569708,15.66326530612245,0.987481920200033,16.869047619047617,1.7659393571911486,2.0,359.0,12.0,0.9749279121818236,-0.22252093395631434,-0.10730813165636247,0.9942258118156161,2013-12-25,13.666666666666666
2013-12-25,13.5,14.25,15.25,14.875,16.625,21.25,84.75,88.25,93.0,5.7875000000000005,9.025,2.0875,1021.375,1020.5,1012.625,14.875,0.8416254115298524,15.520408163265305,1.1450197846513959,16.681547619047617,1.816060398882696,3.0,360.0,12.0,0.43388373911755823,-0.900968867902419,-0.09019000427034513,0.9959245770286599,2013-12-26,12.125
2013-12-26,13.666666666666666,13.5,14.25,16.125,17.75,21.25,63.16666666666666,84.75,89.125,34.4875,5.7875000000000005,3.25,1020.625,1021.375,1012.875,14.70238095238095,0.9575566210617185,15.309098639455781,1.1972733251548269,16.42876984126984,1.680989421812916,4.0,361.0,12.0,-0.433883739117558,-0.9009688679024191,-0.07304518821104743,0.9973286321364752,2013-12-27,11.875
2013-12-27,12.125,13.666666666666666,13.5,15.375,17.142857142857142,19.125,67.625,63.16666666666666,91.375,4.4,34.4875,4.4125000000000005,1019.25,1020.625,1016.0,14.13095238095238,1.142717625412333,14.907312925170066,1.257453606658342,16.124603174603173,1.6022472517987358,5.0,362.0,12.0,-0.9749279121818236,-0.2225209339563146,-0.05587875690537313,0.9984375616565666,2013-12-28,10.875
2013-12-28,11.875,12.125,13.666666666666666,14.75,16.142857142857142,18.625,79.875,67.625,94.0,1.1625,4.4,0.4625,1018.625,1019.25,1017.0,13.63095238095238,1.2666549184916513,14.531037414965985,1.3234733597180273,15.882936507936508,1.6790119643800958,6.0,363.0,12.0,-0.7818314824680299,0.6234898018587334,-0.03869579017652689,0.9992510374388481,2013-12-29,10.571428571428571
2013-12-29,10.875,11.875,12.125,15.25,15.5,17.75,70.0,79.875,94.0,5.325,1.1625,1.3875000000000002,1019.25,1018.625,1018.375,13.07738095238095,1.517915498411176,14.154761904761903,1.5580323797065856,15.624603174603175,1.8318239135663803,0.0,364.0,12.0,0.0,1.0,-0.021501372740813793,0.999768818762748,2013-12-30,12.375
2013-12-30,10.571428571428571,10.875,11.875,14.25,15.25,17.875,69.42857142857143,70.0,88.25,5.325,5.325,9.025,1018.5,1019.25,1020.5,12.409013605442178,1.4292727870171664,13.802721088435375,1.772711907407664,15.38531746031746,2.0052630661717266,1.0,365.0,12.0,0.7818314824680298,0.6234898018587336,-0.004300592702981974,0.9999907524084426,2013-12-31,14.5
2013-12-31,12.375,10.571428571428571,10.875,13.5,14.75,18.0,79.5,69.42857142857143,84.75,6.4750000000000005,5.325,5.7875000000000005,1018.125,1018.5,1021.375,12.141156462585034,1.1808625432142013,13.597363945578232,1.7586263664802293,15.201984126984126,2.0211508986831124,2.0,1.0,1.0,0.9749279121818236,-0.22252093395631434,0.017201575418260506,0.9998520419557735,2014-01-01,13.375
2014-01-01,14.5,12.375,10.571428571428571,13.666666666666666,14.875,17.25,89.375,79.5,63.16666666666666,4.862500000000001,6.4750000000000005,34.4875,1020.5,1018.125,1020.625,12.284013605442178,1.410759134164457,13.579506802721088,1.747254654208836,15.08531746031746,1.953970610530882,3.0,2.0,1.0,0.43388373911755823,-0.900968867902419,0.03439806061360801,0.9994082116062598,2014-01-02,11.0
2014-01-02,13.375,14.5,12.375,12.125,16.125,17.5,89.625,89.375,67.625,7.65,4.862500000000001,4.4,1021.0,1020.5,1019.25,12.242346938775512,1.3667368105204534,13.472363945578232,1.7072355267407875,14.956150793650794,1.933915518443857,4.0,3.0,1.0,-0.433883739117558,-0.9009688679024191,0.051584366869408364,0.9986686402879997,2014-01-03,12.5
2014-01-03,11.0,13.375,14.5,11.875,15.375,17.142857142857142,78.375,89.625,79.875,8.1,7.65,1.1625,1020.25,1021.0,1018.625,12.081632653061225,1.4466437649611612,13.106292517006803,1.6429448288809068,14.739484126984127,2.0020030893736522,5.0,4.0,1.0,-0.9749279121818236,-0.2225209339563146,0.06875540848113941,0.9976335468520451,2014-01-04,12.875
2014-01-04,12.5,11.0,13.375,10.875,14.75,17.142857142857142,74.875,78.375,70.0,5.325,8.1,5.325,1017.75,1020.25,1019.25,12.17091836734694,1.4510455832749787,12.90093537414966,1.5120194195634102,14.58472222222222,1.9892211663640247,6.0,5.0,1.0,-0.7818314824680299,0.6234898018587334,0.08590610426133272,0.9963032375991965,2014-01-05,12.375
2014-01-05,12.875,12.5,11.0,10.571428571428571,15.25,16.125,88.125,74.875,69.42857142857143,1.1625,5.325,5.325,1016.25,1017.75,1018.5,12.456632653061225,1.3464829289445568,12.767006802721088,1.4156040300443613,14.442460317460318,1.9522309689809685,0.0,6.0,1.0,0.0,1.0,0.10303137904317879,0.9946781061893646,2014-01-06,11.428571428571429
2014-01-06,12.375,12.875,12.5,12.375,14.25,16.0,89.0,88.125,79.5,0.4625,1.1625,6.4750000000000005,1014.5,1016.25,1018.125,12.714285714285714,1.0697407340541039,12.561649659863946,1.2231474009652217,14.317460317460318,1.9608202832431525,1.0,7.0,1.0,0.7818314824680298,0.6234898018587336,0.1201261651823505,0.9927586335250793,2014-01-07,12.142857142857142
2014-01-07,11.428571428571429,12.375,12.875,14.5,13.5,16.5,86.28571428571429,89.0,89.375,27.3375,0.4625,4.862500000000001,1017.625,1014.5,1020.5,12.57908163265306,1.1744542598804613,12.360119047619047,1.1540530423128386,14.165079365079366,2.002737866553786,2.0,8.0,1.0,0.9749279121818236,-0.22252093395631434,0.13718540405660057,0.9905453876091833,2014-01-08,11.875
2014-01-08,12.142857142857142,11.428571428571429,12.375,13.375,13.666666666666666,16.125,72.28571428571429,86.28571428571429,89.625,20.6,27.3375,7.65,1017.75,1017.625,1021.0,12.24234693877551,0.8147279202663629,12.263180272108842,1.1069783508766862,14.01984126984127,1.985486261270672,3.0,9.0,1.0,0.43388373911755823,-0.900968867902419,0.1542040475626894,0.988039023376751,2014-01-09,12.833333333333334
2014-01-09,11.875,12.142857142857142,11.428571428571429,11.0,12.125,15.5,76.875,72.28571428571429,78.375,1.85,20.6,8.1,1017.875,1017.75,1020.25,12.028061224489798,0.6472121946300692,12.135204081632653,1.033360205660974,13.878174603174605,1.9817188862324437,4.0,10.0,1.0,-0.433883739117558,-0.9009688679024191,0.17117705961019986,0.985240282501282,2014-01-10,12.375
2014-01-10,12.833333333333334,11.875,12.142857142857142,12.5,11.875,16.625,83.0,76.875,74.875,1.2333333333333334,1.85,5.325,1017.0,1017.875,1017.75,12.28996598639456,0.5203678678093064,12.185799319727892,1.0500283924921492,13.789285714285715,1.9662095619341649,5.0,11.0,1.0,-0.9749279121818236,-0.2225209339563146,0.18809941761179758,0.9821499931752291,2014-01-11,12.125
2014-01-11,12.375,12.833333333333334,11.875,12.875,10.875,17.75,85.375,83.0,88.125,0.0,1.2333333333333334,1.1625,1016.625,1017.0,1016.25,12.272108843537413,0.5140656023038166,12.221513605442178,1.047143317754415,13.647619047619049,1.9070673137848817,6.0,12.0,1.0,-0.7818314824680299,0.6234898018587334,0.20496611396949532,0.9787690698649216,2014-01-12,12.875
2014-01-12,12.125,12.375,12.833333333333334,12.375,10.571428571428571,17.142857142857142,82.625,85.375,89.0,6.7250000000000005,0.0,0.4625,1019.625,1016.625,1014.5,12.164965986394558,0.44033827588965907,12.310799319727892,0.974254251543906,13.460119047619049,1.7607249508674452,0.0,13.0,1.0,0.0,1.0,0.22177215755648186,0.975098513039961,2014-01-13,14.0
2014-01-13,12.875,12.125,12.375,11.428571428571429,12.375,16.142857142857142,80.875,82.625,86.28571428571429,3.2500000000000004,6.7250000000000005,27.3375,1020.75,1019.625,1017.625,12.236394557823129,0.5144101008553457,12.475340136054422,0.8436690834464834,13.317857142857143,1.6196750329765686,1.0,14.0,1.0,0.7818314824680298,0.6234898018587336,0.23851257519407648,0.9711394088771653,2014-01-14,14.875
2014-01-14,14.0,12.875,12.125,12.142857142857142,14.5,15.5,72.375,80.875,72.28571428571429,1.1625,3.2500000000000004,20.6,1019.375,1020.75,1017.75,12.60374149659864,0.7188910493136683,12.591411564625849,0.9355792642948016,13.246428571428572,1.535877844168727,2.0,15.0,1.0,0.9749279121818236,-0.22252093395631434,0.2551824131233728,0.9668929289391521,2014-01-15,12.0
2014-01-15,14.875,14.0,12.875,11.875,13.375,15.25,76.75,72.375,76.875,2.7875,1.1625,1.85,1017.0,1019.375,1017.875,12.994047619047619,1.078629899602664,12.618197278911564,0.9977294592759766,13.22559523809524,1.5082456318631654,3.0,16.0,1.0,0.43388373911755823,-0.900968867902419,0.2717767384711357,0.9623603298276545,2014-01-16,12.285714285714286
2014-01-16,12.0,14.875,14.0,12.833333333333334,11.0,14.75,93.5,76.75,83.0,0.4625,2.7875,1.2333333333333334,1019.75,1017.0,1017.0,13.011904761904761,1.057850471024621,12.519982993197278,0.9850968650123196,13.117261904761905,1.4741581748435137,4.0,17.0,1.0,-0.433883739117558,-0.9009688679024191,0.2882906407095177,0.9575429528116719,2014-01-17,12.0
2014-01-17,12.285714285714286,12.0,14.875,12.375,12.5,14.875,90.57142857142856,93.5,85.375,1.585714285714286,0.4625,0.0,1019.5714285714286,1019.75,1016.625,12.933673469387756,1.0929249456532983,12.611819727891156,0.8876010694732136,13.035119047619048,1.4484753184308237,5.0,18.0,1.0,-0.9749279121818236,-0.2225209339563146,0.3047192331091634,0.9524422234305676,2014-01-18,12.5
2014-01-18,12.0,12.285714285714286,12.0,12.125,12.875,16.125,95.75,90.57142857142856,82.625,1.1625,1.585714285714286,6.7250000000000005,1017.625,1019.5714285714286,1019.625,12.880102040816327,1.1333174340047087,12.57610544217687,0.9023825790191331,12.939285714285715,1.4173205704776184,6.0,19.0,1.0,-0.7818314824680299,0.6234898018587334,0.321057654185271,0.9470596510722283,2014-01-19,14.5
2014-01-19,12.5,12.0,12.285714285714286,12.875,12.375,15.375,94.25,95.75,80.875,1.85,1.1625,3.2500000000000004,1020.25,1017.625,1020.75,12.933673469387756,1.1000499701519313,12.549319727891156,0.8983846865218013,12.818452380952381,1.2846750022491125,0.0,20.0,1.0,0.0,1.0,0.3373010691361842,0.9413968285264122,2014-01-20,14.625
2014-01-20,14.5,12.5,12.0,14.0,11.428571428571429,14.75,84.5,94.25,72.375,3.475,1.85,1.1625,1023.0,1020.25,1019.375,13.165816326530614,1.2472211580563353,12.70110544217687,1.0356884406149647,12.789285714285715,1.2335462169897538,1.0,21.0,1.0,0.7818314824680298,0.6234898018587336,0.3534446712740877,0.9354554315134164,2014-01-21,13.571428571428571
2014-01-21,14.625,14.5,12.5,14.875,12.142857142857142,15.25,83.5,84.5,76.75,4.4125000000000005,3.475,2.7875,1021.375,1023.0,1017.0,13.255102040816327,1.3360959747855257,12.929421768707483,1.0847434195980936,12.785119047619048,1.2268880932764241,2.0,22.0,1.0,0.9749279121818236,-0.22252093395631434,0.3694836834473831,0.9292372181882051,2014-01-22,15.25
2014-01-22,13.571428571428571,14.625,14.5,12.0,11.875,14.25,96.85714285714286,83.5,93.5,7.171428571428572,4.4125000000000005,0.4625,1020.5714285714286,1021.375,1019.75,13.068877551020408,1.1506629157889772,13.031462585034015,1.0721798052438893,12.729166666666666,1.14622471617399,3.0,23.0,1.0,0.43388373911755823,-0.900968867902419,0.38541335945432564,0.9227440286201427,2014-01-23,15.625
2014-01-23,15.25,13.571428571428571,14.625,12.285714285714286,12.833333333333334,13.5,96.125,96.85714285714286,90.57142857142856,6.7125,7.171428571428572,1.585714285714286,1019.875,1020.5714285714286,1019.5714285714286,13.533163265306124,1.294219083821776,13.272534013605442,1.167353694724781,12.7625,1.2050101621035165,4.0,24.0,1.0,-0.433883739117558,-0.9009688679024191,0.4012289854475009,0.9159777842484877,2014-01-24,13.875
2014-01-24,15.625,15.25,13.571428571428571,12.0,12.375,13.666666666666666,90.125,96.125,95.75,6.7125,6.7125,1.1625,1020.25,1019.875,1017.625,14.010204081632653,1.3709300131912074,13.471938775510205,1.315581701823501,12.833333333333334,1.30791904208854,5.0,25.0,1.0,-0.9749279121818236,-0.2225209339563146,0.4169258813287287,0.908940487313808,2014-01-25,11.75
2014-01-25,13.875,15.625,15.25,12.5,12.125,12.125,88.875,90.125,94.25,8.1125,6.7125,1.85,1019.25,1020.25,1020.25,14.278061224489795,1.0608033243279322,13.579081632653061,1.2799725709802066,12.840277777777777,1.3130392834921931,6.0,26.0,1.0,-0.7818314824680299,0.6234898018587334,0.4324994021339788,0.901634220265486,2014-01-26,14.375
2014-01-26,11.75,13.875,15.625,14.5,12.875,11.875,95.625,88.875,84.5,8.3375,8.1125,3.475,1019.75,1019.25,1023.0,14.170918367346939,1.2845918191724477,13.552295918367347,1.3161549112014037,12.827777777777778,1.3218389550970582,0.0,27.0,1.0,0.0,1.0,0.44794493940789115,0.8940611451454876,2014-01-27,16.625
2014-01-27,14.375,11.75,13.875,14.625,14.0,10.875,85.75,95.625,83.5,8.8125,8.3375,4.4125000000000005,1019.125,1019.75,1021.375,14.153061224489795,1.2801158346212436,13.659438775510205,1.3178311644171627,12.91111111111111,1.3384018551593833,1.0,28.0,1.0,0.7818314824680298,0.6234898018587336,0.4632579225674917,0.88622350294858,2014-01-28,16.625
2014-01-28,16.625,14.375,11.75,13.571428571428571,14.875,10.571428571428571,72.375,85.75,96.85714285714286,9.95,8.8125,7.171428571428572,1018.75,1019.125,1020.5714285714286,14.438775510204081,1.5889464974682959,13.846938775510205,1.5383110279031507,13.102777777777778,1.4442920368055454,2.0,29.0,1.0,0.9749279121818236,-0.22252093395631434,0.4784338202547012,0.8781236129591848,2014-01-29,14.875
2014-01-29,16.625,16.625,14.375,15.25,12.0,12.375,69.875,72.375,96.125,7.4125,9.95,6.7125,1016.75,1018.75,1019.875,14.875,1.7245168405477584,13.971938775510205,1.6917259035831334,13.304563492063492,1.500232182988458,3.0,30.0,1.0,0.43388373911755823,-0.900968867902419,0.49346814167723735,0.8697638720650646,2014-01-30,14.5
2014-01-30,14.875,16.625,16.625,15.625,12.285714285714286,14.5,81.875,69.875,90.125,4.625000000000001,7.4125,6.7125,1018.625,1016.75,1020.25,14.821428571428571,1.7167331240024193,14.177295918367347,1.6062797481760431,13.387896825396826,1.5161663393607239,4.0,31.0,1.0,-0.433883739117558,-0.9009688679024191,0.5083564379375122,0.8611467540480452,2014-01-31,14.75
2014-01-31,14.5,14.875,16.625,13.875,12.0,13.375,83.25,81.875,88.875,0.925,4.625000000000001,8.1125,1019.375,1018.625,1019.25,14.660714285714286,1.6812605106768501,14.33545918367347,1.511941909105545,13.387896825396826,1.5161663393607239,5.0,32.0,2.0,-0.9749279121818236,-0.2225209339563146,0.5230943033491326,0.8522748088519838,2014-02-01,14.0
2014-02-01,14.75,14.5,14.875,11.75,12.5,11.0,82.5,83.25,95.625,3.0125,0.925,8.3375,1019.25,1019.375,1019.75,14.785714285714286,1.6452492936010403,14.531887755102042,1.3557536732526267,13.433730158730159,1.5364108262836864,6.0,33.0,2.0,-0.7818314824680299,0.6234898018587334,0.5376773767406141,0.8431506618282,2014-02-02,15.25
2014-02-02,14.0,14.75,14.5,14.375,14.5,12.5,79.375,82.5,85.75,2.55,3.0125,8.8125,1019.75,1019.25,1019.125,15.107142857142858,1.0739058662300485,14.639030612244898,1.2368852549844573,13.533730158730158,1.4686823514475198,0.0,34.0,2.0,0.0,1.0,0.5521013427459208,0.8337770129585915,2014-02-03,18.428571428571427
2014-02-03,15.25,14.0,14.75,16.625,14.625,12.875,76.125,79.375,72.375,1.85,2.55,9.95,1016.875,1019.75,1018.75,15.232142857142858,1.0242593142640446,14.692602040816327,1.246604071750921,13.625396825396825,1.4876353421801485,1.0,35.0,2.0,0.7818314824680298,0.6234898018587336,0.5663619330814524,0.8241566360566663,2014-02-04,18.857142857142858
2014-02-04,18.428571428571427,15.25,14.0,16.625,13.571428571428571,12.375,63.85714285714285,76.125,69.875,12.2875,1.85,7.4125,1014.125,1016.875,1016.75,15.489795918367346,1.5333542615927702,14.964285714285714,1.5961928557202585,13.810515873015873,1.7186404756032838,2.0,36.0,2.0,0.9749279121818236,-0.22252093395631434,0.580454927809098,0.8142923779467267,2014-02-05,17.0
2014-02-05,18.857142857142858,18.428571428571427,15.25,14.875,15.25,11.428571428571429,65.42857142857143,63.85714285714285,81.875,13.425,12.2875,4.625000000000001,1011.0,1014.125,1018.625,15.808673469387754,1.9767653966594145,15.341836734693876,1.8468365909265945,14.026587301587304,1.9268086861258078,3.0,37.0,2.0,0.43388373911755823,-0.900968867902419,0.5943761565849831,0.804187157621448,2014-02-06,18.5
2014-02-06,17.0,18.857142857142858,18.428571428571427,14.5,15.625,12.142857142857142,72.75,65.42857142857143,83.25,1.625,13.425,0.925,1011.5,1011.0,1019.375,16.112244897959183,1.9726476315672872,15.466836734693876,1.8986390175228411,14.212301587301589,1.9362420267287999,4.0,38.0,2.0,-0.433883739117558,-0.9009688679024191,0.6081214998935418,0.7938439653781019,2014-02-07,19.625
2014-02-07,18.5,17.0,18.857142857142858,14.75,13.875,11.875,65.375,72.75,82.5,6.012500000000001,1.625,3.0125,1010.875,1011.5,1019.25,16.683673469387752,2.0068365902825187,15.67219387755102,2.065233336322993,14.424206349206349,2.04666769468991,5.0,39.0,2.0,-0.9749279121818236,-0.2225209339563146,0.6216868902665479,0.7832658619336791,2014-02-08,13.625
2014-02-08,19.625,18.5,17.0,14.0,11.75,12.833333333333334,67.25,65.375,79.375,15.05,6.012500000000001,2.55,1009.25,1010.875,1019.75,17.380102040816325,2.0688796480356197,16.082908163265305,2.2443196125103846,14.682539682539682,2.197367776227609,6.0,40.0,2.0,-0.7818314824680299,0.6234898018587334,0.6350683134867438,0.7724559775191742,2014-02-09,12.875
2014-02-09,13.625,19.625,18.5,15.25,14.375,12.375,85.375,67.25,76.125,8.1125,15.05,1.85,1011.375,1009.25,1016.875,17.3265306122449,2.1732153687272495,16.216836734693878,2.0095296065844055,14.708928571428572,2.1790718051706293,0.0,41.0,2.0,0.0,1.0,0.6482618097757122,0.7614175109532997,2014-02-10,12.625
2014-02-10,12.875,13.625,19.625,18.428571428571427,16.625,12.125,63.375,85.375,63.85714285714285,9.2625,8.1125,12.2875,1012.0,1011.375,1014.125,16.987244897959183,2.678168903995429,16.10969387755102,2.1503401526087385,14.72559523809524,2.1624539231753395,1.0,42.0,2.0,0.7818314824680298,0.6234898018587336,0.6612634749656386,0.7501537286959042,2014-02-11,13.375
2014-02-11,12.625,12.875,13.625,18.857142857142858,16.625,12.875,61.75,63.375,65.42857142857143,3.7,9.2625,13.425,1012.5,1012.0,1011.0,16.158163265306122,3.0324812716287224,15.823979591836734,2.3344610630314424,14.742261904761905,2.143563529575085,2.0,43.0,2.0,0.9749279121818236,-0.22252093395631434,0.6740694616546161,0.7386679638813748,2014-02-12,13.25
2014-02-12,13.375,12.625,12.875,17.0,14.875,14.0,64.625,61.75,72.75,3.7,3.7,1.625,1013.5,1012.5,1011.5,15.375,2.9252848864112666,15.591836734693876,2.4090791884955816,14.758928571428573,2.130448215074522,3.0,44.0,2.0,0.43388373911755823,-0.900968867902419,0.6866759803451553,0.726963615332308,2014-02-13,15.25
2014-02-13,13.25,13.375,12.625,18.5,14.5,14.875,67.0,64.625,65.375,9.2625,3.7,6.012500000000001,1013.5,1013.5,1010.875,14.839285714285714,2.9214671379453705,15.47576530612245,2.4842479327846005,14.733928571428573,2.1440183122404974,4.0,45.0,2.0,-0.433883739117558,-0.9009688679024191,0.6990793005655562,0.7150441465537444,2014-02-14,13.0
2014-02-14,15.25,13.25,13.375,19.625,14.75,12.0,64.5,67.0,67.25,4.875,9.2625,15.05,1013.625,1013.5,1009.25,14.375,2.4653853654143907,15.529336734693876,2.46963115837579,14.746428571428572,2.1459614214233604,5.0,46.0,2.0,-0.9749279121818236,-0.2225209339563146,0.7112757519738152,0.7029130847082615,2014-02-15,12.375
2014-02-15,13.0,15.25,13.25,13.625,14.0,12.285714285714286,95.5,64.5,85.375,5.3375,4.875,8.1125,1011.875,1013.625,1011.375,13.428571428571429,0.8685990362150277,15.404336734693876,2.5549265130316305,14.779761904761905,2.1092830271387553,6.0,47.0,2.0,-0.7818314824680299,0.6234898018587334,0.7232617254437388,0.6905740195722293,2014-02-16,13.5
2014-02-16,12.375,13.0,15.25,12.875,15.25,12.0,89.5,95.5,63.375,3.9375,5.3375,9.2625,1012.875,1011.875,1012.0,13.25,0.9464847242997166,15.28826530612245,2.658448747313741,14.782738095238097,2.1057025392467636,0.0,48.0,2.0,0.0,1.0,0.7350336741329413,0.6780306024735382,2014-02-17,15.125
2014-02-17,13.5,12.375,13.0,12.625,18.428571428571427,12.5,79.0,89.5,61.75,8.7875,3.9375,3.7,1016.0,1012.875,1012.5,13.339285714285714,0.9346185878535094,15.16326530612245,2.7011852842587802,14.832738095238096,2.054534917119247,1.0,49.0,2.0,0.7818314824680298,0.6234898018587336,0.746588114532413,0.6652865452111116,2014-02-18,15.25
2014-02-18,15.125,13.5,12.375,13.375,18.857142857142858,14.5,66.125,79.0,64.625,12.725,8.7875,3.7,1017.75,1016.0,1013.5,13.696428571428571,1.0821880392890875,14.927295918367347,2.533057192885777,14.920238095238096,2.00711115566115,2.0,50.0,2.0,0.9749279121818236,-0.22252093395631434,0.7579216274973472,0.6523456189565257,2014-02-19,15.125
2014-02-19,15.25,15.125,13.5,13.25,17.0,14.625,60.125,66.125,67.0,8.799999999999999,12.725,9.2625,1017.375,1017.75,1013.5,13.964285714285714,1.213453846709739,14.669642857142858,2.2726462585459335,14.945238095238096,2.0063670496640107,3.0,51.0,2.0,0.43388373911755823,-0.900968867902419,0.7690308592589181,0.6392116531380588,2014-02-20,16.125
2014-02-20,15.125,15.25,15.125,15.25,18.5,13.571428571428571,75.375,60.125,64.5,1.85,8.799999999999999,4.875,1016.625,1017.375,1013.625,14.232142857142858,1.2362337196190907,14.535714285714286,2.1780309183567588,14.961904761904764,2.0056917456008927,4.0,52.0,2.0,-0.433883739117558,-0.9009688679024191,0.7799125224167177,0.6258885343075018,2014-02-21,17.125
2014-02-21,16.125,15.125,15.25,13.0,19.625,15.25,78.625,75.375,95.5,1.8625,1.85,5.3375,1014.75,1016.625,1011.875,14.357142857142858,1.3908716006602695,14.366071428571429,1.9230786401089397,15.047023809523811,1.99882026327382,5.0,53.0,2.0,-0.9749279121818236,-0.2225209339563146,0.7905633969115482,0.612380204990065,2014-02-22,16.625
2014-02-22,17.125,16.125,15.125,12.375,13.625,15.625,72.25,78.625,89.5,8.7875,1.8625,3.9375,1014.25,1014.75,1012.875,14.946428571428571,1.580903524058455,14.1875,1.4567069685791207,15.109523809523811,2.034383657537656,6.0,54.0,2.0,-0.7818314824680299,0.6234898018587334,0.8009803309782905,0.5986906625177214,2014-02-23,16.5
2014-02-23,16.625,17.125,16.125,13.5,12.875,13.875,85.625,72.25,79.0,6.250000000000001,8.7875,8.7875,1017.375,1014.25,1016.0,15.553571428571429,1.1986475513596493,14.401785714285714,1.5827940328889116,15.142857142857144,2.051243593894063,0.0,55.0,2.0,0.0,1.0,0.8111602420785621,0.5848239578463322,2014-02-24,16.375
2014-02-24,16.5,16.625,17.125,15.125,12.625,11.75,80.0,85.625,66.125,7.887500000000001,6.250000000000001,12.725,1019.375,1017.375,1017.75,15.982142857142858,0.8178623414263358,14.660714285714286,1.6100858280308183,15.230357142857144,2.0512829935000365,1.0,56.0,2.0,0.7818314824680298,0.6234898018587336,0.8211001178128892,0.5707841943569036,2014-02-25,18.125
2014-02-25,16.375,16.5,16.625,15.25,13.375,14.375,69.375,80.0,60.125,5.3375,7.887500000000001,8.799999999999999,1018.625,1019.375,1017.375,16.160714285714285,0.7314165968138872,14.928571428571429,1.5564029394374201,15.384523809523811,1.9520934497353484,2.0,57.0,2.0,0.9749279121818236,-0.22252093395631434,0.8307970168121247,0.5565755266413303,2014-02-26,18.75
2014-02-26,18.125,16.375,16.5,15.125,13.25,16.625,69.0,69.375,75.375,0.925,5.3375,1.85,1017.25,1018.625,1016.625,16.571428571428573,0.9181535559918863,15.267857142857142,1.7025554484199366,15.509523809523811,2.004578532424533,3.0,58.0,2.0,0.43388373911755823,-0.900968867902419,0.8402480696078469,0.5422021592729844,2014-02-27,18.625
2014-02-27,18.75,18.125,16.375,16.125,15.25,16.625,71.125,69.0,78.625,2.0875,0.925,1.8625,1014.25,1017.25,1014.75,17.089285714285715,0.9861390561654378,15.660714285714286,1.8308445478087816,15.580357142857144,2.081425205223509,4.0,59.0,2.0,-0.433883739117558,-0.9009688679024191,0.8494504794814806,0.527668345562516,2014-02-28,15.625
2014-02-28,18.625,18.75,18.125,17.125,13.0,14.875,76.625,71.125,72.25,7.175000000000001,2.0875,8.7875,1013.125,1014.25,1014.25,17.446428571428573,1.0304154270878298,15.901785714285714,1.9880523974896225,15.64702380952381,2.147033508873069,5.0,60.0,3.0,-0.9749279121818236,-0.2225209339563146,0.8584015232918917,0.512978386299228,2014-03-01,16.142857142857142
2014-03-01,15.625,18.625,18.75,16.625,12.375,14.5,88.375,76.625,85.625,5.799999999999999,7.175000000000001,6.250000000000001,1013.125,1013.125,1017.375,17.232142857142858,1.2425372467348574,16.089285714285715,1.809050810553493,15.672023809523811,2.1420949143803014,6.0,61.0,3.0,-0.7818314824680299,0.6234898018587334,0.8670985522812081,0.4981366284784055,2014-03-02,16.125
2014-03-02,16.142857142857142,15.625,18.625,16.5,13.5,14.75,87.28571428571429,88.375,80.0,4.242857142857143,5.799999999999999,7.887500000000001,1015.2857142857144,1013.125,1019.375,17.163265306122447,1.294095884924167,16.35841836734694,1.4607042821486154,15.726785714285715,2.1320754521446545,0.0,62.0,3.0,0.0,1.0,0.8755389928586302,0.4831474640149687,2014-03-03,17.875
2014-03-03,16.125,16.142857142857142,15.625,16.375,15.125,14.0,79.0,87.28571428571429,69.375,5.7875000000000005,4.242857142857143,5.3375,1017.125,1015.2857142857144,1018.625,17.10969387755102,1.3332972693129062,16.54591836734694,1.21304708735937,15.772619047619049,2.125121251939304,1.0,63.0,3.0,0.7818314824680298,0.6234898018587336,0.8837203473619977,0.4680153284438345,2014-03-04,18.75
2014-03-04,17.875,16.125,16.142857142857142,18.125,15.25,15.25,65.625,79.0,69.0,3.7,5.7875000000000005,0.925,1016.25,1017.125,1017.25,17.323979591836736,1.3159647567508506,16.74234693877551,1.1876464275107335,15.901785714285715,2.1314183093658343,2.0,64.0,3.0,0.9749279121818236,-0.22252093395631434,0.8916401947968874,0.45274469960737107,2014-03-05,18.875
2014-03-05,18.75,17.875,16.125,18.75,15.125,18.428571428571427,66.375,65.625,71.125,3.7125,3.7,2.0875,1016.5,1016.25,1014.25,17.413265306122447,1.3980150443180441,16.99234693877551,1.2173465440077436,16.018452380952382,2.1895090218188993,3.0,65.0,3.0,0.43388373911755823,-0.900968867902419,0.8992961915530253,0.4373400963303323,2014-03-06,18.375
2014-03-06,18.875,18.75,17.875,18.625,16.125,18.857142857142858,67.0,66.375,76.625,5.325000000000001,3.7125,7.175000000000001,1016.125,1016.5,1013.125,17.43112244897959,1.4185822097814036,17.260204081632654,1.1870473252236604,16.033333333333335,2.207894067111837,4.0,66.0,3.0,-0.433883739117558,-0.9009688679024191,0.9066860720977985,0.4218060770826634,2014-03-07,18.5
2014-03-07,18.375,18.875,18.75,15.625,17.125,17.0,64.0,67.0,88.375,4.6375,5.325000000000001,5.799999999999999,1016.375,1016.125,1013.125,17.395408163265305,1.3862951566742532,17.42091836734694,1.173768817165933,16.017261904761902,2.188298378149754,5.0,67.0,3.0,-0.9749279121818236,-0.2225209339563146,0.9138076496466615,0.4061472386305789,2014-03-08,19.875
2014-03-08,18.5,18.375,18.875,16.142857142857142,16.625,18.5,62.875,64.0,87.28571428571429,6.7125,4.6375,4.242857142857143,1017.125,1016.375,1015.2857142857144,17.80612244897959,1.1857388736077181,17.519132653061224,1.2042340980219415,16.067261904761903,2.228298084500635,6.0,68.0,3.0,-0.7818314824680299,0.6234898018587334,0.9206588168102428,0.3903682146763026,2014-03-09,22.0
2014-03-09,19.875,18.5,18.375,16.125,16.5,19.625,63.875,62.875,79.0,9.9625,6.7125,5.7875000000000005,1017.0,1017.125,1017.125,18.339285714285715,1.1517972498498132,17.75127551020408,1.3257366714481458,16.113095238095237,2.2932561715097433,0.0,69.0,3.0,0.0,1.0,0.9272375462179537,0.374473674486883,2014-03-10,20.0
2014-03-10,22.0,19.875,18.5,17.875,16.375,13.625,56.625,63.875,65.625,7.65,9.9625,3.7,1014.5,1017.0,1016.25,19.178571428571427,1.3860486832650163,18.144132653061224,1.6910116564291986,16.192261904761903,2.45403147523988,1.0,70.0,3.0,0.7818314824680298,0.6234898018587336,0.9335418911179212,0.35846832151248087,2014-03-11,20.714285714285715
2014-03-11,20.0,22.0,19.875,18.75,18.125,12.875,63.875,56.625,66.375,10.8875,7.65,3.7125,1014.375,1014.5,1016.5,19.482142857142858,1.2817398889232137,18.403061224489797,1.6767542520323253,16.404761904761905,2.499649576660411,2.0,71.0,3.0,0.9749279121818236,-0.22252093395631434,0.9395699859530622,0.342356891994542,2014-03-12,20.0
2014-03-12,20.714285714285715,20.0,22.0,18.875,18.75,12.625,70.0,63.875,67.0,15.6,10.8875,5.325000000000001,1013.7142857142856,1014.375,1016.125,19.762755102040817,1.309458099773693,18.588010204081634,1.7831501409918262,16.666071428571428,2.527527676579573,3.0,72.0,3.0,0.43388373911755823,-0.900968867902419,0.945320046913132,0.3261441535642696,2014-03-13,19.0
2014-03-13,20.0,20.714285714285715,20.0,18.375,18.625,13.375,68.875,70.0,64.0,6.4875,15.6,4.6375,1016.25,1013.7142857142856,1016.375,19.9234693877551,1.250030368921573,18.67729591836735,1.8227406430994986,16.91190476190476,2.479121709852758,4.0,73.0,3.0,-0.433883739117558,-0.9009688679024191,0.9507903724625832,0.3098349038318025,2014-03-14,19.625
2014-03-14,19.0,20.0,20.714285714285715,18.5,15.625,13.25,60.625,68.875,62.875,9.95,6.4875,6.7125,1016.25,1016.25,1017.125,20.012755102040817,1.1383240775539858,18.704081632653065,1.8246673731533696,17.09940476190476,2.414261135235905,5.0,74.0,3.0,-0.9749279121818236,-0.2225209339563146,0.9559793438440766,0.2934339689665273,2014-03-15,21.625
2014-03-15,19.625,19.0,20.0,19.875,16.142857142857142,15.25,61.25,60.625,63.875,5.800000000000001,9.95,9.9625,1015.0,1016.25,1017.0,20.1734693877551,0.9535733394461092,18.98979591836735,1.6054434587551007,17.311904761904763,2.3432741228513687,6.0,75.0,3.0,-0.7818314824680299,0.6234898018587334,0.9608854255574977,0.27694620226893646,2014-03-16,23.125
2014-03-16,21.625,19.625,19.0,22.0,16.125,13.0,62.625,61.25,56.625,2.7875,5.800000000000001,7.65,1016.375,1015.0,1014.5,20.4234693877551,1.0829104168144623,19.38137755102041,1.5241483574136359,17.524404761904762,2.437025650506945,0.0,76.0,3.0,0.0,1.0,0.9655071658143364,0.2603764827344581,2014-03-17,26.25
2014-03-17,23.125,21.625,19.625,20.0,17.875,12.375,58.5,62.625,63.875,6.25,2.7875,10.8875,1015.375,1016.375,1014.375,20.58418367346939,1.3945241202165304,19.88137755102041,1.521893584827331,17.861904761904764,2.4893772084119403,1.0,77.0,3.0,0.7818314824680298,0.6234898018587336,0.969843196967294,0.24372971360968387,2014-03-18,24.857142857142858
2014-03-18,26.25,23.125,21.625,20.714285714285715,18.75,13.5,52.125,58.5,70.0,6.7125,6.25,15.6,1011.25,1015.375,1013.7142857142856,21.477040816326532,2.51157427622497,20.479591836734695,2.177398544197483,18.324404761904763,2.713629698292569,2.0,78.0,3.0,0.9749279121818236,-0.22252093395631434,0.9738922359149924,0.22701082094141847,2014-03-19,21.75
2014-03-19,24.857142857142858,26.25,23.125,20.0,18.875,15.125,53.42857142857143,52.125,68.875,9.8,6.7125,6.4875,1012.8571428571428,1011.25,1016.25,22.06887755102041,2.776071309329057,20.91581632653061,2.4041825286069027,18.70297619047619,2.8079449717233986,3.0,79.0,3.0,0.43388373911755823,-0.900968867902419,0.9776530844816641,0.2102247521189836,2014-03-20,21.5
2014-03-20,21.75,24.857142857142858,26.25,19.0,18.375,15.25,57.375,53.42857142857143,60.625,10.1875,9.8,9.95,1013.25,1012.8571428571428,1016.25,22.31887755102041,2.6338615522431543,21.121173469387752,2.338338439311419,18.92380952380952,2.777194774224599,4.0,80.0,3.0,-0.433883739117558,-0.9009688679024191,0.981124629771712,0.19337647441020586,2014-03-21,22.5
2014-03-21,21.5,21.75,24.857142857142858,19.625,18.5,15.125,55.0,57.375,61.25,7.4,10.1875,5.800000000000001,1010.75,1013.25,1015.0,22.676020408163264,2.2504116349514525,21.34438775510204,2.201157784708334,19.132142857142856,2.7260512760153333,5.0,81.0,3.0,-0.9749279121818236,-0.2225209339563146,0.984305844499033,0.17647097349152166,2014-03-22,25.0
2014-03-22,22.5,21.5,21.75,21.625,19.875,16.125,64.75,55.0,62.625,5.3375,7.4,2.7875,1007.125,1010.75,1016.375,23.086734693877553,1.8224328630515665,21.630102040816325,2.0585335244685923,19.37797619047619,2.6844479188934494,6.0,82.0,3.0,-0.7818314824680299,0.6234898018587334,0.9871957872910085,0.15951325197263655,2014-03-23,22.75
2014-03-23,25.0,22.5,21.5,23.125,22.0,17.125,59.5,64.75,58.5,3.0125,5.3375,6.25,1007.0,1007.125,1015.375,23.56887755102041,1.8177024378525892,21.996173469387752,2.1748208863101013,19.67380952380952,2.800131370280283,0.0,83.0,3.0,0.0,1.0,0.9897936029670716,0.14250832791617088,2014-03-24,22.375
2014-03-24,22.75,25.0,22.5,26.25,20.0,16.625,61.875,59.5,52.125,9.025,3.0125,6.7125,1010.625,1007.0,1011.25,23.51530612244898,1.8383732298331266,22.049744897959183,2.184139643365822,19.86130952380952,2.8118785314370895,1.0,84.0,3.0,0.7818314824680298,0.6234898018587336,0.992098522791769,0.12546123335273648,2014-03-25,24.625
2014-03-25,22.375,22.75,25.0,24.857142857142858,20.714285714285715,16.5,73.125,61.875,53.42857142857143,9.4875,9.025,9.8,1011.625,1010.625,1012.8571428571428,22.961734693877553,1.4115213398001747,22.21938775510204,2.1034311294309314,20.05297619047619,2.779456797178087,2.0,85.0,3.0,0.9749279121818236,-0.22252093395631434,0.9941098647022418,0.10837701279187609,2014-03-26,25.125
2014-03-26,24.625,22.375,22.75,21.75,20.0,16.375,60.25,73.125,57.375,2.775,9.4875,10.1875,1010.5,1011.625,1013.25,22.928571428571427,1.361404649267633,22.498724489795915,2.147390628933524,20.323809523809523,2.8169148176404857,3.0,86.0,3.0,0.43388373911755823,-0.900968867902419,0.9958270335100595,0.09126072172931188,2014-03-27,23.5
2014-03-27,25.125,24.625,22.375,21.5,19.0,18.125,58.875,60.25,55.0,2.7750000000000004,2.775,7.4,1010.625,1010.5,1010.75,23.410714285714285,1.4679107277902939,22.864795918367346,2.125383360536187,20.61547619047619,2.8467859287844774,4.0,87.0,3.0,-0.433883739117558,-0.9009688679024191,0.9972495210773451,0.07411742515094437,2014-03-28,24.428571428571427
2014-03-28,23.5,25.125,24.625,22.5,19.625,18.75,63.25,58.875,64.75,4.8875,2.7750000000000004,5.3375,1011.75,1010.625,1007.125,23.696428571428573,1.2051476890327126,23.186224489795915,1.813299494619573,20.794642857142854,2.8537724501781696,5.0,88.0,3.0,-0.9749279121818236,-0.2225209339563146,0.998376906467142,0.056952196034039754,2014-03-29,25.875
2014-03-29,24.428571428571427,23.5,25.125,25.0,21.625,18.625,67.57142857142857,63.25,59.5,4.5,4.8875,3.0125,1011.1428571428572,1011.75,1007.0,23.971938775510203,1.1020841198345033,23.529336734693878,1.5180366271201169,20.98392857142857,2.901405715929849,6.0,89.0,3.0,-0.7818314824680299,0.6234898018587334,0.9992088560679753,0.03977011384605572,2014-03-30,24.125
2014-03-30,25.875,24.428571428571427,23.5,22.75,23.125,15.625,55.625,67.57142857142857,61.875,8.35,4.5,9.025,1011.25,1011.1428571428572,1010.625,24.096938775510203,1.2742902329012753,23.832908163265305,1.5327982656237815,21.225595238095238,2.998461968418052,0.0,90.0,3.0,0.0,1.0,0.9997451236925734,0.022576263041545485,2014-03-31,24.125
2014-03-31,24.125,25.875,24.428571428571427,22.375,26.25,16.142857142857142,46.75,55.625,73.125,13.9,8.35,9.4875,1009.875,1011.25,1011.625,24.293367346938773,1.1298486379185348,23.904336734693878,1.5205229844804005,21.50892857142857,2.8488594131716343,1.0,91.0,4.0,0.7818314824680298,0.6234898018587336,0.9999855506507186,0.005375731557583884,2014-04-01,24.875
2014-04-01,24.125,24.125,25.875,24.625,24.857142857142858,16.125,44.125,46.75,60.25,13.2,13.9,2.775,1008.25,1009.875,1010.5,24.543367346938773,0.7713691240636724,23.752551020408163,1.3666321147518128,21.775,2.6992290451948304,2.0,92.0,4.0,0.9749279121818236,-0.22252093395631434,0.9999300657962057,-0.011826390691832589,2014-04-02,26.75
2014-04-02,24.875,24.125,24.125,25.125,21.75,17.875,45.75,44.125,58.875,9.7125,13.2,2.7750000000000004,1006.125,1008.25,1010.625,24.57908163265306,0.7814995956977616,23.753826530612248,1.3677502356048066,22.066666666666666,2.535436454170376,3.0,93.0,4.0,0.43388373911755823,-0.900968867902419,0.9995786855478958,-0.029025013321975237,2014-04-03,25.0
2014-04-03,26.75,24.875,24.125,23.5,21.5,18.75,43.375,45.75,63.25,7.175,9.7125,4.8875,1005.75,1006.125,1011.75,24.811224489795915,1.1329958266674411,24.1109693877551,1.4543211368756992,22.3625,2.5472278590675055,4.0,94.0,4.0,-0.433883739117558,-0.9009688679024191,0.9989315138848577,-0.046215046983708354,2014-04-04,25.857142857142858
2014-04-04,25.0,26.75,24.875,24.428571428571427,22.5,18.875,48.0,43.375,67.57142857142857,10.425,7.175,4.5,1010.375,1005.75,1011.1428571428572,25.02551020408163,0.974420786814637,24.3609693877551,1.2586275762737935,22.570833333333333,2.496665982941541,5.0,95.0,4.0,-0.9749279121818236,-0.2225209339563146,0.9979887423155984,-0.06339140486951038,2014-04-05,27.375
2014-04-05,25.857142857142858,25.0,26.75,25.875,25.0,18.375,47.85714285714285,48.0,55.625,11.914285714285716,10.425,8.35,1009.8571428571428,1010.375,1011.25,25.229591836734695,0.9781536175438249,24.60076530612245,1.1949947769006668,22.80357142857143,2.465503554289413,6.0,96.0,4.0,-0.7818314824680299,0.6234898018587334,0.9967506498213929,-0.08054900421874167,2014-04-06,30.125
2014-04-06,27.375,25.857142857142858,25.0,24.125,22.75,18.5,44.0,47.85714285714285,46.75,9.2625,11.914285714285716,13.9,1008.875,1009.8571428571428,1009.875,25.44387755102041,1.2652735485164073,24.77040816326531,1.405983114267313,23.10357142857143,2.4555934727286064,0.0,97.0,4.0,0.0,1.0,0.9952176027737294,-0.09768276782171598,2014-04-07,27.25
2014-04-07,30.125,27.375,25.857142857142858,24.125,22.375,19.875,45.25,44.0,44.125,6.7125,9.2625,13.2,1007.5,1008.875,1008.25,26.301020408163264,2.026331461876772,25.297193877551024,1.889298011224977,23.49107142857143,2.6160719539668604,1.0,98.0,4.0,0.7818314824680298,0.6234898018587336,0.9933900548258936,-0.11478762552212701,2014-04-08,25.75
2014-04-08,27.25,30.125,27.375,24.875,24.625,22.0,47.625,45.25,45.75,12.9625,6.7125,9.7125,1009.625,1007.5,1006.125,26.747448979591837,1.7984494860673426,25.64540816326531,1.7536665047586872,23.736904761904764,2.61106195978245,2.0,99.0,4.0,0.9749279121818236,-0.22252093395631434,0.9912685467787256,-0.13185851571739118,2014-04-09,25.75
2014-04-09,25.75,27.25,30.125,26.75,25.125,20.0,41.875,47.625,43.375,12.725,12.9625,7.175,1010.375,1009.625,1005.75,26.872448979591837,1.6726220737378006,25.72576530612245,1.7289126323924837,23.861904761904764,2.6148030615007722,3.0,100.0,4.0,0.43388373911755823,-0.900968867902419,0.9888537064205885,-0.1488903868564548,2014-04-10,26.375
2014-04-10,25.75,25.75,27.25,25.0,23.5,20.714285714285715,35.25,41.875,48.0,12.7375,12.725,10.425,1010.25,1010.375,1010.375,26.729591836734695,1.7266551685101141,25.77040816326531,1.7202542781057484,24.05357142857143,2.531369864713044,4.0,101.0,4.0,-0.433883739117558,-0.9009688679024191,0.986146248341595,-0.16587819893463143,2014-04-11,28.142857142857142
2014-04-11,26.375,25.75,25.75,25.857142857142858,24.428571428571427,20.0,29.25,35.25,47.85714285714285,12.500000000000002,12.7375,11.914285714285716,1010.875,1010.25,1009.8571428571428,26.926020408163264,1.5680235217688057,25.97576530612245,1.595449018854881,24.242261904761904,2.4844151953507785,5.0,102.0,4.0,-0.9749279121818236,-0.2225209339563146,0.9831469737221499,-0.1828169249850199,2014-04-12,29.125
2014-04-12,28.142857142857142,26.375,25.75,27.375,25.875,19.0,29.0,29.25,44.0,10.05714285714286,12.500000000000002,9.2625,1008.5714285714286,1010.875,1008.875,27.252551020408163,1.5461793408062026,26.241071428571427,1.6268895245583788,24.513690476190472,2.4495242330806457,6.0,103.0,4.0,-0.7818314824680299,0.6234898018587334,0.9798567700958665,-0.1997015525660636,2014-04-13,26.875
2014-04-13,29.125,28.142857142857142,26.375,30.125,24.125,19.625,39.875,29.0,45.25,5.1000000000000005,10.05714285714286,6.7125,1007.125,1008.5714285714286,1007.5,27.502551020408163,1.7028209316791008,26.473214285714285,1.793933693464274,24.851190476190474,2.3595083170029283,0.0,104.0,4.0,0.0,1.0,0.9762766110869321,-0.21652708524481437,2014-04-14,27.625
2014-04-14,26.875,29.125,28.142857142857142,27.25,24.125,21.625,40.375,39.875,47.625,15.5125,5.1000000000000005,12.9625,1009.625,1007.125,1009.625,27.038265306122447,1.252014896970166,26.669642857142858,1.6627992642678429,25.09285714285714,2.169393369871886,1.0,105.0,4.0,0.7818314824680298,0.6234898018587336,0.9724075561219968,-0.23328854407545518,2014-04-15,29.0
2014-04-15,27.625,26.875,29.125,25.75,24.875,23.125,46.625,40.375,41.875,5.3500000000000005,15.5125,12.725,1010.625,1009.625,1010.375,27.091836734693878,1.2704713395760634,26.919642857142858,1.5065553708899608,25.29285714285714,2.114543029542312,2.0,106.0,4.0,0.9749279121818236,-0.22252093395631434,0.9682507501166718,-0.2499809690726521,2014-04-16,27.125
2014-04-16,29.0,27.625,26.875,25.75,26.75,26.25,48.125,46.625,35.25,2.55,5.3500000000000005,12.7375,1009.125,1010.625,1010.25,27.55612244897959,1.2920408405030193,27.214285714285715,1.4790365303415858,25.488690476190474,2.177947920816582,3.0,107.0,4.0,0.43388373911755823,-0.900968867902419,0.9638074231367307,-0.26659942067929354,2014-04-17,26.375
2014-04-17,27.125,29.0,27.625,26.375,25.0,24.857142857142858,53.625,48.125,29.25,4.4,2.55,12.500000000000002,1008.25,1009.125,1010.875,27.752551020408163,1.0543494187379536,27.241071428571427,1.4733662092827795,25.517857142857142,2.1942923850473144,4.0,108.0,4.0,-0.433883739117558,-0.9009688679024191,0.9590788900341131,-0.28313898122818354,2014-04-18,24.25
2014-04-18,26.375,27.125,29.0,28.142857142857142,25.857142857142858,21.75,49.625,53.625,29.0,9.25,4.4,10.05714285714286,1007.0,1008.25,1008.5714285714286,27.752551020408163,1.0543494187379536,27.339285714285715,1.3534326090779893,25.568452380952383,2.1960309591113427,5.0,109.0,4.0,-0.9749279121818236,-0.2225209339563146,0.9540665500578387,-0.2995947563972602,2014-04-19,25.625
2014-04-19,24.25,26.375,27.125,29.125,27.375,21.5,64.375,49.625,39.875,14.3375,9.25,5.1000000000000005,1011.625,1007.0,1007.125,27.196428571428573,1.6643585207864102,27.224489795918366,1.5436117260498154,25.651785714285715,2.0910598862595804,6.0,110.0,4.0,-0.7818314824680299,0.6234898018587334,0.9487718864399473,-0.31596187665790293,2014-04-20,27.0
2014-04-20,25.625,24.25,26.375,26.875,30.125,22.5,57.875,64.375,40.375,5.1,14.3375,15.5125,1011.375,1011.625,1009.625,26.696428571428573,1.5066815475455697,27.099489795918366,1.6003015911935181,25.789285714285715,1.9387128448333875,0.0,111.0,4.0,0.0,1.0,0.9431964659565866,-0.33223549871590435,2014-04-21,28.0
2014-04-21,27.0,25.625,24.25,27.625,27.25,25.0,48.0,57.875,46.625,4.6375,5.1,5.3500000000000005,1010.5,1011.375,1010.625,26.714285714285715,1.5098880437840192,26.876275510204078,1.3431074462353527,25.939285714285713,1.8473750801719182,1.0,112.0,4.0,0.7818314824680298,0.6234898018587336,0.9373419384643772,-0.3484108069446808,2014-04-22,29.375
2014-04-22,28.0,27.0,25.625,29.0,25.75,22.75,33.125,48.0,48.125,8.8125,4.6375,2.55,1010.0,1010.5,1009.125,26.767857142857142,1.5536056372807434,26.92984693877551,1.3737678989102706,26.039285714285715,1.8757557707416894,2.0,113.0,4.0,0.9749279121818236,-0.22252093395631434,0.9312100364121947,-0.3644830148102912,2014-04-23,29.125
2014-04-23,29.375,28.0,27.0,27.125,25.75,22.375,29.375,33.125,53.625,12.5,8.8125,4.4,1011.75,1010.0,1008.25,26.821428571428573,1.6470572604034286,27.188775510204078,1.4723663774670714,26.26011904761905,1.865105156368263,3.0,114.0,4.0,0.43388373911755823,-0.900968867902419,0.9248025743285089,-0.38044736628785164,2014-04-24,29.375
2014-04-24,29.125,29.375,28.0,26.375,26.375,24.625,37.0,29.375,49.625,6.025,12.5,9.25,1009.0,1011.75,1007.0,27.107142857142858,1.8672458710242683,27.42984693877551,1.4947984165132218,26.485119047619047,1.785714798850494,4.0,115.0,4.0,-0.433883739117558,-0.9009688679024191,0.9181214482844364,-0.39629913726891813,2014-04-25,30.625
2014-04-25,29.375,29.125,29.375,24.25,28.142857142857142,25.125,35.875,37.0,64.375,7.875,6.025,14.3375,1005.875,1009.0,1011.625,27.535714285714285,2.01001954503647,27.644132653061224,1.5461005839163846,26.643452380952382,1.8252428148006639,5.0,116.0,4.0,-0.9749279121818236,-0.2225209339563146,0.9111686353326631,-0.41203363695942635,2014-04-26,31.5
2014-04-26,30.625,29.375,29.125,25.625,29.125,23.5,34.375,35.875,57.875,8.1125,7.875,5.1,1006.125,1005.875,1011.375,28.446428571428573,1.692288180456968,27.821428571428573,1.7380873977444125,26.826785714285716,1.9400721558981964,6.0,117.0,4.0,-0.7818314824680299,0.6234898018587334,0.9039461929224011,-0.42764620926777464,2014-04-27,30.625
2014-04-27,31.5,30.625,29.375,27.0,26.875,24.428571428571427,32.0,34.375,48.0,8.1125,8.1125,4.6375,1006.375,1006.125,1010.5,29.285714285714285,1.5064346112909528,27.991071428571427,1.9748808908304278,27.09345238095238,2.0153772160886545,0.0,118.0,4.0,0.0,1.0,0.8964562582905575,-0.44313223418263453,2014-04-28,31.5
2014-04-28,30.625,31.5,30.625,28.0,27.625,25.875,30.0,32.0,33.125,8.350000000000001,8.1125,8.8125,1007.125,1006.375,1010.0,29.803571428571427,1.1767211305350622,28.258928571428573,2.064153932255083,27.3,2.0500714444906176,1.0,119.0,4.0,0.7818314824680298,0.6234898018587336,0.8887010478292915,-0.45848712914008766,2014-04-29,32.125
2014-04-29,31.5,30.625,31.5,29.375,29.0,24.125,27.875,30.0,29.375,10.1875,8.350000000000001,12.5,1005.625,1007.125,1011.75,30.303571428571427,1.0151383907532303,28.535714285714285,2.2260631488925298,27.4875,2.169027132928015,2.0,120.0,4.0,0.9749279121818236,-0.22252093395631434,0.8806828564301475,-0.47370635037968,2014-04-30,33.25
2014-04-30,32.125,31.5,30.625,29.125,27.125,24.125,28.875,27.875,37.0,8.325,10.1875,6.025,1003.875,1005.625,1009.0,30.696428571428573,1.1223513794920614,28.758928571428573,2.4240701457319185,27.754166666666666,2.232227502500175,3.0,121.0,5.0,0.43388373911755823,-0.900968867902419,0.8724040568049612,-0.48878539428899265,2014-05-01,34.875
2014-05-01,33.25,32.125,31.5,29.375,26.375,24.875,25.5,28.875,35.875,5.3375,8.325,7.875,1003.75,1003.875,1005.875,31.285714285714285,1.236835439645078,29.196428571428573,2.6487997489222037,28.058333333333334,2.3397624515780953,4.0,122.0,5.0,-0.433883739117558,-0.9009688679024191,0.8638670987837349,-0.503719798736334,2014-05-02,34.375
2014-05-02,34.875,33.25,32.125,30.625,24.25,26.75,22.5,25.5,34.375,9.7375,5.3375,8.1125,1001.5,1003.75,1006.125,32.07142857142857,1.5323884252089723,29.803571428571427,2.9132960639187035,28.391666666666666,2.5714624952150316,5.0,123.0,5.0,-0.9749279121818236,-0.2225209339563146,0.8550745085896932,-0.518505144391157,2014-05-03,31.75
2014-05-03,34.375,34.875,33.25,31.5,25.625,25.0,24.75,22.5,32.0,6.4875,9.7375,8.1125,1001.875,1001.5,1006.375,32.607142857142854,1.5965923533755586,30.526785714285715,2.6756462965788104,28.645833333333332,2.77257100319285,6.0,124.0,5.0,-0.7818314824680299,0.6234898018587334,0.8460288880917339,-0.533137056031809,2014-05-04,31.875
2014-05-04,31.75,34.375,34.875,30.625,27.0,25.857142857142858,33.375,24.75,30.0,6.475,6.4875,8.350000000000001,1003.625,1001.875,1007.125,32.642857142857146,1.5702782586293336,30.964285714285715,2.2846838336585096,28.870833333333334,2.7402010312901774,0.0,125.0,5.0,0.0,1.0,0.8367329140344921,-0.5476112038402312,2014-05-05,29.75
2014-05-05,31.875,31.75,34.375,31.5,28.0,27.375,34.375,33.375,27.875,5.8,6.475,10.1875,1003.0,1003.625,1005.625,32.82142857142857,1.35949045076251,31.3125,1.9859784935702154,29.07142857142857,2.7322334091050515,1.0,126.0,5.0,0.7818314824680298,0.6234898018587336,0.8271893372462497,-0.5619233046832195,2014-05-06,29.571428571428573
2014-05-06,29.75,31.875,31.75,32.125,29.375,30.125,53.25,34.375,28.875,9.0375,5.8,8.325,1005.75,1003.0,1003.875,32.57142857142857,1.7482984925486214,31.4375,1.8085999153617436,29.15059523809524,2.7157424278952775,2.0,127.0,5.0,0.9749279121818236,-0.22252093395631434,0.8174009818249189,-0.5760691233798758,2014-05-07,31.75
2014-05-07,29.571428571428573,29.75,31.875,33.25,29.125,27.25,51.142857142857146,53.25,25.5,6.885714285714287,9.0375,5.3375,1006.8571428571428,1005.75,1003.75,32.20663265306123,2.0899942109368204,31.4515306122449,1.792055068981627,29.132142857142856,2.710769533501148,3.0,128.0,5.0,0.43388373911755823,-0.900968867902419,0.8073707443023492,-0.5900444739548627,2014-05-08,31.375
2014-05-08,31.75,29.571428571428573,29.75,34.875,29.375,25.75,48.625,51.142857142857146,22.5,1.85,6.885714285714287,9.7375,1004.25,1006.8571428571428,1001.5,31.992346938775512,2.0415241119586613,31.6390306122449,1.6625547902858167,29.282142857142855,2.7274820188711475,4.0,129.0,5.0,-0.433883739117558,-0.9009688679024191,0.7971015927871943,-0.6038452208771035,2014-05-09,30.5
2014-05-09,31.375,31.75,29.571428571428573,34.375,30.625,25.75,43.0,48.625,24.75,10.6625,1.85,6.4875,1002.625,1004.25,1001.875,31.492346938775512,1.598350856856325,31.78188775510204,1.5340071423070198,29.469642857142855,2.6690106464293333,5.0,130.0,5.0,-0.9749279121818236,-0.2225209339563146,0.7865965660866021,-0.6174672802835514,2014-05-10,30.0
2014-05-10,30.5,31.375,31.75,31.75,31.5,26.375,39.625,43.0,33.375,6.487500000000001,10.6625,6.475,1000.4285714285714,1002.625,1003.625,30.938775510204085,0.988123411613812,31.772959183673468,1.5416036538364166,29.62797619047619,2.580154543725082,6.0,131.0,5.0,-0.7818314824680299,0.6234898018587334,0.7758587728069828,-0.6309066211876704,2014-05-11,29.625
2014-05-11,30.0,30.5,31.375,31.875,30.625,28.142857142857142,37.625,39.625,34.375,7.8875,6.487500000000001,5.8,1000.75,1000.4285714285714,1003.0,30.688775510204085,0.9698832872387414,31.66581632653061,1.6125280438131278,29.748809523809523,2.5063866930742114,0.0,132.0,5.0,0.0,1.0,0.7648913904341225,-0.6441592666722685,2014-05-12,28.0
2014-05-12,29.625,30.0,30.5,29.75,31.5,29.125,40.375,37.625,53.25,7.65,7.8875,9.0375,1004.0,1000.75,1005.75,30.367346938775512,0.8798974424513155,31.59438775510204,1.6827955467641862,29.798214285714284,2.4881808493611413,1.0,133.0,5.0,0.7818314824680298,0.6234898018587336,0.753697664392914,-0.6572212950663319,2014-05-13,25.25
2014-05-13,28.0,29.625,30.0,29.571428571428573,32.125,26.875,53.375,40.375,51.142857142857146,10.8875,7.65,6.885714285714287,1004.875,1004.0,1006.8571428571428,30.117346938775512,1.2537298580042706,31.34438775510204,1.9384594470954346,29.760714285714286,2.507082683515777,2.0,134.0,5.0,0.9749279121818236,-0.22252093395631434,0.742280907086982,-0.6700888411055113,2014-05-14,26.875
2014-05-14,25.25,28.0,29.625,31.75,33.25,27.625,65.75,53.375,48.625,9.9625,10.8875,1.85,1008.375,1004.875,1004.25,29.5,2.2418835087191193,30.85331632653061,2.5115918324327873,29.70654761904762,2.587833733085711,3.0,135.0,5.0,0.43388373911755823,-0.900968867902419,0.7306444969184916,-0.6827580970759147,2014-05-15,29.5
2014-05-15,26.875,25.25,28.0,31.375,34.875,29.0,55.25,65.75,43.0,8.575000000000001,9.9625,10.6625,1006.5,1008.375,1002.625,28.803571428571427,2.1828607267485056,30.397959183673468,2.6192368574895246,29.681547619047617,2.612144652628173,4.0,136.0,5.0,-0.433883739117558,-0.9009688679024191,0.7187918772884232,-0.6952253139408722,2014-05-16,31.125
2014-05-16,29.5,26.875,25.25,30.5,34.375,27.125,39.875,55.25,39.625,11.125,8.575000000000001,6.487500000000001,1004.25,1006.5,1000.4285714285714,28.535714285714285,1.9131048685566854,30.0140306122449,2.2851366304256753,29.698214285714286,2.6092396167372534,5.0,137.0,5.0,-0.9749279121818236,-0.2225209339563146,0.7067265555776158,-0.7074868024503348,2014-05-17,29.875
2014-05-17,31.125,29.5,26.875,30.0,31.75,26.375,40.25,39.875,37.625,9.4875,11.125,7.8875,1003.5,1004.25,1000.75,28.625,2.031009601159004,29.78188775510204,1.9482887392658024,29.83154761904762,2.575191739295492,6.0,138.0,5.0,-0.7818314824680299,0.6234898018587334,0.6944521021088763,-0.719538934232584,2014-05-18,31.5
2014-05-18,29.875,31.125,29.5,29.625,31.875,24.25,47.625,40.25,40.375,7.175000000000001,9.4875,7.65,1007.0,1003.5,1004.0,28.607142857142858,2.0174093477007915,29.647959183673468,1.865266843363232,29.948214285714286,2.4911055270721296,0.0,139.0,5.0,0.0,1.0,0.6819721490904629,-0.7313781428679254,2014-05-19,32.375
2014-05-19,31.5,29.875,31.125,28.0,29.75,25.625,35.375,47.625,53.375,13.9,7.175000000000001,10.8875,1007.375,1007.0,1004.875,28.875,2.282177322938206,29.621173469387752,1.8332435505923754,30.189880952380953,2.2602174535839503,1.0,140.0,5.0,0.7818314824680298,0.6234898018587336,0.6692903895412567,-0.7430009249440493,2014-05-20,31.125
2014-05-20,32.375,31.5,29.875,25.25,29.571428571428573,27.0,29.5,35.375,65.75,11.575000000000005,13.9,9.9625,1006.625,1007.375,1008.375,29.5,2.5819888974716263,29.808673469387752,1.9761061496512908,30.41488095238095,2.1218628959732975,2.0,141.0,5.0,0.9749279121818236,-0.22252093395631434,0.6564105761979381,-0.7544038410927472,2014-05-21,33.0
2014-05-21,31.125,32.375,31.5,26.875,31.75,28.0,34.0,29.5,55.25,7.6375,11.575000000000005,8.575000000000001,1006.625,1006.625,1006.5,30.339285714285715,1.809572759363013,29.919642857142858,2.005165890207843,30.55238095238095,2.024355427194942,3.0,142.0,5.0,0.43388373911755823,-0.900968867902419,0.6433365204044917,-0.765583517007675,2014-05-22,33.25
2014-05-22,33.0,31.125,32.375,29.5,31.375,29.375,32.5,34.0,39.875,9.7125,7.6375,11.125,1002.125,1006.625,1004.25,31.214285714285715,1.2494046201139248,30.008928571428573,2.117614022514943,30.71904761904762,2.0127634898459816,4.0,143.0,5.0,-0.433883739117558,-0.9009688679024191,0.6300720909843687,-0.7765366444428655,2014-05-23,34.625
2014-05-23,33.25,33.0,31.125,31.125,30.5,29.125,33.375,32.5,40.25,11.1125,9.7125,9.4875,999.5,1002.125,1003.5,31.75,1.1946059322360079,30.142857142857142,2.264832065676076,30.848214285714285,2.0475723576511884,5.0,144.0,5.0,-0.9749279121818236,-0.2225209339563146,0.6166212130956382,-0.7872599821916922,2014-05-24,31.5
2014-05-24,34.625,33.25,33.0,29.875,30.0,29.375,32.75,33.375,47.625,19.450000000000003,11.1125,7.175000000000001,1000.0,999.5,1007.0,32.25,1.564581946293261,30.4375,2.563496522930588,31.03154761904762,2.132428870613152,6.0,145.0,5.0,-0.7818314824680299,0.6234898018587334,0.6029878670694714,-0.7977503570459932,2014-05-25,31.5
2014-05-25,31.5,34.625,33.25,31.5,29.625,30.625,50.5,32.75,35.375,6.725,19.450000000000003,13.9,1004.125,1000.0,1007.375,32.482142857142854,1.2404396302080267,30.544642857142858,2.5751246902489924,31.10238095238095,2.1106879949129875,0.0,146.0,5.0,0.0,1.0,0.5891760872322963,-0.8080046647350754,2014-05-26,30.125
2014-05-26,31.5,31.5,34.625,32.375,28.0,31.5,43.25,50.5,29.5,16.4375,6.725,11.575000000000005,1005.5,1004.125,1006.625,32.482142857142854,1.2404396302080267,30.678571428571427,2.5723727662125397,31.13154761904762,2.109909280973657,1.0,147.0,5.0,0.7818314824680298,0.6234898018587336,0.5751899607119775,-0.8180198708443174,2014-05-27,31.875
2014-05-27,30.125,31.5,31.5,31.125,25.25,30.625,54.125,43.25,34.0,4.175,16.4375,7.6375,1007.125,1005.5,1006.625,32.160714285714285,1.5304450022010077,30.830357142857142,2.4625108076965456,31.085714285714285,2.1165534619645703,2.0,148.0,5.0,0.9749279121818236,-0.22252093395631434,0.5610336262283677,-0.8277930117131022,2014-05-28,33.625
2014-05-28,31.875,30.125,31.5,33.0,26.875,31.5,49.75,54.125,32.5,2.55,4.175,9.7125,1004.75,1007.125,1002.125,32.267857142857146,1.4709488353408549,31.303571428571427,1.8738549617253628,31.127380952380953,2.119472845289382,3.0,149.0,5.0,0.43388373911755823,-0.900968867902419,0.5467112728685939,-0.8373211953118121,2014-05-29,35.25
2014-05-29,33.625,31.875,30.125,33.25,29.5,32.125,44.5,49.75,33.375,3.95,2.55,11.1125,1001.25,1004.75,999.5,32.357142857142854,1.5401375943479705,31.785714285714285,1.4720379086137607,31.198214285714286,2.167324142607103,4.0,150.0,5.0,-0.433883739117558,-0.9009688679024191,0.5322271388474397,-0.8466016020976267,2014-05-30,33.125
2014-05-30,35.25,33.625,31.875,34.625,31.125,33.25,40.125,44.5,32.75,4.4,3.95,19.450000000000003,999.375,1001.25,1000.0,32.642857142857146,1.8811407380072955,32.19642857142857,1.5832007848896228,31.30238095238095,2.2852905882958443,5.0,151.0,5.0,-0.9749279121818236,-0.2225209339563146,0.5175855102531889,-0.8556314858488706,2014-05-31,34.625
2014-05-31,33.125,35.25,33.625,31.5,29.875,34.875,44.5,40.125,50.5,11.5875,4.4,6.725,999.5714285714286,999.375,1004.125,32.42857142857143,1.6938263249364633,32.339285714285715,1.5692573661828322,31.298214285714284,2.2817283113707627,6.0,152.0,6.0,-0.7818314824680299,0.6234898018587334,0.5027907197793043,-0.8644081744776648,2014-06-01,32.75
2014-06-01,34.625,33.125,35.25,31.5,31.5,34.375,39.0,44.5,43.25,6.4875,11.5875,16.4375,999.625,999.5714285714286,1005.5,32.875,1.8157298807917885,32.67857142857143,1.5077637906356756,31.28988095238095,2.26863366391147,0.0,153.0,6.0,0.0,1.0,0.4878471454423119,-0.8729290708206411,2014-06-02,32.75
2014-06-02,32.75,34.625,33.125,30.125,32.375,31.75,34.25,39.0,54.125,16.2,6.4875,4.175,1003.25,999.625,1007.125,33.05357142857143,1.7167331240026178,32.767857142857146,1.4691189330891004,31.235714285714284,2.2111023120157753,1.0,154.0,6.0,0.7818314824680298,0.6234898018587336,0.47275920928627757,-0.881191653407483,2014-06-03,34.875
2014-06-03,32.75,32.75,34.625,31.875,31.125,31.875,41.375,34.25,49.75,4.6375,16.2,2.55,1003.25,1003.25,1004.75,33.42857142857143,1.1700630833625167,32.794642857142854,1.4648174791601736,31.26904761904762,2.22660610522616,2.0,155.0,6.0,0.9749279121818236,-0.22252093395631434,0.4575313760742512,-0.8891934772070711,2014-06-04,35.25
2014-06-04,34.875,32.75,32.75,33.625,33.0,29.75,33.625,41.375,44.5,6.487500000000001,4.6375,3.95,1000.0,1003.25,1001.25,33.857142857142854,1.0493762319543303,33.0625,1.4788167697392296,31.369047619047617,2.32016038367146,3.0,156.0,6.0,0.43388373911755823,-0.900968867902419,0.44216815196707204,-0.8969321743510065,2014-06-05,36.875
2014-06-05,35.25,34.875,32.75,35.25,33.25,29.571428571428573,33.125,33.625,40.125,7.1875,6.487500000000001,4.4,998.125,1000.0,999.375,34.089285714285715,1.1630471062810697,33.223214285714285,1.5896136530410476,31.55238095238095,2.403613119580314,4.0,157.0,6.0,-0.433883739117558,-0.9009688679024191,0.42667408318992467,-0.9044054548343001,2014-06-06,37.5
2014-06-06,36.875,35.25,34.875,33.125,34.625,31.75,26.875,33.125,44.5,8.5625,7.1875,11.5875,996.125,998.125,999.5714285714286,34.32142857142857,1.5357834978867173,33.482142857142854,1.865589939985814,31.795833333333334,2.5607875550890853,5.0,158.0,6.0,-0.9749279121818236,-0.2225209339563146,0.4110537546870351,-0.9116111071930239,2014-06-07,38.5
2014-06-07,37.5,36.875,35.25,34.625,31.5,31.375,27.625,26.875,39.0,10.2,8.5625,6.4875,994.875,996.125,999.625,34.94642857142857,1.829812636778563,33.6875,2.13923400201686,31.9875,2.7643337259231493,6.0,159.0,6.0,-0.7818314824680299,0.6234898018587334,0.3953117887649151,-0.9185469991587165,2014-06-08,37.625
2014-06-08,38.5,37.5,36.875,32.75,31.5,30.5,22.75,27.625,34.25,13.1875,10.2,16.2,994.0,994.875,1003.25,35.5,2.25346954716505,34.1875,2.3917677321629407,32.225,3.0054548109545705,0.0,160.0,6.0,0.0,1.0,0.37945284372454435,-0.925211078289358,2014-06-09,37.875
2014-06-09,37.625,38.5,37.5,32.75,30.125,30.0,26.25,22.75,41.375,6.7250000000000005,13.1875,4.6375,993.125,994.0,1003.25,36.19642857142857,2.0011157601984397,34.625,2.4223518451164248,32.4625,3.1428198819444244,1.0,161.0,6.0,0.7818314824680298,0.6234898018587336,0.36348161248290634,-0.9316013725767187,2014-06-10,37.25
2014-06-10,37.875,37.625,38.5,34.875,31.875,29.625,32.125,26.25,33.625,6.025,6.7250000000000005,6.487500000000001,993.125,993.125,1000.0,36.92857142857143,1.3671311638054156,35.17857142857143,2.189196751683804,32.725,3.256856163383006,2.0,162.0,6.0,0.9749279121818236,-0.22252093395631434,0.3474028211842774,-0.9377159910299093,2014-06-11,37.625
2014-06-11,37.25,37.875,37.625,35.25,33.625,28.0,20.875,32.125,33.125,12.0375,6.025,7.1875,994.75,993.125,998.125,37.267857142857146,1.0242593142644534,35.5625,2.0308616492666487,32.979166666666664,3.303779727600817,3.0,163.0,6.0,0.43388373911755823,-0.900968867902419,0.3312212278016865,-0.9435531242349544,2014-06-12,32.875
2014-06-12,37.625,37.25,37.875,36.875,35.25,25.25,23.125,20.875,26.875,14.8125,12.0375,8.5625,995.625,994.75,996.125,37.607142857142854,0.507385924312881,35.848214285714285,2.0186501650884217,33.3,3.2707560024536546,4.0,164.0,6.0,-0.433883739117558,-0.9009688679024191,0.31494162072895193,-0.9491110448902284,2014-06-13,30.25
2014-06-13,32.875,37.625,37.25,37.5,33.125,26.875,39.25,23.125,27.625,24.325,14.8125,10.2,997.0,995.625,994.875,37.035714285714285,1.8759918011802634,35.67857142857143,2.167124493754129,33.55416666666667,2.8987369673268994,5.0,165.0,6.0,-0.9749279121818236,-0.2225209339563146,0.2985688173637202,-0.9543881083175908,2014-06-14,30.5
2014-06-14,30.25,32.875,37.625,38.5,34.625,29.5,55.125,39.25,22.75,16.6625,24.325,13.1875,997.625,997.0,994.0,36.0,3.1474195780035874,35.473214285714285,2.533040592422011,33.666666666666664,2.688443766393098,6.0,166.0,6.0,-0.7818314824680299,0.6234898018587334,0.2821076626819194,-0.9593827529490743,2014-06-15,33.875
2014-06-15,30.5,30.25,32.875,37.625,32.75,31.125,66.875,55.125,26.25,6.487500000000001,16.6625,6.7250000000000005,997.375,997.625,993.125,34.857142857142854,3.5188692041891376,35.17857142857143,2.858318782735187,33.7,2.6407777067659746,0.0,167.0,6.0,0.0,1.0,0.26556302780405594,-0.9640935007889755,2014-06-16,36.375
2014-06-16,33.875,30.5,30.25,37.875,32.75,29.875,52.0,66.875,32.125,8.1,6.487500000000001,6.025,997.125,997.375,993.125,34.32142857142857,3.306289100948041,35.25892857142857,2.800010424823697,33.791666666666664,2.59565563219006,1.0,168.0,6.0,0.7818314824680298,0.6234898018587336,0.24893980855376657,-0.9685189578512204,2014-06-17,36.875
2014-06-17,36.375,33.875,30.5,37.25,34.875,31.5,41.375,52.0,20.875,10.8875,8.1,12.0375,995.625,997.125,994.75,34.107142857142854,3.0783421635988826,35.517857142857146,2.7165169400750657,34.00833333333333,2.5278477738615,2.0,169.0,6.0,0.9749279121818236,-0.22252093395631434,0.23224292400907015,-0.9726578145718654,2014-06-18,33.875
2014-06-18,36.875,36.375,33.875,37.625,35.25,32.375,42.125,41.375,23.125,15.9625,10.8875,14.8125,994.125,995.625,995.625,34.05357142857143,3.0171878660513984,35.660714285714285,2.7326500642465903,34.1875,2.534407619693225,3.0,170.0,6.0,0.43388373911755823,-0.900968867902419,0.21547731504673012,-0.976508846196619,2014-06-19,35.75
2014-06-19,33.875,36.875,36.375,32.875,36.875,31.125,58.0,42.125,39.25,10.425,15.9625,24.325,994.25,994.125,997.0,33.517857142857146,2.5783842762843996,35.5625,2.7729592288051945,34.2375,2.512115041704715,4.0,171.0,6.0,-0.433883739117558,-0.9009688679024191,0.19864794288017112,-0.9800709131432666,2014-06-20,38.0
2014-06-20,35.75,33.875,36.875,30.25,37.5,33.0,47.875,58.0,55.125,10.8875,10.425,16.6625,993.25,994.25,997.625,33.92857142857143,2.68566520978468,35.482142857142854,2.7481887141882595,34.391666666666666,2.455801833145058,5.0,172.0,6.0,-0.9749279121818236,-0.2225209339563146,0.18175978759137534,-0.9833429613388902,2014-06-21,36.875
2014-06-21,38.0,35.75,33.875,30.5,38.5,33.25,36.125,47.875,66.875,17.825,10.8875,6.487500000000001,991.375,993.25,997.375,35.035714285714285,2.508022841089928,35.517857142857146,2.7794996189725665,34.55833333333333,2.526739187082969,6.0,173.0,6.0,-0.7818314824680299,0.6234898018587334,0.16481784665719793,-0.9863240225317866,2014-06-22,34.5
2014-06-22,36.875,38.0,35.75,33.875,37.625,34.625,40.125,36.125,52.0,9.7375,17.825,8.1,993.875,991.375,997.125,35.94642857142857,1.5676700181206993,35.401785714285715,2.6774425276766434,34.67916666666667,2.548597343548154,0.0,174.0,6.0,0.0,1.0,0.14782713347053048,-0.9890132145779883,2014-06-23,32.125
2014-06-23,34.5,36.875,38.0,36.375,37.875,31.5,46.75,40.125,41.375,4.4,9.7375,10.8875,996.375,993.875,995.625,36.035714285714285,1.4428600895774724,35.17857142857143,2.6071804904706157,34.675,2.5487911265729544,1.0,175.0,6.0,0.7818314824680298,0.6234898018587336,0.13079267585675922,-0.9914097417023038,2014-06-24,33.0
2014-06-24,32.125,34.5,36.875,36.875,37.25,31.5,49.75,46.75,42.125,6.7125,4.4,15.9625,996.25,996.375,994.125,35.42857142857143,2.0448832776097183,34.767857142857146,2.6026323318796907,34.69583333333333,2.524381823725266,2.0,176.0,6.0,0.9749279121818236,-0.22252093395631434,0.11371951458594969,-0.9935128947338007,2014-06-25,32.25
2014-06-25,33.0,32.125,34.5,33.875,37.625,30.125,46.25,49.75,58.0,10.1875,6.7125,10.425,995.5,996.25,994.25,34.875,2.111476576553373,34.464285714285715,2.53789953818793,34.74583333333333,2.473236774689929,3.0,177.0,6.0,0.43388373911755823,-0.900968867902419,0.0966127018812031,-0.9953220513156602,2014-06-26,32.5
2014-06-26,32.25,33.0,32.125,35.75,32.875,31.875,53.25,46.25,47.875,13.2,10.1875,10.8875,997.625,995.5,993.25,34.642857142857146,2.3188859702144375,34.080357142857146,2.4271140383067036,34.81666666666667,2.3643666985173764,4.0,178.0,6.0,-0.433883739117558,-0.9009688679024191,0.07947729992362097,-0.9968366760893436,2014-06-27,34.75
2014-06-27,32.5,32.25,33.0,38.0,30.25,33.625,60.375,53.25,36.125,3.2375,13.2,17.825,1001.0,997.625,991.375,34.17857142857143,2.3846920036728316,34.05357142857143,2.4434539146395724,34.8375,2.340182629920109,5.0,179.0,6.0,-0.9749279121818236,-0.2225209339563146,0.062318379354325076,-0.998056320853012,2014-06-28,34.875
2014-06-28,34.75,32.5,32.25,36.875,30.5,35.25,48.5,60.375,40.125,9.4875,3.2375,9.7375,1001.625,1001.0,993.875,33.714285714285715,1.7480856876677244,34.375,2.187156566447469,34.875,2.3290704080207045,6.0,180.0,6.0,-0.7818314824680299,0.6234898018587334,0.04514101777397193,-0.9989806246941579,2014-06-29,33.0
2014-06-29,34.875,34.75,32.5,34.5,33.875,33.125,49.0,48.5,46.75,5.7875,9.4875,4.4,999.375,1001.625,996.375,33.42857142857143,1.2329190102007683,34.6875,1.8821977232031772,34.8625,2.3279944565345643,0.0,181.0,6.0,0.0,1.0,0.02795029824021032,-0.999609314096404,2014-06-30,32.0
2014-06-30,33.0,34.875,34.75,32.125,36.375,34.625,57.75,49.0,49.75,9.7125,5.7875,6.7125,997.75,999.375,996.25,33.214285714285715,1.142717625412647,34.625,1.9252871913642444,34.858333333333334,2.3313209713089393,1.0,182.0,7.0,0.7818314824680298,0.6234898018587336,0.01075130776352193,-0.9999422030204416,2014-07-01,31.375
2014-07-01,32.0,33.0,34.875,33.0,36.875,32.75,67.75,57.75,46.25,3.25,9.7125,10.1875,997.5,997.75,995.5,33.19642857142857,1.1633669322478462,34.3125,1.9738372916343905,34.770833333333336,2.388929959328066,2.0,183.0,7.0,0.9749279121818236,-0.22252093395631434,-0.00645086419810515,-0.9999791929590823,2014-07-02,29.5
2014-07-02,31.375,32.0,33.0,32.25,33.875,32.75,65.125,67.75,53.25,6.25,3.25,13.2,1000.875,997.5,997.625,32.964285714285715,1.355379493510473,33.919642857142854,1.9719225919877321,34.725,2.441646561448844,3.0,184.0,7.0,0.43388373911755823,-0.900968867902419,-0.023651127245231586,-0.9997202729664083,2014-07-03,28.875
2014-07-03,29.5,31.375,32.0,32.5,35.75,34.875,71.375,65.125,60.375,5.787500000000001,6.25,3.2375,1001.125,1000.875,1001.0,32.57142857142857,1.8900192112906506,33.607142857142854,2.299068134204524,34.61666666666667,2.599306384049674,4.0,185.0,7.0,-0.433883739117558,-0.9009688679024191,-0.04084439154329611,-0.9991655196610109,2014-07-04,31.38888888888889
2014-07-04,28.875,29.5,31.375,34.75,38.0,35.25,75.125,71.375,48.5,5.0875,5.787500000000001,9.4875,998.2857142857144,1001.125,1001.625,32.05357142857143,2.3528098702858196,33.11607142857143,2.528902299548105,34.416666666666664,2.8016954021515694,5.0,186.0,7.0,-0.9749279121818236,-0.2225209339563146,-0.05802556932878035,-0.9983150972033183,2014-07-05,34.705882352941174
2014-07-05,31.38888888888889,28.875,29.5,34.875,36.875,36.875,69.0,75.125,49.0,4.333333333333333,5.0875,5.7875,998.7777777777778,998.2857142857144,999.375,31.5734126984127,2.0318913483499026,32.64384920634921,2.1330367767556284,34.287962962962965,2.8503567302056383,6.0,187.0,7.0,-0.7818314824680299,0.6234898018587334,-0.07518957641475855,-0.9971692572470178,2014-07-06,30.625
2014-07-06,34.705882352941174,31.38888888888889,28.875,33.0,34.5,37.5,52.05882352941177,69.0,57.75,9.202941176470588,4.333333333333333,9.7125,1000.7058823529412,998.7777777777778,997.75,31.549253034547153,1.986592405352595,32.48891223155929,1.8638517544988538,34.21565904139434,2.809690935676887,0.0,188.0,7.0,0.0,1.0,-0.09233133369539122,-0.9957283388645872,2014-07-07,34.0
2014-07-07,30.625,34.705882352941174,31.38888888888889,32.0,32.125,38.5,61.125,52.05882352941177,67.75,3.7125,9.202941176470588,3.25,1000.5,1000.7058823529412,997.5,31.209967320261438,1.898379556915931,32.212126517273575,1.829636657234625,33.98649237472767,2.81294389571372,1.0,189.0,7.0,0.7818314824680298,0.6234898018587336,-0.10944576864891556,-0.993992768446958,2014-07-08,35.0
2014-07-08,34.0,30.625,34.705882352941174,31.375,33.0,37.625,48.75,61.125,65.125,5.5625,3.7125,6.25,998.25,1000.5,1000.875,31.495681605975726,2.1684007855338816,32.346055088702144,1.890384542814436,33.83649237472767,2.680841213995879,2.0,190.0,7.0,0.9749279121818236,-0.22252093395631434,-0.12652781683868314,-0.9919630595773397,2014-07-09,36.0
2014-07-09,35.0,34.0,30.625,29.5,32.25,37.875,39.5,48.75,71.375,9.725,5.5625,5.787500000000001,996.875,998.25,1001.125,32.013538748832865,2.536408977736133,32.48891223155929,2.0150637271031697,33.74899237472767,2.5943682460843194,3.0,191.0,7.0,0.43388373911755823,-0.900968867902419,-0.1435724234118113,-0.9896398128792412,2014-07-10,36.125
2014-07-10,36.0,35.0,34.0,28.875,32.5,37.25,37.125,39.5,75.125,13.65,9.725,5.0875,996.5,996.875,998.2857142857144,32.942110177404295,2.650110217629369,32.75676937441643,2.2197099202948753,33.68649237472767,2.51284671786908,4.0,192.0,7.0,-0.433883739117558,-0.9009688679024191,-0.16057454459499376,-0.9870237158387383,2014-07-11,36.625
2014-07-11,36.125,36.0,35.0,31.38888888888889,34.75,37.625,38.75,37.125,69.0,11.3375,13.65,4.333333333333333,996.875,996.5,998.7777777777778,33.97782446311858,2.1686777403797213,33.015697945845,2.3921809916310814,33.64899237472767,2.465787315973052,5.0,193.0,7.0,-0.9749279121818236,-0.2225209339563146,-0.17752914918703497,-0.984115542601034,2014-07-12,35.875
2014-07-12,36.625,36.125,36.0,34.705882352941174,34.875,32.875,38.625,38.75,52.05882352941177,8.7875,11.3375,9.202941176470588,996.125,996.875,1000.7058823529412,34.72584033613445,2.025143432832874,33.149626517273575,2.544390969730911,33.61565904139434,2.4164504957715036,6.0,194.0,7.0,-0.7818314824680299,0.6234898018587334,-0.19443122004766195,-0.9809161537413774,2014-07-13,31.625
2014-07-13,35.875,36.625,36.125,30.625,33.0,30.25,51.375,38.625,61.125,5.3375,8.7875,3.7125,996.0,996.125,1000.5,34.892857142857146,2.0709153715665716,33.221055088702144,2.6097501896814546,33.71565904139434,2.4466289454771353,0.0,195.0,7.0,0.0,1.0,-0.2112757555821793,-0.9774264960104055,2014-07-14,32.375
2014-07-14,31.625,35.875,36.625,34.0,32.0,30.5,69.75,51.375,48.75,6.025,5.3375,5.5625,998.0,996.0,998.25,35.035714285714285,1.7346263492259106,33.12284080298786,2.6443529168359547,33.76149237472767,2.3917303252391067,1.0,196.0,7.0,0.7818314824680298,0.6234898018587336,-0.2280577712215198,-0.9736476020539838,2014-07-15,33.125
2014-07-15,32.375,31.625,35.875,35.0,31.375,33.875,67.875,69.75,39.5,6.725,6.025,9.725,997.125,998.0,996.875,34.80357142857143,1.9867492592292184,33.149626517273575,2.6339832411274973,33.82399237472767,2.327190741009381,2.0,197.0,7.0,0.9749279121818236,-0.22252093395631434,-0.24477230089725957,-0.9695805901076308,2014-07-16,32.625
2014-07-16,33.125,32.375,31.625,36.0,29.5,36.375,62.625,67.875,37.125,8.825000000000001,6.725,13.65,996.0,997.125,996.5,34.535714285714285,2.080056947480555,33.274626517273575,2.584343950057276,33.79899237472767,2.3306497848442755,3.0,198.0,7.0,0.43388373911755823,-0.900968867902419,-0.2614143985111562,-0.965226663665613,2014-07-17,30.75
2014-07-17,32.625,33.125,32.375,36.125,28.875,36.875,63.0,62.625,38.75,10.45,8.825000000000001,11.3375,997.25,996.0,996.875,34.05357142857143,2.075222305934432,33.49784080298786,2.3583159262287268,33.67399237472767,2.2878963156117336,4.0,199.0,7.0,-0.433883739117558,-0.9009688679024191,-0.2779791393987801,-0.9605871111248129,2014-07-18,27.25
2014-07-18,30.75,32.625,33.125,36.625,31.38888888888889,33.875,74.25,63.0,38.625,6.7250000000000005,10.45,8.7875,996.125,997.25,996.125,33.285714285714285,2.1731245334990406,33.63176937441643,2.1164258336261144,33.469825708061,2.265577324122642,5.0,200.0,7.0,-0.9749279121818236,-0.2225209339563146,-0.2944616217868012,-0.9556633054034704,2014-07-19,29.875
2014-07-19,27.25,30.75,32.625,35.875,34.705882352941174,35.75,83.875,74.25,51.375,2.55,6.7250000000000005,5.3375,994.875,996.125,996.0,31.946428571428573,2.6159139803099625,33.33613445378151,2.670396476005523,33.24899237472767,2.5319436621058187,6.0,201.0,7.0,-0.7818314824680299,0.6234898018587334,-0.3108569682435036,-0.9504567035349151,2014-07-20,30.875
2014-07-20,29.875,27.25,30.75,31.625,30.625,38.0,71.0,83.875,69.75,6.25,2.55,6.025,995.125,994.875,998.0,31.089285714285715,2.031925254062112,32.99107142857143,2.7892583647405425,33.05315904139434,2.558890432387559,0.0,202.0,7.0,0.0,1.0,-0.3271603271220951,-0.9449688462364056,2014-07-21,32.125
2014-07-21,30.875,29.875,27.25,32.375,34.0,36.875,68.875,71.0,67.875,6.262499999999999,6.25,6.725,996.75,995.125,997.125,30.982142857142858,2.0186997819200228,33.00892857142857,2.773702176466793,32.81565904139434,2.4102556806984956,1.0,203.0,7.0,0.7818314824680298,0.6234898018587336,-0.34336687399638804,-0.939201357453208,2014-07-22,31.625
2014-07-22,32.125,30.875,29.875,33.125,35.0,34.5,65.5,68.875,62.625,4.65,6.262499999999999,8.825000000000001,996.0,996.75,996.0,30.946428571428573,1.9919854297612443,32.875,2.7674272973565524,32.657325708061,2.28727603767959,2.0,204.0,7.0,0.9749279121818236,-0.22252093395631434,-0.3594718130884232,-0.9331559438780432,2014-07-23,30.625
2014-07-23,31.625,32.125,30.875,32.625,36.0,32.125,69.75,65.5,63.0,7.175,4.65,10.45,997.0,996.0,997.25,30.732142857142858,1.7888959750426914,32.63392857142857,2.7145726243678485,32.56149237472767,2.267552573178855,3.0,205.0,7.0,0.43388373911755823,-0.900968867902419,-0.3754703786876202,-0.9268343944460494,2014-07-24,30.5
2014-07-24,30.625,31.625,32.125,30.75,36.125,33.0,72.875,69.75,74.25,8.1125,7.175,6.7250000000000005,997.75,997.0,996.125,30.446428571428573,1.584194627893853,32.25,2.578572950594715,32.51149237472767,2.293893863220912,4.0,206.0,7.0,-0.433883739117558,-0.9009688679024191,-0.3913578365610259,-0.9202385798054075,2014-07-25,30.75
2014-07-25,30.5,30.625,31.625,27.25,36.625,32.25,63.625,72.875,83.875,12.0375,8.1125,2.55,998.7142857142856,997.75,994.875,30.410714285714285,1.579019813500988,31.848214285714285,2.3570570039310565,32.42815904139434,2.320787999025918,5.0,207.0,7.0,-0.9749279121818236,-0.2225209339563146,-0.4071294853542516,-0.9133704517637858,2014-07-26,32.5
2014-07-26,30.75,30.5,30.625,29.875,35.875,32.5,63.25,63.625,71.0,9.9625,12.0375,6.25,1000.75,998.7142857142856,995.125,30.910714285714285,0.745522348041096,31.428571428571427,1.9244843750704481,32.37815904139434,2.340830447102951,6.0,208.0,7.0,-0.7818314824680299,0.6234898018587334,-0.4227806579826773,-0.9062320427107697,2014-07-27,31.714285714285715
2014-07-27,32.5,30.75,30.5,30.875,31.625,34.75,61.5,63.25,68.875,7.175,9.9625,6.262499999999999,1001.875,1000.75,996.75,31.285714285714285,0.7961963146289478,31.1875,1.4861136073148347,32.37815904139434,2.340830447102951,0.0,209.0,7.0,0.0,1.0,-0.4383067230125192,-0.898825465016444,2014-07-28,30.0
2014-07-28,31.714285714285715,32.5,30.75,32.125,32.375,34.875,65.42857142857143,61.5,65.5,6.25,7.175,4.65,1001.875,1001.875,996.0,31.40561224489796,0.787181684783911,31.19387755102041,1.4883254662301446,32.27696856520386,2.3000227972469798,1.0,210.0,7.0,0.7818314824680298,0.6234898018587336,-0.45370308603134424,-0.8911529104063088,2014-07-29,30.25
2014-07-29,30.0,31.714285714285715,32.5,31.625,33.125,33.0,75.75,65.42857142857143,69.75,18.05,6.25,7.175,999.375,1001.875,997.0,31.102040816326532,0.8690097606142887,31.024234693877553,1.4786651099559023,32.11446856520386,2.2822831292412364,2.0,211.0,7.0,0.9749279121818236,-0.22252093395631434,-0.46896519100763184,-0.8832166493127127,2014-07-30,31.875
2014-07-30,30.25,30.0,31.714285714285715,30.625,32.625,32.0,69.875,75.75,72.875,5.7875000000000005,18.05,8.1125,999.25,999.375,997.75,30.90561224489796,0.8863281694196821,30.81887755102041,1.3592893873212137,32.022801898537196,2.3006420839427415,3.0,212.0,7.0,0.43388373911755823,-0.900968867902419,-0.48408852163897587,-0.8750190302029955,2014-07-31,32.5
2014-07-31,31.875,30.25,30.0,30.5,30.75,31.375,65.75,69.875,63.625,4.175000000000001,5.7875000000000005,12.0375,999.5714285714286,999.25,998.7142857142856,31.08418367346939,0.944388765770565,30.76530612244898,1.295934977458212,32.018635231870526,2.30079799196552,4.0,213.0,8.0,-0.433883739117558,-0.9009688679024191,-0.4990686026885319,-0.8665624788845385,2014-08-01,33.25
2014-08-01,32.5,31.875,30.25,30.75,27.25,29.5,65.75,65.75,63.25,7.425,4.175000000000001,9.9625,999.625,999.5714285714286,1000.75,31.369897959183675,1.036263928750443,30.89030612244898,1.376254550102833,32.05613523187053,2.299113238526271,5.0,214.0,8.0,-0.9749279121818236,-0.2225209339563146,-0.5139010013093103,-0.8578494977869301,2014-08-02,30.125
2014-08-02,33.25,32.5,31.875,32.5,29.875,28.875,59.5,65.75,61.5,6.500000000000001,7.425,7.175,998.0,999.625,1001.875,31.727040816326532,1.204208636505067,31.31887755102041,1.0512956689433655,32.18113523187053,2.256901022873739,6.0,215.0,8.0,-0.7818314824680299,0.6234898018587334,-0.5285813283559292,-0.8488826652214553,2014-08-03,31.5
2014-08-03,30.125,33.25,32.5,31.714285714285715,30.875,31.38888888888889,77.75,59.5,65.42857142857143,0.925,6.500000000000001,6.25,997.125,998.0,1001.875,31.387755102040817,1.2821840707378145,31.336734693877553,1.0267195903902109,32.22280189853719,2.204693607389016,0.0,216.0,8.0,0.0,1.0,-0.5431052396834317,-0.8396646346181327,2014-08-04,30.5
2014-08-04,31.5,30.125,33.25,30.0,32.125,34.705882352941174,66.25,77.75,75.75,5.7875000000000005,0.925,18.05,995.375,997.125,999.375,31.357142857142858,1.2756300964061997,31.38137755102041,1.0186546697906693,32.2265056022409,2.203337306698811,1.0,217.0,8.0,0.7818314824680298,0.6234898018587336,-0.5574684374327892,-0.8301981337405212,2014-08-05,29.75
2014-08-05,30.5,31.5,30.125,30.25,31.625,30.625,69.75,66.25,69.875,5.1000000000000005,5.7875000000000005,5.7875000000000005,996.125,995.375,999.25,31.428571428571427,1.1986475513599075,31.26530612244898,1.0199842133435197,32.086309523809526,2.1737463897062046,2.0,218.0,8.0,0.9749279121818236,-0.22252093395631434,-0.5716666713027052,-0.8204859638785327,2014-08-06,32.125
2014-08-06,29.75,30.5,31.5,31.875,30.625,34.0,77.5,69.75,65.75,1.85,5.1000000000000005,4.175000000000001,997.5,996.125,999.5714285714286,31.357142857142858,1.2918586646858694,31.13137755102041,1.089828434940561,32.05714285714286,2.1997446832208634,3.0,219.0,8.0,0.43388373911755823,-0.900968867902419,-0.5856957398073508,-0.8105309990194823,2014-08-07,31.125
2014-08-07,32.125,29.75,30.5,32.5,30.5,35.0,65.0,77.5,65.75,5.5625,1.85,7.425,996.875,997.5,999.625,31.392857142857142,1.3118620898773208,31.238520408163264,1.109767518623384,31.994642857142857,2.169062618797543,4.0,220.0,8.0,-0.433883739117558,-0.9009688679024191,-0.5995514915196489,-0.8003361849976323,2014-08-08,31.0
2014-08-08,31.125,32.125,29.75,33.25,30.75,36.0,65.375,65.0,59.5,6.949999999999999,5.5625,6.500000000000001,997.0,996.875,998.0,31.196428571428573,1.2180439041270623,31.283163265306122,1.0901716164887927,31.86547619047619,2.098141484605086,5.0,221.0,8.0,-0.9749279121818236,-0.2225209339563146,-0.6132298262997502,-0.7899045386224707,2014-08-09,29.235294117647054
2014-08-09,31.0,31.125,32.125,30.125,32.5,36.125,67.875,65.375,77.75,6.012500000000001,6.949999999999999,0.925,998.375,997.0,997.125,30.875,0.8164965809278103,31.301020408163264,1.082789065181776,31.698809523809523,1.951879391100053,6.0,222.0,8.0,-0.7818314824680299,0.6234898018587334,-0.6267266965083301,-0.7792391467859886,2014-08-10,28.5
2014-08-10,29.235294117647054,31.0,31.125,31.5,31.714285714285715,36.625,80.47058823529412,67.875,66.25,6.652941176470588,6.012500000000001,5.7875000000000005,1001.6470588235294,998.375,995.375,30.747899159663866,1.0010871603182716,31.067827130852343,1.1539225296396751,31.469152661064424,1.813556606185515,0.0,223.0,8.0,0.0,1.0,-0.6400381082043503,-0.7683431655492202,2014-08-11,31.125
2014-08-11,28.5,29.235294117647054,31.0,30.5,30.0,35.875,89.90625,80.47058823529412,69.75,5.2250000000000005,6.652941176470588,5.1000000000000005,1002.15625,1001.6470588235294,996.125,30.31932773109244,1.2392695219088723,30.83823529411765,1.3228127773290168,31.19831932773109,1.6125929458408816,1.0,224.0,8.0,0.7818314824680298,0.6234898018587336,-0.65316012232693,-0.7572198192083127,2014-08-12,32.125
2014-08-12,31.125,28.5,29.235294117647054,29.75,30.25,31.625,72.125,89.90625,77.5,3.0125,5.2250000000000005,1.85,999.875,1002.15625,997.5,30.408613445378155,1.276413951421414,30.91859243697479,1.301981660415706,31.039985994397757,1.3492676754499469,2.0,225.0,8.0,0.9749279121818236,-0.22252093395631434,-0.666088855860977,-0.7458723993404063,2014-08-13,32.125
2014-08-13,32.125,31.125,28.5,32.125,31.875,32.375,57.5,72.125,65.0,8.3375,3.0125,5.5625,998.75,999.875,996.875,30.747899159663866,1.383341547083524,31.052521008403364,1.3241635520259294,31.056652661064426,1.3597902375338422,3.0,226.0,8.0,0.43388373911755823,-0.900968867902419,-0.6788204829862355,-0.734304263829602,2014-08-14,30.375
2014-08-14,32.125,32.125,31.125,31.125,32.5,33.125,57.71428571428572,57.5,65.375,20.825,8.3375,6.949999999999999,998.25,998.75,997.0,30.747899159663866,1.3833415470835237,31.070378151260506,1.3377246374337715,31.04831932773109,1.3521770212854172,4.0,227.0,8.0,-0.433883739117558,-0.9009688679024191,-0.6913512362094071,-0.722518835873311,2014-08-15,31.125
2014-08-15,30.375,32.125,32.125,31.0,33.25,32.625,57.5,57.71428571428572,67.875,18.5125,20.825,6.012500000000001,997.375,998.25,998.375,30.64075630252101,1.3783017698096973,30.91859243697479,1.2824490145140546,30.956652661064425,1.2986965770641254,5.0,228.0,8.0,-0.9749279121818236,-0.2225209339563146,-0.7036774074790128,-0.7105196029692745,2014-08-16,30.428571428571427
2014-08-16,31.125,30.375,32.125,29.235294117647054,30.125,30.75,54.875,57.5,80.47058823529412,14.5875,18.5125,6.652941176470588,998.875,997.375,1001.6470588235294,30.658613445378155,1.3845275002370467,30.766806722689076,1.0977382126988493,30.906652661064424,1.2605654062864469,6.0,229.0,8.0,-0.7818314824680299,0.6234898018587334,-0.7157953492826642,-0.6983101158835584,2014-08-17,31.375
2014-08-17,30.428571428571427,31.125,30.375,28.5,31.5,27.25,59.85714285714285,54.875,89.90625,8.35,14.5875,5.2250000000000005,1002.5,998.875,1002.15625,30.82908163265306,1.2466731724988407,30.788490396158462,1.0870313875666728,30.895938375350138,1.2633058287730885,0.0,230.0,8.0,0.0,1.0,-0.7277014757264236,-0.6858939875998223,2014-08-18,31.875
2014-08-18,31.375,30.428571428571427,31.125,31.125,30.5,29.875,53.875,59.85714285714285,72.125,7.1875,8.35,3.0125,1003.25,1002.5,999.875,31.239795918367346,0.7091974378345258,30.77956182472989,1.0812356042911018,31.03343837535014,1.061094958159462,1.0,231.0,8.0,0.7818314824680298,0.6234898018587336,-0.7393922635959241,-0.673274892250183,2014-08-19,33.0
2014-08-19,31.875,31.375,30.428571428571427,32.125,29.75,30.875,56.625,53.875,57.5,5.5625,7.1875,8.3375,1005.375,1003.25,998.75,31.346938775510203,0.7447275804590328,30.877776110444177,1.1157853720745985,31.100105042016807,1.0485567414633314,2.0,232.0,8.0,0.9749279121818236,-0.22252093395631434,-0.7508642533989489,-0.6604565640279754,2014-08-20,33.25
2014-08-20,33.0,31.875,31.375,32.125,32.125,32.125,52.42857142857143,56.625,57.71428571428572,6.885714285714286,5.5625,20.825,1004.8571428571428,1005.375,998.25,31.471938775510207,0.9438901911270677,31.10991896758704,1.1981457453197717,31.17093837535014,1.1031783814877065,3.0,233.0,8.0,0.43388373911755823,-0.900968867902419,-0.7621140503891487,-0.6474427960827475,2014-08-21,32.5
2014-08-21,33.25,33.0,31.875,30.375,31.125,31.625,47.125,52.42857142857143,57.5,8.7875,6.885714285714286,18.5125,1002.375,1004.8571428571428,997.375,31.63265306122449,1.1474450851862763,31.19027611044418,1.3044700512108158,31.208438375350138,1.1546480260165795,4.0,234.0,8.0,-0.433883739117558,-0.9009688679024191,-0.7731383255706026,-0.6342374393978054,2014-08-22,33.0
2014-08-22,32.5,33.25,33.0,31.125,31.0,30.625,43.0,47.125,54.875,10.8875,8.7875,14.5875,1001.25,1002.375,998.875,31.936224489795922,1.0348342496257161,31.288490396158466,1.350140122129746,31.237605042016806,1.1763801412536026,5.0,235.0,8.0,-0.9749279121818236,-0.2225209339563146,-0.7839338166829201,-0.620844401650647,2014-08-23,33.125
2014-08-23,33.0,32.5,33.25,30.428571428571427,29.235294117647054,30.5,47.125,43.0,59.85714285714285,8.5625,10.8875,8.35,1002.8571428571428,1001.25,1002.5,32.204081632653065,1.032520586203064,31.431347539015608,1.4212059524775993,31.316771708683472,1.2130748489063619,6.0,236.0,8.0,-0.7818314824680299,0.6234898018587334,-0.7944973291665992,-0.6072676460566135,2014-08-24,33.125
2014-08-24,33.125,33.0,32.5,31.375,28.5,30.75,45.75,47.125,53.875,9.2625,8.5625,7.1875,1003.25,1002.8571428571428,1003.25,32.589285714285715,0.7133922984086353,31.70918367346939,1.336552679736198,31.404271708683474,1.2463443525911344,0.0,237.0,8.0,0.0,1.0,-0.8048257371083452,-0.593511190196115,2014-08-25,33.875
2014-08-25,33.125,33.125,33.0,31.875,31.125,32.5,46.25,45.75,56.625,11.35,9.2625,5.5625,1002.875,1003.25,1005.375,32.839285714285715,0.4879500364744631,32.03954081632653,1.01529170074889,31.48343837535014,1.2783700109535903,1.0,238.0,8.0,0.7818314824680298,0.6234898018587336,-0.8149159841660791,-0.5795791048257612,2014-08-26,34.125
2014-08-26,33.875,33.125,33.125,33.0,32.125,31.714285714285715,46.625,46.25,52.42857142857143,7.874999999999999,11.35,6.885714285714286,1002.375,1002.875,1004.8571428571428,33.125,0.4082482904641085,32.235969387755105,1.0881519629346255,31.529271708683474,1.3392717436483632,2.0,239.0,8.0,0.9749279121818236,-0.22252093395631434,-0.8247650844733614,-0.5654755126737576,2014-08-27,33.857142857142854
2014-08-27,34.125,33.875,33.125,33.25,32.125,30.0,40.25,46.625,47.125,9.9625,7.874999999999999,8.7875,1001.375,1002.375,1002.375,33.285714285714285,0.5482656637939717,32.378826530612244,1.1981838561553098,31.609628851540617,1.4206078393631398,3.0,240.0,8.0,0.43388373911755823,-0.900968867902419,-0.8343701235229538,-0.5512045872199277,2014-08-28,29.625
2014-08-28,33.857142857142854,34.125,33.875,32.5,30.375,30.25,44.71428571428572,40.25,43.0,8.112499999999999,9.9625,10.8875,1001.125,1001.375,1001.25,33.37244897959184,0.5882411893035131,32.50255102040816,1.257900019059743,31.738200280112043,1.44425339455541,4.0,241.0,8.0,-0.433883739117558,-0.9009688679024191,-0.8437282590292712,-0.5367705514607103,2014-08-29,30.375
2014-08-29,29.625,33.857142857142854,34.125,33.0,31.125,31.875,67.75,44.71428571428572,47.125,6.7250000000000005,8.112499999999999,8.5625,1003.75,1001.125,1002.8571428571428,32.96173469387755,1.5371819043292436,32.44897959183673,1.3667398017106291,31.71736694677871,1.4707261012221442,5.0,242.0,8.0,-0.9749279121818236,-0.2225209339563146,-0.8528367217694595,-0.522177676659508,2014-08-30,28.625
2014-08-30,30.375,29.625,33.857142857142854,33.125,30.428571428571427,32.5,69.25,67.75,45.75,3.7,6.7250000000000005,9.2625,1003.5,1003.75,1003.25,32.58673469387755,1.8203903603733254,32.39540816326531,1.4355915620362698,31.66736694677871,1.4905463418630995,6.0,243.0,8.0,-0.7818314824680299,0.6234898018587334,-0.8616928164028522,-0.5074302810827518,2014-08-31,27.625
2014-08-31,28.625,30.375,29.625,33.125,31.375,33.25,78.125,69.25,46.25,4.1625,3.7,11.35,1002.625,1003.5,1002.875,31.94387755102041,2.323635136550826,32.266581632653065,1.6849374299199573,31.538200280112044,1.5810550986517038,0.0,244.0,9.0,0.0,1.0,-0.8702939222685674,-0.49253272872205434,2014-09-01,29.428571428571427
2014-09-01,27.625,28.625,30.375,33.875,31.875,30.125,86.125,78.125,46.625,4.4125,4.1625,7.874999999999999,1001.25,1002.625,1002.375,31.158163265306122,2.748693810299638,31.998724489795922,2.087546992835809,31.350700280112044,1.7001066110127039,1.0,245.0,9.0,0.7818314824680298,0.6234898018587336,-0.8786374941610001,-0.4774894280028391,2014-09-02,29.25
2014-09-02,29.428571428571427,27.625,28.625,34.125,33.0,31.5,65.85714285714286,86.125,40.25,15.5125,4.4125,9.9625,1001.125,1001.25,1001.375,30.522959183673468,2.5205092897446635,31.82397959183674,2.19816286777669,31.327485994397758,1.7220335135199019,2.0,246.0,9.0,0.9749279121818236,-0.22252093395631434,-0.886721063082993,-0.46230483047981086,2014-09-03,28.625
2014-09-03,29.25,29.428571428571427,27.625,33.857142857142854,33.25,30.5,71.0,65.85714285714286,44.71428571428572,10.425,15.5125,8.112499999999999,1001.875,1001.125,1001.125,29.8265306122449,1.973509574051468,31.556122448979597,2.27110346892972,31.25248599439776,1.7627762214822602,3.0,247.0,9.0,0.43388373911755823,-0.900968867902419,-0.8945422369764496,-0.4469834295196741,2014-09-04,27.875
2014-09-04,28.625,29.25,29.428571428571427,29.625,32.5,29.75,77.875,71.0,67.75,15.0375,10.425,6.7250000000000005,1001.4285714285714,1001.875,1003.75,29.07908163265306,0.8808633205580059,31.22576530612245,2.3410582490854965,31.18998599439776,1.8226002662231706,4.0,248.0,9.0,-0.433883739117558,-0.9009688679024191,-0.9020987014301837,-0.43152975897147144,2014-09-05,26.5
2014-09-05,27.875,28.625,29.25,30.375,33.0,32.125,80.75,77.875,69.25,9.275,15.0375,3.7,1000.375,1001.4285714285714,1003.5,28.82908163265306,0.9460273825593482,30.89540816326531,2.4701798553151804,31.12748599439776,1.9040126879617256,5.0,249.0,9.0,-0.9749279121818236,-0.2225209339563146,-0.9093882203647925,-0.4159483918249421,2014-09-06,28.5
2014-09-06,26.5,27.875,28.625,28.625,33.125,31.125,85.75,80.75,78.125,8.337499999999999,9.275,4.1625,1000.1428571428572,1000.375,1002.625,28.27551020408163,1.0213940815261122,30.431122448979597,2.6485946884578833,30.93998599439776,2.071952020635348,6.0,250.0,9.0,-0.7818314824680299,0.6234898018587334,-0.9164086366943458,-0.4002439388573056,2014-09-07,31.0
2014-09-07,28.5,26.5,27.875,27.625,33.125,31.0,76.875,85.75,86.125,2.0875,8.337499999999999,4.4125,1002.375,1000.1428571428572,1001.25,28.257653061224488,1.0153403064016424,30.10076530612245,2.5741324987683702,30.852485994397757,2.1187682178585727,0.0,251.0,9.0,0.0,1.0,-0.9231578729647039,-0.38442104726885545,2014-09-08,31.25
2014-09-08,31.0,28.5,26.5,29.428571428571427,33.875,29.235294117647054,67.625,76.875,65.85714285714286,1.4,2.0875,15.5125,1003.25,1002.375,1001.125,28.739795918367346,1.3951391997873843,29.94897959183674,2.441313304885845,30.852485994397757,2.1187682178585727,1.0,252.0,9.0,0.7818314824680298,0.6234898018587336,-0.9296339319682695,-0.3684843993077793,2014-09-09,31.0
2014-09-09,31.25,31.0,28.5,29.25,34.125,28.5,66.375,67.625,71.0,3.475,1.4,10.425,1003.125,1003.25,1001.875,29.0,1.6847972182630087,29.76147959183674,2.206057549306994,30.919642857142854,2.0975650132641808,2.0,253.0,9.0,0.9749279121818236,-0.22252093395631434,-0.9358348973349941,-0.35243871088460327,2014-09-10,28.75
2014-09-10,31.0,31.25,31.0,28.625,33.857142857142854,31.125,70.125,66.375,77.875,1.85,3.475,15.0375,1002.375,1003.125,1001.4285714285714,29.25,1.849831073368623,29.53826530612245,1.861823891680682,31.00297619047619,2.047176718128564,3.0,254.0,9.0,0.43388373911755823,-0.900968867902419,-0.9417589340994617,-0.33628873017668287,2014-09-11,26.571428571428573
2014-09-11,28.75,31.0,31.25,27.875,29.625,32.125,77.5,70.125,80.75,4.875,1.85,9.275,1003.25,1002.375,1000.375,29.267857142857142,1.8433842454004505,29.1734693877551,1.3914198799608097,30.92380952380952,2.087813854280232,4.0,255.0,9.0,-0.433883739117558,-0.9009688679024191,-0.9474042892438845,-0.32003923622313857,2014-09-12,28.5
2014-09-12,26.571428571428573,28.75,31.0,26.5,30.375,32.125,85.71428571428571,77.5,85.75,17.825,4.875,8.337499999999999,1005.5714285714286,1003.25,1000.1428571428572,29.081632653061227,2.0605950577989764,28.955357142857142,1.5459464581072015,30.738690476190474,2.219679407998042,5.0,256.0,9.0,-0.9749279121818236,-0.2225209339563146,-0.9527692922168511,-0.30369503751065885,2014-09-13,29.375
2014-09-13,28.5,26.571428571428573,28.75,28.5,28.625,30.375,73.0,85.71428571428571,76.875,1.625,17.825,2.0875,1005.125,1005.5714285714286,1002.375,29.367346938775512,1.7596568211671264,28.821428571428573,1.4938387329713314,30.61785714285714,2.2401830565093293,6.0,257.0,9.0,-0.7818314824680299,0.6234898018587334,-0.9578523554276669,-0.28726097055059635,2014-09-14,29.125
2014-09-14,29.375,28.5,26.571428571428573,31.0,27.625,31.125,68.25,73.0,67.625,4.1625,1.625,1.4,1004.0,1005.125,1003.25,29.492346938775512,1.7183686850626119,28.875,1.499689266611299,30.58452380952381,2.251333433429557,0.0,258.0,9.0,0.0,1.0,-0.9626519747161487,-0.2707418984477642,2014-09-15,29.625
2014-09-15,29.125,29.375,28.5,31.25,29.428571428571427,30.428571428571427,65.5,68.25,66.375,6.712500000000001,4.1625,3.475,1004.25,1004.0,1003.125,29.22448979591837,1.5851624261871837,28.982142857142858,1.4564754181385615,30.517857142857142,2.2643513688792565,1.0,259.0,9.0,0.7818314824680298,0.6234898018587336,-0.9671667297977312,-0.2541427094613622,2014-09-16,30.625
2014-09-16,29.625,29.125,29.375,31.0,29.25,31.375,63.125,65.5,70.125,6.7125,6.712500000000001,1.85,1004.25,1004.25,1002.375,28.992346938775512,1.3389625460439727,28.996173469387752,1.462042280535633,30.491071428571427,2.2701892996772015,2.0,260.0,9.0,0.9749279121818236,-0.22252093395631434,-0.97139528468375,-0.23746831555846842,2014-09-17,30.625
2014-09-17,30.625,29.625,29.125,28.75,28.625,31.875,65.125,63.125,77.5,6.25,6.7125,4.875,1002.25,1004.25,1003.25,28.938775510204085,1.2497813219798815,29.09438775510204,1.525223376005741,30.466071428571425,2.264241376933808,3.0,261.0,9.0,0.43388373911755823,-0.900968867902419,-0.9753363880767837,-0.2207236509605022,2014-09-18,30.5
2014-09-18,30.625,30.625,29.625,26.571428571428573,27.875,33.0,61.875,65.125,85.71428571428571,7.4,6.25,17.825,1002.125,1002.25,1005.5714285714286,29.206632653061227,1.3950630099566756,29.237244897959183,1.5708576099885043,30.42440476190476,2.2488692684872826,4.0,262.0,9.0,-0.433883739117558,-0.9009688679024191,-0.9789888737409319,-0.20391367068311472,2014-09-19,31.0
2014-09-19,30.5,30.625,30.625,28.5,26.5,33.25,62.375,61.875,73.0,6.7125,7.4,1.625,1003.875,1002.125,1005.125,29.767857142857142,0.8367489525084173,29.424744897959183,1.5523027308555049,30.341071428571425,2.1958320007643275,5.0,263.0,9.0,-0.9749279121818236,-0.2225209339563146,-0.9823516608469237,-0.18704334906991657,2014-09-20,31.125
2014-09-20,31.0,30.5,30.625,29.375,28.5,32.5,56.625,62.375,68.25,4.175000000000001,6.7125,4.1625,1003.5,1003.875,1004.0,30.125,0.7324331596353804,29.746173469387752,1.3532364718537748,30.266071428571426,2.1305029236310298,6.0,264.0,9.0,-0.7818314824680299,0.6234898018587334,-0.9854237542919524,-0.17011767832049052,2014-09-21,30.5
2014-09-21,31.125,31.0,30.5,29.125,31.0,33.0,55.75,56.625,65.5,4.4,4.175000000000001,6.712500000000001,1002.875,1003.5,1004.25,30.375,0.7324331596353849,29.933673469387752,1.349138275388373,30.22023809523809,2.095286492760955,0.0,265.0,9.0,0.0,1.0,-0.9882042449941422,-0.15314166701312007,2014-09-22,30.625
2014-09-22,30.5,31.125,31.0,29.625,31.25,33.125,54.875,55.75,63.125,5.5625,4.4,6.7125,1003.625,1002.875,1004.25,30.571428571428573,0.4833538583492399,29.897959183673468,1.3251438077565951,30.13690476190476,2.0296032928026504,1.0,266.0,9.0,0.7818314824680298,0.6234898018587336,-0.9906923101615609,-0.13612033862266704,2014-09-23,31.0
2014-09-23,30.625,30.5,31.125,30.625,31.0,33.125,50.0,54.875,65.125,13.437499999999998,5.5625,6.25,1004.5,1003.625,1002.25,30.714285714285715,0.24700588001513712,29.85331632653061,1.2860419792149655,30.053571428571427,1.952545524522881,2.0,267.0,9.0,0.9749279121818236,-0.22252093395631434,-0.9928872135356962,-0.11905873003404988,2014-09-24,29.625
2014-09-24,31.0,30.625,30.5,30.625,28.75,33.875,47.0,50.0,61.875,30.685714285714283,13.437499999999998,7.4,1004.2857142857144,1004.5,1002.125,30.767857142857142,0.2644626177565078,29.85331632653061,1.2860419792149655,29.982738095238094,1.874254973571712,3.0,268.0,9.0,0.43388373911755823,-0.900968867902419,-0.994788305609327,-0.10196189005174576,2014-09-25,30.0
2014-09-25,29.625,31.0,30.625,30.5,26.571428571428573,34.125,53.0,47.0,62.375,8.1,30.685714285714283,6.7125,1006.25,1004.2857142857144,1003.875,30.625,0.5103103630799719,29.91581632653061,1.2490268694687088,29.841071428571425,1.7245520152819767,4.0,269.0,9.0,-0.433883739117558,-0.9009688679024191,-0.9963950238187231,-0.08483487790576538,2014-09-26,30.0
2014-09-26,30.0,29.625,31.0,31.0,28.5,33.857142857142854,52.5,53.0,56.625,9.725,8.1,4.175000000000001,1007.75,1006.25,1003.5,30.553571428571427,0.5629958132299302,30.160714285714285,0.7972738578403192,29.703571428571426,1.523995845033418,5.0,270.0,9.0,-0.9749279121818236,-0.2225209339563146,-0.9977068927101168,-0.06768276175455162,2014-09-27,30.5
2014-09-27,30.0,30.0,29.625,31.125,29.375,29.625,52.5,52.5,55.75,5.7875,9.725,4.4,1008.125,1007.75,1002.875,30.410714285714285,0.5576844132321135,30.267857142857142,0.6427426637995389,29.575,1.3090419325369418,6.0,271.0,9.0,-0.7818314824680299,0.6234898018587334,-0.9987235240803972,-0.050510617185222886,2014-09-28,30.25
2014-09-28,30.5,30.0,30.0,30.5,29.125,30.375,46.875,52.5,54.875,8.799999999999999,5.7875,5.5625,1009.25,1008.125,1003.625,30.321428571428573,0.4669110754534451,30.348214285714285,0.5907511748185156,29.604166666666668,1.3198972898876253,0.0,272.0,9.0,0.0,1.0,-0.9994446170919858,-0.033323525711631344,2014-09-29,30.5
2014-09-29,30.25,30.5,30.0,30.625,29.625,28.625,48.875,46.875,50.0,7.175,8.799999999999999,13.437499999999998,1009.625,1009.25,1004.5,30.285714285714285,0.46049274850828115,30.428571428571427,0.4771567577102811,29.6,1.317575263217818,1.0,273.0,9.0,0.7818314824680298,0.6234898018587336,-0.9998699583618592,-0.016126573270657762,2014-09-30,30.625
2014-09-30,30.5,30.25,30.5,31.0,30.625,27.625,48.75,48.875,47.0,7.4125,7.175,30.685714285714283,1009.125,1009.625,1004.2857142857144,30.267857142857142,0.44737993866952597,30.491071428571427,0.41736434263784356,29.6625,1.3141972789640877,2.0,274.0,10.0,0.9749279121818236,-0.22252093395631434,-0.9999994220246925,0.001075151282798226,2014-10-01,30.428571428571427
2014-10-01,30.625,30.5,30.25,29.625,30.625,29.428571428571427,50.125,48.75,53.0,6.712500000000001,7.4125,8.1,1009.625,1009.125,1006.25,30.214285714285715,0.3587760277601841,30.491071428571427,0.41736434263784356,29.7625,1.2671080316605567,3.0,275.0,10.0,0.43388373911755823,-0.900968867902419,-0.999832969770105,0.018276557681691223,2014-10-02,30.375
2014-10-02,30.428571428571427,30.625,30.5,30.0,30.5,29.25,52.85714285714285,50.125,52.5,3.1714285714285717,6.712500000000001,9.725,1010.4285714285714,1009.625,1007.75,30.32908163265306,0.2512420555100081,30.477040816326532,0.4158145207076472,29.795833333333334,1.2711673928251075,4.0,276.0,10.0,-0.433883739117558,-0.9009688679024191,-0.9993706508539969,0.03547255575312556,2014-10-03,30.5
2014-10-03,30.375,30.428571428571427,30.625,30.0,31.0,28.625,53.375,52.85714285714285,52.5,2.7875,3.1714285714285717,5.7875,1009.125,1010.4285714285714,1008.125,30.382653061224488,0.20512594201989176,30.46811224489796,0.41662484839115066,29.833333333333332,1.271103812696174,5.0,277.0,10.0,-0.9749279121818236,-0.2225209339563146,-0.9986126020839734,0.052658056924614005,2014-10-04,31.0
2014-10-04,30.5,30.375,30.428571428571427,30.5,31.125,27.875,52.625,53.375,46.875,1.85,2.7875,8.799999999999999,1008.0,1009.125,1009.25,30.45408163265306,0.11838677121939536,30.432397959183675,0.3879677363569432,29.895833333333332,1.2556442181807534,6.0,278.0,10.0,-0.7818314824680299,0.6234898018587334,-0.9975590477788613,0.06982797572987089,2014-10-05,30.625
2014-10-05,31.0,30.5,30.375,30.25,30.5,26.5,53.5,52.625,48.875,0.0,1.85,7.175,1008.5,1008.0,1009.625,30.52551020408163,0.23954701947327672,30.4234693877551,0.37190827614722743,30.0,1.2110486409293155,0.0,279.0,10.0,0.0,1.0,-0.9962102997023297,0.0869772313136861,2014-10-06,30.625
2014-10-06,30.625,31.0,30.5,30.5,30.625,28.5,56.125,53.5,48.75,0.0,0.0,7.4125,1010.375,1008.5,1009.125,30.57908163265306,0.2074446546494103,30.432397959183675,0.3753712560100281,30.1375,1.0188899133490044,1.0,280.0,10.0,0.7818314824680298,0.6234898018587336,-0.9945667569706337,0.1041007489354256,2014-10-07,31.0
2014-10-07,30.625,30.625,31.0,30.625,31.0,31.0,56.75,56.125,50.125,0.0,0.0,6.712500000000001,1010.125,1010.375,1009.625,30.596938775510203,0.20486668731774166,30.432397959183675,0.3753712560100281,30.208333333333332,0.9740015608723733,2.0,281.0,10.0,0.9749279121818236,-0.22252093395631434,-0.9926289059345095,0.121193461470736,2014-10-08,28.75
2014-10-08,31.0,30.625,30.625,30.428571428571427,29.625,31.25,59.375,56.75,52.85714285714285,1.1625,0.0,3.1714285714285717,1008.375,1010.125,1010.4285714285714,30.65051020408163,0.2560611222893008,30.432397959183675,0.3753712560100281,30.208333333333332,0.9740015608723733,3.0,282.0,10.0,0.43388373911755823,-0.900968867902419,-0.9903973200352558,0.1382503109109819,2014-10-09,27.625
2014-10-09,28.75,31.0,30.625,30.375,30.0,31.0,52.75,59.375,53.375,3.7125,1.1625,2.7875,1009.875,1008.375,1009.125,30.410714285714285,0.7695855408998062,30.369897959183675,0.5516151436026072,30.125,0.9886428438853535,4.0,283.0,10.0,-0.433883739117558,-0.9009688679024191,-0.9878726596350429,0.15526624985999563,2014-10-10,27.125
2014-10-10,27.625,28.75,31.0,30.5,30.0,28.75,49.875,52.75,52.625,3.2375,3.7125,1.85,1010.125,1009.875,1008.0,30.017857142857142,1.3058932356273545,30.200255102040817,0.9177886880507243,30.0125,1.0739824857334777,5.0,284.0,10.0,-0.9749279121818236,-0.2225209339563146,-0.9850556718215013,0.172236243027682,2014-10-11,25.714285714285715
2014-10-11,27.125,27.625,28.75,31.0,30.5,26.571428571428573,57.375,49.875,53.5,3.2375000000000003,3.2375,0.0,1008.75,1010.125,1008.5,29.535714285714285,1.6703827619526925,29.994897959183675,1.2334148668167755,29.958333333333332,1.1759873647115024,6.0,285.0,10.0,-0.7818314824680299,0.6234898018587334,-0.981947190186646,0.18915526872004093,2014-10-12,26.0
2014-10-12,25.714285714285715,27.125,27.625,30.625,30.25,28.5,57.142857142857146,57.375,56.125,6.9375,3.2375000000000003,0.0,1008.25,1008.75,1010.375,28.78061224489796,2.049756142314117,29.653061224489793,1.668938843254943,29.929761904761907,1.2679302807369968,0.0,286.0,10.0,0.0,1.0,-0.9785481345802031,0.20601832032517084,2014-10-13,27.625
2014-10-13,26.0,25.714285714285715,27.125,30.625,30.5,29.375,58.625,57.142857142857146,56.75,0.4625,6.9375,0.0,1008.375,1008.25,1010.125,28.119897959183675,2.100921867165468,29.349489795918366,1.9196951089964003,29.846428571428575,1.436137599040543,1.0,287.0,10.0,0.7818314824680298,0.6234898018587336,-0.9748595108374125,0.22282040779479959,2014-10-14,24.5
2014-10-14,27.625,26.0,25.714285714285715,31.0,30.625,29.125,59.75,58.625,59.375,8.799999999999999,0.4625,1.1625,1009.875,1008.375,1008.375,27.691326530612248,1.78731221022853,29.144132653061224,1.9408120939120206,29.78809523809524,1.4904600257757337,2.0,288.0,10.0,0.9749279121818236,-0.22252093395631434,-0.9708824104813836,0.23955655912092708,2014-10-15,24.5
2014-10-15,24.5,27.625,26.0,28.75,30.428571428571427,29.625,67.625,59.75,52.75,5.325000000000001,8.799999999999999,3.7125,1010.875,1009.875,1009.875,26.762755102040817,1.4357599749050913,28.706632653061224,2.2474444134544043,29.633928571428573,1.7736957003296991,3.0,289.0,10.0,0.43388373911755823,-0.900968867902419,-0.9666180104000972,0.2562218218071163,2014-10-16,23.0
2014-10-16,24.5,24.5,27.625,27.625,30.375,30.625,68.0,67.625,49.875,3.2625,5.325000000000001,3.2375,1013.375,1010.875,1010.125,26.15561224489796,1.351480759372634,28.28316326530612,2.44765507418602,29.463095238095242,2.0061587820705316,4.0,290.0,10.0,-0.433883739117558,-0.9009688679024191,-0.9620675724981452,0.27281126433401914,2014-10-17,25.0
2014-10-17,23.0,24.5,24.5,27.125,30.5,30.625,58.875,68.0,57.375,4.862500000000001,3.2625,3.2375000000000003,1014.0,1013.375,1008.75,25.494897959183675,1.6177137237267964,27.756377551020403,2.7390928906771963,29.208928571428576,2.3133724840967362,5.0,291.0,10.0,-0.9749279121818236,-0.2225209339563146,-0.957232443323312,0.28931997761869527,2014-10-18,24.0
2014-10-18,25.0,23.0,24.5,25.714285714285715,31.0,30.5,47.66666666666666,58.875,57.142857142857146,25.0125,4.862500000000001,6.9375,1013.625,1014.0,1008.25,25.191326530612248,1.4516994748925842,27.36352040816326,2.7095788347775525,29.021428571428576,2.4201325781842398,6.0,292.0,10.0,-0.7818314824680299,0.6234898018587334,-0.9521140536681102,0.3057430764672831,2014-10-19,23.75
2014-10-19,24.0,25.0,23.0,26.0,30.625,31.0,56.142857142857146,47.66666666666666,58.625,21.3,25.0125,0.4625,1012.875,1013.625,1008.375,24.946428571428573,1.4927902126714652,26.86352040816326,2.631655120008247,28.804761904761907,2.569546097572217,0.0,293.0,10.0,0.0,1.0,-0.9467139181463862,0.3220757010206104,2014-10-20,24.75
2014-10-20,23.75,24.0,25.0,27.625,30.625,31.125,57.75,56.142857142857146,59.75,4.1625,21.3,8.799999999999999,1012.625,1012.875,1009.875,24.625,1.4701898970314793,26.372448979591834,2.514604683099674,28.56309523809524,2.6938877915130157,1.0,294.0,10.0,0.7818314824680298,0.6234898018587336,-0.9410336347451197,0.3383130181923076,2014-10-21,25.625
2014-10-21,24.75,23.75,24.0,24.5,31.0,30.5,55.625,57.75,67.625,4.4,4.1625,5.325000000000001,1013.125,1012.625,1010.875,24.214285714285715,0.6835655819027191,25.952806122448976,2.2237325860252586,28.35059523809524,2.7359393731330925,2.0,295.0,10.0,0.9749279121818236,-0.22252093395631434,-0.9350748843515574,0.3544502230989869,2014-10-22,25.75
2014-10-22,25.625,24.75,23.75,24.5,28.75,30.625,56.125,55.625,68.0,2.0875,4.4,3.2625,1014.625,1013.125,1013.375,24.375,0.8690272339423151,25.568877551020403,1.6837344192381698,28.18809523809524,2.7486191167614304,3.0,296.0,10.0,0.43388373911755823,-0.900968867902419,-0.9288394302558068,0.3704825404820963,2014-10-23,25.25
2014-10-23,25.75,25.625,24.75,23.0,27.625,31.0,64.875,56.125,58.875,0.4625,2.0875,4.862500000000001,1014.5,1014.625,1014.0,24.553571428571427,1.0151383907532263,25.35459183673469,1.4176065661236568,28.025595238095242,2.743681898805737,4.0,297.0,10.0,-0.433883739117558,-0.9009688679024191,-0.9223291176290545,0.3864052261209853,2014-10-24,25.5
2014-10-24,25.25,25.75,25.625,25.0,27.125,29.625,66.0,64.875,47.66666666666666,0.925,0.4625,25.0125,1012.75,1014.5,1013.625,24.875,0.7671646933134776,25.184948979591834,1.258148619412819,27.833928571428576,2.7295362900225677,5.0,298.0,10.0,-0.9749279121818236,-0.2225209339563146,-0.9155458729775467,0.40221356823680365,2014-10-25,25.25
2014-10-25,25.5,25.25,25.75,24.0,25.714285714285715,30.0,67.5,66.0,56.142857142857146,1.85,0.925,21.3,1011.75,1012.75,1012.875,24.946428571428573,0.8031745051446668,25.068877551020403,1.1342580239332216,27.696428571428573,2.740077903575636,6.0,299.0,10.0,-0.7818314824680299,0.6234898018587334,-0.9084917035725082,0.41790288888678667,2014-10-26,25.125
2014-10-26,25.25,25.5,25.25,23.75,26.0,30.0,67.125,67.5,57.75,0.925,1.85,4.1625,1012.375,1011.75,1012.625,25.125,0.6884463184108301,25.035714285714285,1.1206417411854748,27.53809523809524,2.739615305913549,0.0,300.0,10.0,0.0,1.0,-0.9011686968561569,0.4334685453485363,2014-10-27,24.875
2014-10-27,25.125,25.25,25.5,24.75,27.625,30.5,65.5,67.125,55.625,2.0875000000000004,0.925,4.4,1014.875,1012.375,1013.125,25.321428571428573,0.33740077906604904,24.973214285714285,1.0866083562072912,27.37559523809524,2.7331246156715694,1.0,301.0,10.0,0.7818314824680298,0.6234898018587336,-0.8935790198239952,0.4489059314938798,2014-10-28,25.125
2014-10-28,24.875,25.125,25.25,25.625,24.5,30.25,62.875,65.5,56.125,1.8625,2.0875000000000004,2.0875,1013.75,1014.875,1014.625,25.339285714285715,0.30374644814712753,24.776785714285715,0.7739424723768005,27.18809523809524,2.704182703398806,2.0,302.0,10.0,0.9749279121818236,-0.22252093395631434,-0.8857249183835637,0.4642104791518923,2014-10-29,24.75
2014-10-29,25.125,24.875,25.125,25.75,24.5,30.5,64.75,62.875,64.875,2.5625,1.8625,0.4625,1012.0,1013.75,1014.5,25.267857142857142,0.2834733547570819,24.821428571428573,0.7747739833486897,27.017261904761906,2.665689398213059,3.0,303.0,10.0,0.43388373911755823,-0.900968867902419,-0.8776087166898392,0.4793776594606945,2014-10-30,23.875
2014-10-30,24.75,25.125,24.875,25.25,23.0,30.625,65.75,64.75,66.0,1.625,2.5625,0.925,1012.125,1012.0,1012.75,25.125,0.2500000000001852,24.839285714285715,0.7696599077681301,26.82559523809524,2.612833233233858,4.0,304.0,10.0,-0.433883739117558,-0.9009688679024191,-0.8692328164574792,0.49440298420761813,2014-10-31,23.375
2014-10-31,23.875,24.75,25.125,25.5,25.0,30.428571428571427,61.375,65.75,67.5,1.85,1.625,1.85,1014.5,1012.125,1011.75,24.928571428571427,0.5246881159772097,24.901785714285715,0.6320345874867147,26.60059523809524,2.564558262361368,5.0,305.0,11.0,-0.9749279121818236,-0.2225209339563146,-0.8605996962501181,0.5092820071573356,2014-11-01,22.5
2014-11-01,23.375,23.875,24.75,25.25,24.0,30.375,58.25,61.375,67.125,3.7125,1.85,0.925,1013.625,1014.5,1012.375,24.625,0.7180703308173219,24.785714285714285,0.7506864989990731,26.365476190476194,2.5245310064882984,6.0,306.0,11.0,-0.7818314824680299,0.6234898018587334,-0.8517119107469189,0.5240103253675756,2014-11-02,22.875
2014-11-02,22.5,23.375,23.875,25.125,23.75,30.5,50.875,58.25,65.5,5.325000000000001,3.7125,2.0875000000000004,1014.125,1013.625,1014.875,24.232142857142858,1.011466992140908,24.678571428571427,0.9516108379019426,26.10297619047619,2.502570297878613,0.0,307.0,11.0,0.0,1.0,-0.8425720899866032,0.5385835804920232,2014-11-03,23.375
2014-11-03,22.875,22.5,23.375,24.875,24.75,31.0,49.125,50.875,62.875,7.1875,5.325000000000001,1.8625,1014.5,1014.125,1013.75,23.910714285714285,1.0376111529672403,24.616071428571427,1.0417536593707883,25.848809523809525,2.426654258725526,1.0,308.0,11.0,0.7818314824680298,0.6234898018587336,-0.8331829385891785,0.5529974600700271,2014-11-04,23.625
2014-11-04,23.375,22.875,22.5,25.125,25.625,30.625,52.75,49.125,64.75,4.1625,7.1875,2.5625,1013.5,1014.5,1012.0,23.696428571428573,0.9570384626793854,24.517857142857142,1.0917711691162728,25.59464285714286,2.262267898211672,2.0,309.0,11.0,0.9749279121818236,-0.22252093395631434,-0.8235472349556007,0.5672476988027229,2014-11-05,22.75
2014-11-05,23.625,23.375,22.875,24.75,25.75,30.625,56.625,52.75,65.75,3.9375,4.1625,1.625,1012.125,1013.5,1012.125,23.482142857142858,0.7232326570271695,24.375,1.0663110384725638,25.361309523809528,2.0791202708718663,3.0,310.0,11.0,0.43388373911755823,-0.900968867902419,-0.8136678304455991,0.5813300798152042,2014-11-06,23.0
2014-11-06,22.75,23.625,23.375,23.875,25.25,31.0,56.25,56.625,61.375,4.625,3.9375,1.85,1012.375,1012.125,1014.5,23.196428571428573,0.4992553979488419,24.160714285714285,1.0701686731586588,25.098809523809525,1.8791487840174932,4.0,311.0,11.0,-0.433883739117558,-0.9009688679024191,-0.8035476485339116,0.5952404359043674,2014-11-07,24.0
2014-11-07,23.0,22.75,23.625,23.375,25.5,28.75,56.25,56.25,58.25,6.25,4.625,3.7125,1011.625,1012.375,1013.625,23.071428571428573,0.4008918628687671,24.0,1.0629241234946376,24.83214285714286,1.5520000829783211,5.0,312.0,11.0,-0.9749279121818236,-0.2225209339563146,-0.7931896839451843,0.6089746507720486,2014-11-08,23.875
2014-11-08,24.0,23.0,22.75,22.5,25.25,27.625,66.125,56.25,50.875,2.3125,6.25,5.325000000000001,1012.875,1011.625,1014.125,23.160714285714285,0.5289252355125522,23.892857142857142,0.9717860525173567,24.673809523809528,1.3701648186648587,6.0,313.0,11.0,-0.7818314824680299,0.6234898018587334,-0.7825970017677834,0.6225286602431057,2014-11-09,24.125
2014-11-09,23.875,24.0,23.0,22.875,25.125,27.125,66.25,66.125,49.125,1.625,2.3125,7.1875,1014.625,1012.875,1014.5,23.357142857142858,0.4970148986941063,23.794642857142858,0.8901263183596374,24.548809523809528,1.2581187201733939,0.0,314.0,11.0,0.0,1.0,-0.7717727365467836,0.6358984534680745,2014-11-10,21.375
2014-11-10,24.125,23.875,24.0,23.375,24.875,25.714285714285715,56.375,66.25,52.75,4.1625,1.625,4.1625,1015.125,1014.625,1013.5,23.535714285714285,0.518984814898607,23.723214285714285,0.8118393341017134,24.448809523809526,1.1618338039247942,1.0,315.0,11.0,0.7818314824680298,0.6234898018587336,-0.7607200913564104,0.6490800741100398,2014-11-11,19.25
2014-11-11,21.375,24.125,23.875,23.625,25.125,26.0,52.125,56.375,56.625,3.4750000000000005,4.1625,3.9375,1014.0,1015.125,1012.125,23.25,0.9736101204623799,23.473214285714285,0.9559763578155933,24.304166666666667,1.2644353266980017,2.0,316.0,11.0,0.9749279121818236,-0.22252093395631434,-0.7494423368521954,0.6620696215153815,2014-11-12,19.625
2014-11-12,19.25,21.375,24.125,22.75,24.75,27.625,55.125,52.125,56.25,2.325,3.4750000000000005,4.625,1014.75,1014.0,1012.375,22.625,1.7707107800730106,23.053571428571427,1.3734381739202617,24.079166666666666,1.5258135666684354,3.0,317.0,11.0,0.43388373911755823,-0.900968867902419,-0.7379428103031386,0.6748632518680403,2014-11-13,18.5
2014-11-13,19.625,19.25,21.375,23.0,23.875,24.5,52.0,55.125,56.25,2.3125,2.325,6.25,1015.875,1014.75,1011.625,22.178571428571427,2.0976886372976624,22.6875,1.5572025583369866,23.8125,1.5827566251582414,4.0,318.0,11.0,-0.433883739117558,-0.9009688679024191,-0.7262249146041543,0.6874571793269664,2014-11-14,18.375
2014-11-14,18.5,19.625,19.25,24.0,23.375,24.5,50.5,52.0,66.125,3.2375,2.3125,2.3125,1016.5,1015.875,1012.875,21.535714285714285,2.46191224554451,22.303571428571427,1.872571687619359,23.6125,1.8494960870089998,5.0,319.0,11.0,-0.9749279121818236,-0.2225209339563146,-0.7142921172691032,0.699847677146407,2014-11-15,18.625
2014-11-15,18.375,18.5,19.625,23.875,22.5,23.0,43.0,50.5,66.25,7.4125,3.2375,1.625,1016.375,1016.5,1014.625,20.732142857142858,2.4414269344362096,21.946428571428573,2.1137793609580022,23.408333333333335,2.0727431987141123,6.0,320.0,11.0,-0.7818314824680299,0.6234898018587334,-0.7021479494046978,0.7120310787787131,2014-11-16,18.25
2014-11-16,18.625,18.375,18.5,24.125,22.875,25.0,44.75,43.0,56.375,2.775,7.4125,4.1625,1014.875,1016.375,1015.125,19.982142857142858,2.097156521624125,21.669642857142858,2.28267257691623,23.2625,2.248886218584088,0.0,321.0,11.0,0.0,1.0,-0.6897960046655887,0.7240037789593305,2014-11-17,17.75
2014-11-17,18.25,18.625,18.375,21.375,23.375,24.0,47.625,44.75,52.125,2.55,2.775,3.4750000000000005,1015.375,1014.875,1014.0,19.142857142857142,1.1026213355109447,21.339285714285715,2.425043899001964,23.0375,2.401541800019494,1.0,322.0,11.0,0.7818314824680298,0.6234898018587336,-0.6772399381909491,0.7357622347736527,2014-11-18,17.625
2014-11-18,17.75,18.25,18.625,19.25,23.625,23.75,51.75,47.625,55.125,2.7750000000000004,2.55,2.325,1016.125,1015.375,1014.75,18.625,0.6291528696060013,20.9375,2.5257091540333585,22.829166666666666,2.5796541746751673,2.0,323.0,11.0,0.9749279121818236,-0.22252093395631434,-0.6644834655228552,0.7473029667054296,2014-11-19,17.5
2014-11-19,17.625,17.75,18.25,19.625,22.75,24.75,53.0,51.75,52.0,2.0875,2.7750000000000004,2.3125,1017.875,1016.125,1015.875,18.392857142857142,0.6591841999956792,20.508928571428573,2.543593141881613,22.625,2.7415622905750134,3.0,324.0,11.0,0.43388373911755823,-0.900968867902419,-0.6515303615068021,0.75862255966641,2014-11-20,20.375
2014-11-20,17.5,17.625,17.75,18.5,23.0,25.625,58.125,53.0,50.5,1.1625,2.0875,3.2375,1016.5,1017.875,1016.5,18.089285714285715,0.4548024165452229,20.133928571428573,2.57459121368441,22.383333333333333,2.8645675286919374,4.0,325.0,11.0,-0.433883739117558,-0.9009688679024191,-0.6383844591746642,0.7697176640069211,2014-11-21,18.25
2014-11-21,20.375,17.5,17.625,18.375,24.0,25.75,54.625,58.125,43.0,3.0250000000000004,1.1625,7.4125,1013.375,1016.5,1016.375,18.357142857142858,0.9827379149722184,19.946428571428573,2.4419777833764194,22.208333333333332,2.819714565321195,5.0,326.0,11.0,-0.9749279121818236,-0.2225209339563146,-0.6250496486104377,0.7805849965070866,2014-11-22,19.875
2014-11-22,18.25,20.375,17.5,18.625,23.875,25.25,62.125,54.625,44.75,3.2375,3.0250000000000004,2.775,1012.75,1013.375,1014.875,18.339285714285715,0.9834947405868719,19.535714285714285,2.17692695996201,21.958333333333332,2.827347463287868,6.0,327.0,11.0,-0.7818314824680299,0.6234898018587334,-0.6115298757991053,0.7912213413483807,2014-11-23,17.125
2014-11-23,19.875,18.25,20.375,18.25,24.125,25.5,58.875,62.125,47.625,1.625,3.2375,2.55,1011.375,1012.75,1015.375,18.517857142857142,1.1443442705427165,19.25,1.7920765780336694,21.779166666666665,2.7814973898755446,0.0,328.0,11.0,0.0,1.0,-0.5978291414589552,0.801623551065242,2014-11-24,16.875
2014-11-24,17.125,19.875,18.25,17.75,21.375,25.25,57.375,58.875,51.75,1.3875,1.625,2.7750000000000004,1014.625,1011.375,1016.125,18.357142857142858,1.2612588194038301,18.75,1.208941049653286,21.5,2.815252484542644,1.0,329.0,11.0,0.7818314824680298,0.6234898018587336,-0.5839514998576998,0.8117885474764613,2014-11-25,16.5
2014-11-25,16.875,17.125,19.875,17.625,19.25,25.125,52.25,57.375,53.0,4.175000000000001,1.3875,2.0875,1016.0,1014.625,1017.875,18.232142857142858,1.370121214658498,18.428571428571427,1.0443463700600573,21.220833333333335,2.8456491542695095,2.0,330.0,11.0,0.9749279121818236,-0.22252093395631434,-0.5699010576127624,0.8217133225960589,2014-11-26,19.625
2014-11-26,16.5,16.875,17.125,17.5,19.625,24.875,51.5,52.25,58.125,2.55,4.175000000000001,1.1625,1014.875,1016.0,1016.5,18.071428571428573,1.5118578920369543,18.232142857142858,1.132832926586567,20.933333333333334,2.873169082165545,3.0,331.0,11.0,0.43388373911755823,-0.900968867902419,-0.5556819724760489,0.8313949395234058,2014-11-27,18.125
2014-11-27,19.625,16.5,16.875,20.375,18.5,25.125,51.0,51.5,54.625,5.550000000000001,2.55,3.0250000000000004,1009.875,1014.875,1013.375,18.375,1.5893525935634296,18.232142857142858,1.132832926586567,20.758333333333333,2.7832885948636727,4.0,332.0,11.0,-0.433883739117558,-0.9009688679024191,-0.5412984521036173,0.8408305333122887,2014-11-28,19.375
2014-11-28,18.125,19.625,16.5,18.25,18.375,24.75,63.875,51.0,62.125,0.0,5.550000000000001,3.2375,1011.75,1009.875,1012.75,18.053571428571427,1.322594402067803,18.205357142857142,1.1304431811075375,20.525,2.6966614097101664,5.0,333.0,11.0,-0.9749279121818236,-0.2225209339563146,-0.5267547528105542,0.8500173118187018,2014-11-29,20.25
2014-11-29,19.375,18.125,19.625,19.875,18.625,23.875,67.375,63.875,58.875,0.0,0.0,1.625,1012.5,1011.75,1011.375,18.214285714285715,1.4155282540787992,18.276785714285715,1.1727869620012035,20.345833333333335,2.582409688420855,6.0,334.0,11.0,-0.7818314824680299,0.6234898018587334,-0.5120551783114646,0.8589525565270845,2014-11-30,19.75
2014-11-30,20.25,19.375,18.125,17.125,18.25,23.375,67.625,67.375,57.375,0.0,0.0,1.3875,1012.375,1012.5,1014.625,18.267857142857142,1.493786734953803,18.392857142857142,1.2849509333422706,20.225,2.494908608650136,0.0,335.0,12.0,0.0,1.0,-0.4972040784469378,0.8676336233547726,2014-12-01,20.0
2014-12-01,19.75,20.25,19.375,16.875,17.75,22.5,54.75,67.625,52.25,2.55,0.0,4.175000000000001,1014.0,1012.375,1016.0,18.642857142857142,1.4885475503066528,18.5,1.3337339141839502,20.104166666666668,2.4238584527257125,1.0,336.0,12.0,0.7818314824680298,0.6234898018587336,-0.4822058478963526,0.8760579434344281,2014-12-02,21.375
2014-12-02,20.0,19.75,20.25,16.5,17.625,22.875,42.625,54.75,51.5,8.799999999999999,2.55,2.55,1013.75,1014.0,1014.875,19.089285714285715,1.3301673722112415,18.660714285714285,1.371436441139808,20.020833333333332,2.3812493400607035,2.0,337.0,12.0,0.9749279121818236,-0.22252093395631434,-0.46706492487743034,0.8842230238742036,2014-12-03,25.0
2014-12-03,21.375,20.0,19.75,19.625,17.5,23.375,47.625,42.625,51.0,7.875000000000001,8.799999999999999,5.550000000000001,1012.75,1013.75,1009.875,19.785714285714285,0.9781846646187778,18.928571428571427,1.5125391648724587,19.970833333333335,2.334542738707064,3.0,338.0,12.0,0.43388373911755823,-0.900968867902419,-0.451785789832884,0.8921264484954345,2014-12-04,21.25
2014-12-04,25.0,21.375,20.0,18.125,20.375,23.625,66.57142857142857,47.625,63.875,11.37142857142857,7.875000000000001,0.0,1007.0,1012.75,1011.75,20.553571428571427,2.1900070667422638,19.464285714285715,2.1580732656188126,20.025,2.4330252914766057,4.0,339.0,12.0,-0.433883739117558,-0.9009688679024191,-0.4363729641045924,0.8997658785476209,2014-12-05,17.75
2014-12-05,21.25,25.0,21.375,19.375,18.25,22.75,68.875,66.57142857142857,67.375,4.862500000000001,11.37142857142857,0.0,1010.375,1007.0,1012.5,21.0,1.9134937505341976,19.526785714285715,2.1987641696245666,19.945833333333333,2.3490376178095485,5.0,340.0,12.0,-0.9749279121818236,-0.2225209339563146,-0.42083100859565564,0.9071390534005044,2014-12-06,18.25
2014-12-06,17.75,21.25,25.0,20.25,19.875,23.0,59.875,68.875,67.625,2.55,4.862500000000001,0.0,1017.125,1010.375,1012.375,20.767857142857142,2.217859059887239,19.491071428571427,2.225002315099073,19.779166666666665,2.320421737579007,6.0,341.0,12.0,-0.7818314824680299,0.6234898018587334,-0.4051645224207563,0.9142437912130223,2014-12-07,17.25
2014-12-07,18.25,17.75,21.25,19.75,17.125,24.0,48.875,59.875,54.75,4.8625,2.55,2.55,1016.375,1017.125,1014.0,20.482142857142858,2.415691510973737,19.375,2.245722429590898,19.620833333333334,2.254182734130012,0.0,342.0,12.0,0.0,1.0,-0.3893781415452015,0.9210779895789526,2014-12-08,17.0
2014-12-08,17.25,18.25,17.75,20.0,16.875,23.875,48.375,48.875,42.625,4.862500000000001,4.8625,8.799999999999999,1014.75,1016.375,1013.75,20.125,2.7089742831313055,19.383928571428573,2.236317524732789,19.395833333333332,2.135769700282067,1.0,343.0,12.0,0.7818314824680298,0.6234898018587336,-0.37347653741307074,0.9276396261490467,2014-12-09,15.285714285714286
2014-12-09,17.0,17.25,18.25,21.375,16.5,24.125,49.875,48.375,47.625,2.775,4.862500000000001,7.875000000000001,1015.0,1014.75,1012.75,19.696428571428573,2.9579141218739022,19.392857142857142,2.2257545948468653,19.166666666666668,2.0033198021994187,2.0,344.0,12.0,0.9749279121818236,-0.22252093395631434,-0.3574644155648614,0.9339267592294762,2014-12-10,21.5
2014-12-10,15.285714285714286,17.0,17.25,25.0,19.625,21.375,67.57142857142857,49.875,66.57142857142857,0.0,2.775,11.37142857142857,1016.8571428571428,1015.0,1007.0,18.8265306122449,3.2617806222964236,19.30612244897959,2.3663744585426056,18.872023809523807,1.896073130841387,3.0,345.0,12.0,0.43388373911755823,-0.900968867902419,-0.34134651424503615,0.9399375283564133,2014-12-11,19.625
2014-12-11,21.5,15.285714285714286,17.0,21.25,18.125,19.25,65.5,67.57142857142857,68.875,4.8625,0.0,4.862500000000001,1010.5,1016.8571428571428,1010.375,18.3265306122449,2.2774617177040524,19.440051020408163,2.4377916355627267,18.876190476190473,1.9018915667788145,4.0,346.0,12.0,-0.433883739117558,-0.9009688679024191,-0.3251276029999093,0.9456701548465688,2014-12-12,17.5
2014-12-12,19.625,21.5,15.285714285714286,17.75,19.375,19.625,70.5,65.5,59.875,3.25,4.8625,2.55,1011.625,1010.5,1017.125,18.09438775510204,1.9951235801567,19.54719387755102,2.40833324764909,18.888690476190472,1.905661701212758,5.0,347.0,12.0,-0.9749279121818236,-0.2225209339563146,-0.30881248126625377,0.9511229423235357,2014-12-13,16.0
2014-12-13,17.5,19.625,21.5,18.25,20.25,18.5,65.625,70.5,48.875,0.4625,3.25,4.8625,1014.375,1011.625,1016.375,18.058673469387752,2.0045312796555947,19.413265306122447,2.4699911769058183,18.81785714285714,1.9168098295316018,6.0,348.0,12.0,-0.7818314824680299,0.6234898018587334,-0.29240597695107734,0.9562942772197719,2014-12-14,16.875
2014-12-14,16.0,17.5,19.625,17.25,19.75,18.375,71.875,65.625,48.375,8.8,0.4625,4.862500000000001,1016.125,1014.375,1014.75,17.737244897959183,2.1442632858100237,19.10969387755102,2.616092357704452,18.734523809523807,1.9842621327806769,0.0,349.0,12.0,0.0,1.0,-0.27591294500296043,0.9611826292540837,2014-12-15,16.625
2014-12-15,16.875,16.0,17.5,17.0,20.0,18.625,86.625,71.875,49.875,3.95,8.8,2.775,1014.5,1016.125,1015.0,17.683673469387752,2.163067252036326,18.904336734693878,2.674159435479306,18.684523809523807,2.0123340502545592,1.0,350.0,12.0,0.7818314824680298,0.6234898018587336,-0.2593382659754056,0.9657865518844574,2014-12-16,17.75
2014-12-16,16.625,16.875,16.0,15.285714285714286,21.375,18.25,75.75,86.625,67.57142857142857,2.325,3.95,0.0,1016.125,1014.5,1016.8571428571428,17.630102040816325,2.1873290575996416,18.663265306122447,2.7195298633640226,18.61785714285714,2.0472009778649536,2.0,351.0,12.0,0.9749279121818236,-0.22252093395631434,-0.2426868445825954,0.9701046827361175,2014-12-17,12.875
2014-12-17,17.75,16.625,16.875,21.5,25.0,17.75,72.375,75.75,65.5,7.425000000000001,2.325,4.8625,1017.375,1016.125,1010.5,17.982142857142858,1.930334291305676,18.404336734693878,2.611923653149036,18.601190476190474,2.0523279236439276,3.0,352.0,12.0,0.43388373911755823,-0.900968867902419,-0.22596360824801906,0.974135744004672,2014-12-18,11.75
2014-12-18,12.875,17.75,16.625,19.625,21.25,17.625,72.125,72.375,70.5,6.4875,7.425000000000001,3.25,1020.25,1017.375,1011.625,16.75,2.0590248501009967,17.538265306122447,2.2404937977928774,18.438690476190473,2.300089892709189,4.0,353.0,12.0,-0.433883739117558,-0.9009688679024191,-0.20917350564635637,0.9778785428342386,2014-12-19,11.75
2014-12-19,11.75,12.875,17.75,17.5,17.75,17.5,79.75,72.125,65.625,3.0125,6.4875,0.4625,1021.375,1020.25,1014.375,15.625,2.356285919266468,16.85969387755102,2.457925551201275,18.24285714285714,2.602041368271236,5.0,354.0,12.0,-0.9749279121818236,-0.2225209339563146,-0.19232150523909483,0.9813319716704275,2014-12-20,11.25
2014-12-20,11.75,11.75,12.875,16.0,18.25,20.375,81.75,79.75,71.875,0.4625,3.0125,8.8,1022.125,1021.375,1016.125,14.803571428571429,2.584868975218609,16.43112244897959,2.791237279517785,18.051190476190474,2.8578460238991785,6.0,355.0,12.0,-0.7818314824680299,0.6234898018587334,-0.17541259380427843,0.9844950085880858,2014-12-21,9.5
2014-12-21,11.25,11.75,11.75,16.875,17.25,18.25,77.0,81.75,86.625,5.800000000000001,0.4625,3.95,1018.75,1022.125,1014.5,14.125,2.8302679496236296,15.931122448979592,3.054867319832166,17.747023809523807,3.079027014643987,0.0,356.0,12.0,0.0,1.0,-0.15845177496083632,0.9873667175937016,2014-12-22,9.375
2014-12-22,9.5,11.25,11.75,16.625,17.0,19.875,79.125,77.0,75.75,0.925,5.800000000000001,2.325,1018.0,1018.75,1016.125,13.071428571428571,3.0033463479449645,15.377551020408163,3.4712944363613816,17.455357142857142,3.424758469629391,1.0,357.0,12.0,0.7818314824680298,0.6234898018587336,-0.14144406768794202,0.9899462489023779,2014-12-23,9.625
2014-12-23,9.375,9.5,11.25,17.75,15.285714285714286,17.125,85.0,79.125,72.375,1.3875000000000002,0.925,7.425000000000001,1017.125,1018.0,1017.375,12.035714285714286,2.8180170755506966,14.832908163265305,3.78147185534929,17.105357142857144,3.6948363161152944,2.0,358.0,12.0,0.9749279121818236,-0.22252093395631434,-0.12439450483979998,0.9922328391893008,2014-12-24,9.875
2014-12-24,9.625,9.375,9.5,12.875,21.5,16.875,78.625,85.0,72.125,1.625,1.3875000000000002,6.4875,1017.875,1017.125,1020.25,10.875,1.3768926368215455,14.428571428571429,4.024180006569336,16.855357142857144,3.9391185948587863,3.0,359.0,12.0,0.43388373911755823,-0.900968867902419,-0.10730813165636247,0.9942258118156161,2014-12-25,9.25
2014-12-25,9.875,9.625,9.375,11.75,19.625,16.5,83.0,78.625,79.75,3.4750000000000005,1.625,3.0125,1021.25,1017.875,1021.375,10.446428571428571,1.0869901651108311,13.598214285714286,3.633173335943183,16.62202380952381,4.140109404239807,4.0,360.0,12.0,-0.433883739117558,-0.9009688679024191,-0.09019000427034513,0.9959245770286599,2014-12-26,10.75
2014-12-26,9.25,9.875,9.625,11.75,17.5,19.625,81.125,83.0,81.75,8.100000000000001,3.4750000000000005,0.4625,1020.125,1021.25,1022.125,10.089285714285714,0.9940297973880308,12.857142857142858,3.3569163472798627,16.380357142857143,4.353573373353218,5.0,361.0,12.0,-0.9749279121818236,-0.2225209339563146,-0.07304518821104743,0.9973286321364752,2014-12-27,10.375
2014-12-27,10.75,9.25,9.875,11.25,16.0,18.125,77.0,81.125,77.0,7.6375,8.100000000000001,5.800000000000001,1017.75,1020.125,1018.75,9.946428571428571,0.7598558760587452,12.375,3.114791016572447,16.084523809523812,4.426418050010539,6.0,362.0,12.0,-0.7818314824680299,0.6234898018587334,-0.05587875690537313,0.9984375616565666,2014-12-28,9.0
2014-12-28,10.375,10.75,9.25,9.5,16.875,19.375,69.0,77.0,79.125,2.775,7.6375,0.925,1018.625,1017.75,1018.0,9.821428571428571,0.5536674263921154,11.973214285714286,2.970681485620474,15.826190476190478,4.528207232846887,0.0,363.0,12.0,0.0,1.0,-0.03869579017652689,0.9992510374388481,2014-12-29,11.125
2014-12-29,9.0,10.375,10.75,9.375,16.625,20.25,86.0,69.0,85.0,0.7,2.775,1.3875000000000002,1019.75,1018.625,1017.125,9.75,0.6291528696059348,11.410714285714286,2.704798341084092,15.480357142857144,4.642569027627199,1.0,364.0,12.0,0.7818314824680298,0.6234898018587336,-0.021501372740813793,0.999768818762748,2014-12-30,11.625
2014-12-30,11.125,9.0,10.375,9.625,17.75,19.75,72.625,86.0,78.625,1.3875,0.7,1.625,1017.25,1019.75,1017.875,10.0,0.7839536550928149,11.017857142857142,2.2504578288778414,15.176190476190477,4.618157903156157,2.0,365.0,12.0,0.9749279121818236,-0.22252093395631434,-0.004300592702981974,0.9999907524084426,2014-12-31,12.375
2014-12-31,11.625,11.125,9.0,9.875,12.875,20.0,70.625,72.625,83.0,2.55,1.3875,3.4750000000000005,1014.625,1017.25,1021.25,10.285714285714286,0.967477082292887,10.580357142857142,1.18342635578117,14.905357142857145,4.578754496889497,3.0,1.0,1.0,0.43388373911755823,-0.900968867902419,0.017201575418260506,0.9998520419557735,2015-01-01,14.75
2015-01-01,12.375,11.625,11.125,9.25,11.75,21.375,67.125,70.625,81.125,2.7875,2.55,8.100000000000001,1016.875,1014.625,1020.125,10.642857142857142,1.2192650010794197,10.544642857142858,1.1143805873235806,14.651190476190477,4.497102861023035,4.0,2.0,1.0,-0.433883739117558,-0.9009688679024191,0.03439806061360801,0.9994082116062598,2015-01-02,14.875
2015-01-02,14.75,12.375,11.625,10.75,11.75,25.0,72.0,67.125,77.0,0.925,2.7875,7.6375,1017.5,1016.875,1017.75,11.428571428571429,1.8040133829088811,10.758928571428571,1.562376368734341,14.430357142857144,4.314495287988666,5.0,3.0,1.0,-0.9749279121818236,-0.2225209339563146,0.051584366869408364,0.9986686402879997,2015-01-03,15.125
2015-01-03,14.875,14.75,12.375,10.375,11.25,21.25,96.625,72.0,69.0,3.0125,0.925,2.775,1017.875,1017.5,1018.625,12.017857142857142,2.1799615003153625,10.982142857142858,1.9013261710680605,14.092857142857145,3.827731784261257,6.0,4.0,1.0,-0.7818314824680299,0.6234898018587334,0.06875540848113941,0.9976335468520451,2015-01-04,14.125
2015-01-04,15.125,14.875,14.75,9.0,9.5,17.75,92.0,96.625,86.0,0.925,3.0125,0.7,1017.375,1017.875,1019.75,12.696428571428571,2.3182441528840365,11.258928571428571,2.2016516340192385,13.888690476190478,3.5887010997724818,0.0,5.0,1.0,0.0,1.0,0.08590610426133272,0.9963032375991965,2015-01-05,14.0
2015-01-05,14.125,15.125,14.875,11.125,9.375,18.25,78.75,92.0,72.625,9.5125,0.925,1.3875,1019.625,1017.375,1017.25,13.428571428571429,1.6768291363108612,11.589285714285714,2.2635428808890703,13.767857142857144,3.514465682844145,1.0,6.0,1.0,0.7818314824680298,0.6234898018587336,0.10303137904317879,0.9946781061893646,2015-01-06,12.0
2015-01-06,14.0,14.125,15.125,11.625,9.625,17.25,69.375,78.75,70.625,15.05,9.5125,2.55,1016.0,1019.625,1014.625,13.839285714285714,1.3360277834294156,11.919642857142858,2.252993277572856,13.626190476190478,3.4117181656943605,2.0,7.0,1.0,0.9749279121818236,-0.22252093395631434,0.1201261651823505,0.9927586335250793,2015-01-07,9.625
2015-01-07,12.0,14.0,14.125,12.375,9.875,17.0,79.875,69.375,67.125,4.4,15.05,2.7875,1015.5,1016.0,1016.875,13.892857142857142,1.2362337196193482,12.089285714285714,2.1541711391392733,13.451190476190478,3.353580456260389,3.0,8.0,1.0,0.43388373911755823,-0.900968867902419,0.13718540405660057,0.9905453876091833,2015-01-08,10.0
2015-01-08,9.625,12.0,14.0,14.75,9.25,15.285714285714286,86.0,79.875,72.0,3.9375,4.4,0.925,1016.625,1015.5,1017.5,13.5,2.0000000000000195,12.071428571428571,2.1748752648323797,13.205357142857144,3.354776410208304,4.0,9.0,1.0,-0.433883739117558,-0.9009688679024191,0.1542040475626894,0.988039023376751,2015-01-09,10.625
2015-01-09,10.0,9.625,12.0,14.875,10.75,21.5,87.875,86.0,96.625,3.4875,3.9375,3.0125,1019.125,1016.625,1017.875,12.821428571428571,2.2899885630822907,12.125,2.108248452734839,13.029166666666667,3.380452704669102,5.0,10.0,1.0,-0.9749279121818236,-0.2225209339563146,0.17117705961019986,0.985240282501282,2015-01-10,11.125
2015-01-10,10.625,10.0,9.625,15.125,10.375,19.625,80.625,87.875,92.0,1.625,3.4875,0.925,1020.125,1019.125,1017.375,12.214285714285714,2.217020200951864,12.116071428571429,2.11477420014046,12.666666666666666,3.0027525686450804,6.0,11.0,1.0,-0.7818314824680299,0.6234898018587334,0.18809941761179758,0.9821499931752291,2015-01-11,11.0
2015-01-11,11.125,10.625,10.0,14.125,9.0,17.5,73.125,80.625,78.75,4.4125000000000005,1.625,9.5125,1018.875,1020.125,1019.625,11.642857142857142,1.8220703817884054,12.169642857142858,2.076428576153161,12.383333333333333,2.710319784330292,0.0,12.0,1.0,0.0,1.0,0.20496611396949532,0.9787690698649216,2015-01-12,10.625
2015-01-12,11.0,11.125,10.625,14.0,11.125,16.0,80.75,73.125,69.375,4.8625,4.4125000000000005,15.05,1019.125,1018.875,1016.0,11.196428571428571,1.459268407701048,12.3125,1.903154011714508,12.166666666666666,2.5417491036186046,1.0,13.0,1.0,0.7818314824680298,0.6234898018587336,0.22177215755648186,0.975098513039961,2015-01-13,12.25
2015-01-13,10.625,11.0,11.125,12.0,11.625,16.875,79.5,80.75,79.875,0.925,4.8625,4.4,1019.5,1019.125,1015.5,10.714285714285714,0.7763237542601898,12.276785714285714,1.9316310437058928,11.9875,2.450006597457454,2.0,14.0,1.0,0.9749279121818236,-0.22252093395631434,0.23851257519407648,0.9711394088771653,2015-01-14,12.0
2015-01-14,12.25,10.625,11.0,9.625,12.375,16.625,77.875,79.5,86.0,4.875,0.925,3.9375,1017.125,1019.5,1016.625,10.75,0.8477912478906967,12.321428571428571,1.9226098333842743,11.833333333333334,2.270816856419983,3.0,15.0,1.0,0.43388373911755823,-0.900968867902419,0.2551824131233728,0.9668929289391521,2015-01-15,12.375
2015-01-15,12.0,12.25,10.625,10.0,14.75,17.75,82.25,77.875,87.875,5.1000000000000005,4.875,3.4875,1017.5,1017.125,1019.125,11.089285714285714,0.7961963146288977,12.294642857142858,1.9244174585942588,11.679166666666667,2.0835675155734337,4.0,16.0,1.0,-0.433883739117558,-0.9009688679024191,0.2717767384711357,0.9623603298276545,2015-01-16,13.0
2015-01-16,12.375,12.0,12.25,10.625,14.875,12.875,79.125,82.25,80.625,0.925,5.1000000000000005,1.625,1019.375,1017.5,1020.125,11.428571428571429,0.7598558760587575,12.125,1.7914057651414206,11.5,1.7475352100440336,5.0,17.0,1.0,-0.9749279121818236,-0.2225209339563146,0.2882906407095177,0.9575429528116719,2015-01-17,13.5
2015-01-17,13.0,12.375,12.0,11.125,15.125,11.75,78.125,79.125,73.125,4.6375,0.925,4.4125000000000005,1019.25,1019.375,1018.875,11.767857142857142,0.8643053913541678,11.991071428571429,1.633089543179197,11.504166666666666,1.7510721264279323,6.0,18.0,1.0,-0.7818314824680299,0.6234898018587334,0.3047192331091634,0.9524422234305676,2015-01-18,13.0
2015-01-18,13.5,13.0,12.375,11.0,14.125,11.75,76.625,78.125,80.75,1.8625,4.6375,4.8625,1019.25,1019.25,1019.125,12.107142857142858,1.0217136631776458,11.875,1.4394844162451528,11.5625,1.7882970853625137,0.0,19.0,1.0,0.0,1.0,0.321057654185271,0.9470596510722283,2015-01-19,13.75
2015-01-19,13.0,13.5,13.0,10.625,14.0,11.25,73.875,76.625,79.5,2.5500000000000003,1.8625,0.925,1018.75,1019.25,1019.5,12.392857142857142,0.9366067172817091,11.794642857142858,1.3315757933380454,11.604166666666666,1.8072779509397123,1.0,20.0,1.0,0.7818314824680298,0.6234898018587336,0.3373010691361842,0.9413968285264122,2015-01-20,13.375
2015-01-20,13.75,13.0,13.5,12.25,12.0,9.5,78.0,73.875,77.875,1.85,2.5500000000000003,4.875,1018.875,1018.75,1017.125,12.839285714285714,0.6563562839103869,11.776785714285714,1.3010522474315547,11.6875,1.8475723820449845,2.0,21.0,1.0,0.9749279121818236,-0.22252093395631434,0.3534446712740877,0.9354554315134164,2015-01-21,13.25
2015-01-21,13.375,13.75,13.0,12.0,9.625,9.375,74.375,78.0,82.25,7.1875,1.85,5.1000000000000005,1020.0,1018.875,1017.5,13.0,0.6250000000000662,11.875,1.3693063937619163,11.816666666666666,1.8246791561771452,3.0,22.0,1.0,0.43388373911755823,-0.900968867902419,0.3694836834473831,0.9292372181882051,2015-01-22,12.625
2015-01-22,13.25,13.375,13.75,12.375,10.0,9.625,73.375,74.375,79.125,3.7,7.1875,0.925,1021.0,1020.0,1019.375,13.178571428571429,0.44404123575148285,12.133928571428571,1.2485224784192648,11.945833333333333,1.7825432641326233,4.0,23.0,1.0,-0.433883739117558,-0.9009688679024191,0.38541335945432564,0.9227440286201427,2015-01-23,14.625
2015-01-23,12.625,13.25,13.375,13.0,10.625,9.875,94.125,73.375,78.125,3.2375,3.7,4.6375,1020.625,1021.0,1019.25,13.214285714285714,0.37301059604519304,12.321428571428571,1.090512280061241,12.045833333333333,1.7312677651684873,5.0,24.0,1.0,-0.9749279121818236,-0.2225209339563146,0.4012289854475009,0.9159777842484877,2015-01-24,12.375
2015-01-24,14.625,12.625,13.25,13.5,11.125,9.25,85.0,94.125,76.625,1.1625,3.2375,1.8625,1020.0,1020.625,1019.25,13.446428571428571,0.6326907767999362,12.607142857142858,1.1349529205502362,12.204166666666667,1.743053742881603,6.0,25.0,1.0,-0.7818314824680299,0.6234898018587334,0.4169258813287287,0.908940487313808,2015-01-25,13.25
2015-01-25,12.375,14.625,12.625,13.0,11.0,10.75,86.25,85.0,73.875,9.7375,1.1625,2.5500000000000003,1020.75,1020.0,1018.75,13.285714285714286,0.749007279512016,12.696428571428571,1.0557924995922234,12.308333333333334,1.6513883048308755,0.0,26.0,1.0,0.0,1.0,0.4324994021339788,0.901634220265486,2015-01-26,13.75
2015-01-26,13.25,12.375,14.625,13.75,10.625,10.375,77.75,86.25,78.0,4.1625,9.7375,1.85,1020.375,1020.75,1018.875,13.321428571428571,0.7390067336506746,12.857142857142858,0.9429102132902621,12.391666666666667,1.6330151578433036,1.0,27.0,1.0,0.7818314824680298,0.6234898018587336,0.44794493940789115,0.8940611451454876,2015-01-27,13.25
2015-01-27,13.75,13.25,12.375,13.375,12.25,9.0,88.125,77.75,74.375,0.925,4.1625,7.1875,1019.875,1020.375,1020.0,13.321428571428571,0.7390067336506746,13.080357142857142,0.7165742869993731,12.504166666666666,1.6053128835282728,2.0,28.0,1.0,0.9749279121818236,-0.22252093395631434,0.4632579225674917,0.88622350294858,2015-01-28,11.714285714285714
2015-01-28,13.25,13.75,13.25,13.25,12.0,11.125,74.25,88.125,73.375,5.3375,0.925,3.7,1019.3333333333334,1019.875,1021.0,13.303571428571429,0.7390067336506746,13.151785714285714,0.6761361012917364,12.645833333333334,1.4669797047068736,3.0,29.0,1.0,0.43388373911755823,-0.900968867902419,0.4784338202547012,0.8781236129591848,2015-01-29,11.5
2015-01-29,11.714285714285714,13.25,13.75,12.625,12.375,11.625,67.0,74.25,94.125,27.775,5.3375,3.2375,1018.25,1019.3333333333334,1020.625,13.084183673469386,0.9541862142107194,13.131377551020408,0.7166720831350698,12.66547619047619,1.4497577187633992,4.0,30.0,1.0,-0.433883739117558,-0.9009688679024191,0.49346814167723735,0.8697638720650646,2015-01-30,12.75
2015-01-30,11.5,11.714285714285714,13.25,14.625,13.0,12.375,67.5,67.0,85.0,3.9375,27.775,1.1625,1019.75,1018.25,1020.0,12.923469387755102,1.1240412716485888,13.068877551020408,0.8186125027692931,12.661309523809523,1.453027150048849,5.0,31.0,1.0,-0.9749279121818236,-0.2225209339563146,0.5083564379375122,0.8611467540480452,2015-01-31,13.75
2015-01-31,12.75,11.5,11.714285714285714,12.375,13.5,14.75,56.125,67.5,86.25,12.0375,3.9375,9.7375,1020.375,1019.75,1020.75,12.655612244897958,0.8380001733731672,13.051020408163266,0.8229458378181379,12.673809523809522,1.4520918848781004,6.0,32.0,2.0,-0.7818314824680299,0.6234898018587334,0.5230943033491326,0.8522748088519838,2015-02-01,15.0
2015-02-01,13.75,12.75,11.5,13.25,13.0,14.875,57.625,56.125,77.75,9.025,12.0375,4.1625,1017.875,1020.375,1020.375,12.85204081632653,0.9185421224470398,13.068877551020408,0.8360458022957592,12.640476190476189,1.4137604554450036,0.0,33.0,2.0,0.0,1.0,0.5376773767406141,0.8431506618282,2015-02-02,17.375
2015-02-02,15.0,13.75,12.75,13.75,13.75,15.125,65.25,57.625,88.125,5.1000000000000005,9.025,0.925,1017.75,1017.875,1019.875,13.10204081632653,1.2301879888262486,13.21173469387755,0.9815771883193914,12.644642857142856,1.4207401574539926,1.0,34.0,2.0,0.7818314824680298,0.6234898018587336,0.5521013427459208,0.8337770129585915,2015-02-03,16.75
2015-02-03,17.375,15.0,13.75,13.25,13.375,14.125,63.875,65.25,74.25,11.8125,5.1000000000000005,5.3375,1017.5,1017.75,1019.3333333333334,13.619897959183675,2.042925674365473,13.470663265306124,1.4840135675861412,12.719642857142855,1.6037878911902623,2.0,35.0,2.0,0.9749279121818236,-0.22252093395631434,0.5663619330814524,0.8241566360566663,2015-02-04,14.625
2015-02-04,16.75,17.375,15.0,11.714285714285714,13.25,14.0,71.25,63.875,67.0,7.175000000000002,11.8125,27.775,1020.5,1017.5,1018.25,14.119897959183675,2.3435011610694807,13.71173469387755,1.7222778606764728,12.807142857142855,1.7482108578134359,3.0,36.0,2.0,0.43388373911755823,-0.900968867902419,0.580454927809098,0.8142923779467267,2015-02-05,14.625
2015-02-05,14.625,16.75,17.375,11.5,12.625,12.0,81.125,71.25,67.5,9.25,7.175000000000002,3.9375,1022.0,1020.5,1019.75,14.535714285714286,2.090048700731315,13.809948979591837,1.7330929073340806,12.827976190476189,1.7665441666903658,4.0,37.0,2.0,-0.433883739117558,-0.9009688679024191,0.5943761565849831,0.804187157621448,2015-02-06,15.125
2015-02-06,14.625,14.625,16.75,12.75,14.625,9.625,62.875,81.125,56.125,7.399999999999999,9.25,12.0375,1019.25,1022.0,1020.375,14.982142857142858,1.6128206584089146,13.95280612244898,1.7101829215431155,12.91547619047619,1.7889867387681926,5.0,38.0,2.0,-0.9749279121818236,-0.2225209339563146,0.6081214998935418,0.7938439653781019,2015-02-07,15.875
2015-02-07,15.125,14.625,14.625,13.75,12.375,10.0,62.625,62.875,57.625,3.0125,7.399999999999999,9.025,1019.0,1019.25,1017.875,15.321428571428571,1.280578366356797,13.988520408163266,1.730401684391509,13.098809523809523,1.720667087604488,6.0,39.0,2.0,-0.7818314824680299,0.6234898018587334,0.6216868902665479,0.7832658619336791,2015-02-08,16.625
2015-02-08,15.875,15.125,14.625,15.0,13.25,10.625,67.625,62.625,65.25,1.85,3.0125,5.1000000000000005,1017.0,1019.0,1017.75,15.625,1.0825317547305906,14.238520408163266,1.7321868571335852,13.294642857142856,1.6898709788181143,0.0,40.0,2.0,0.0,1.0,0.6350683134867438,0.7724559775191742,2015-02-09,16.875
2015-02-09,16.625,15.875,15.125,17.375,13.75,11.125,63.875,67.625,63.875,4.4125000000000005,1.85,11.8125,1017.375,1017.0,1017.5,15.857142857142858,1.1002570046087272,14.479591836734695,1.8168151164947985,13.494642857142855,1.7178428688608387,1.0,41.0,2.0,0.7818314824680298,0.6234898018587336,0.6482618097757122,0.7614175109532997,2015-02-10,15.75
2015-02-10,16.875,16.625,15.875,16.75,13.25,11.0,63.5,63.875,71.25,5.55,4.4125000000000005,7.175000000000002,1019.75,1017.375,1020.5,15.785714285714286,0.9966461615983198,14.70280612244898,1.9098681902840144,13.686309523809522,1.7644776832927775,2.0,42.0,2.0,0.9749279121818236,-0.22252093395631434,0.6612634749656386,0.7501537286959042,2015-02-11,16.0
2015-02-11,15.75,16.875,16.625,14.625,11.714285714285714,10.625,64.0,63.5,81.125,4.625,5.55,9.25,1019.75,1019.75,1022.0,15.642857142857142,0.9026251397214873,14.881377551020408,1.8802269783539525,13.844642857142855,1.727850364098913,3.0,43.0,2.0,0.43388373911755823,-0.900968867902419,0.6740694616546161,0.7386679638813748,2015-02-12,15.5
2015-02-12,16.0,15.75,16.875,14.625,11.5,12.25,66.625,64.0,62.875,1.85,4.625,7.399999999999999,1017.125,1019.75,1019.25,15.839285714285714,0.7863228162966304,15.1875,1.6610281223009704,14.023809523809522,1.659819090611226,4.0,44.0,2.0,-0.433883739117558,-0.9009688679024191,0.6866759803451553,0.726963615332308,2015-02-13,17.25
2015-02-13,15.5,16.0,15.75,15.125,12.75,12.0,69.625,66.625,62.625,6.025,1.85,3.0125,1016.125,1017.125,1019.0,15.964285714285714,0.6111562032426721,15.473214285714286,1.2777483307369666,14.132142857142856,1.6460573350205299,5.0,45.0,2.0,-0.9749279121818236,-0.2225209339563146,0.6990793005655562,0.7150441465537444,2015-02-14,19.375
2015-02-14,17.25,15.5,16.0,15.875,13.75,12.375,59.0,69.625,67.625,6.725,6.025,1.85,1012.625,1016.125,1017.0,16.267857142857142,0.6512350903147323,15.794642857142858,1.0925965267780815,14.307142857142855,1.6900508843091704,6.0,46.0,2.0,-0.7818314824680299,0.6234898018587334,0.7112757519738152,0.7029130847082615,2015-02-15,18.875
2015-02-15,19.375,17.25,15.5,16.625,15.0,13.0,63.125,59.0,63.875,4.1625,6.725,4.4125000000000005,1009.625,1012.625,1017.375,16.767857142857142,1.3098754939015789,16.196428571428573,1.2978479651551096,14.54047619047619,1.8859604195735125,0.0,47.0,2.0,0.0,1.0,0.7232617254437388,0.6905740195722293,2015-02-16,20.625
2015-02-16,18.875,19.375,17.25,16.875,17.375,13.5,70.125,63.125,63.5,1.3875000000000002,4.1625,5.55,1012.625,1009.625,1019.75,17.089285714285715,1.5270380604606208,16.473214285714285,1.4295798295334714,14.736309523809522,2.020695197461804,1.0,48.0,2.0,0.7818314824680298,0.6234898018587336,0.7350336741329413,0.6780306024735382,2015-02-17,21.142857142857142
2015-02-17,20.625,18.875,19.375,15.75,16.75,13.0,71.25,70.125,64.0,10.425,1.3875000000000002,4.625,1013.625,1012.625,1019.75,17.625,2.018146839718747,16.705357142857142,1.8025136981077643,14.973809523809523,2.273301488994134,2.0,49.0,2.0,0.9749279121818236,-0.22252093395631434,0.746588114532413,0.6652865452111116,2015-02-18,21.25
2015-02-18,21.142857142857142,20.625,18.875,16.0,14.625,13.75,72.57142857142857,71.25,66.625,5.028571428571429,10.425,1.85,1011.8571428571428,1013.625,1017.125,18.395408163265305,2.203878880193242,17.019132653061224,2.158146738582627,15.245238095238095,2.5039287099041747,3.0,50.0,2.0,0.43388373911755823,-0.900968867902419,0.7579216274973472,0.6523456189565257,2015-02-19,22.75
2015-02-19,21.25,21.142857142857142,20.625,15.5,14.625,13.375,72.875,72.57142857142857,69.625,5.1000000000000005,5.028571428571429,6.025,1011.75,1011.8571428571428,1016.125,19.145408163265305,2.1453712575793356,17.49234693877551,2.313540214150589,15.495238095238095,2.7150064400483602,4.0,51.0,2.0,-0.433883739117558,-0.9009688679024191,0.7690308592589181,0.6392116531380588,2015-02-20,22.75
2015-02-20,22.75,21.25,21.142857142857142,17.25,15.125,13.25,73.5,72.875,59.0,7.65,5.1000000000000005,6.725,1012.0,1011.75,1012.625,20.18112244897959,1.8170883329432,18.072704081632654,2.5463083934859383,15.807738095238095,2.9883279394077507,5.0,52.0,2.0,-0.9749279121818236,-0.2225209339563146,0.7799125224167177,0.6258885343075018,2015-02-21,21.875
2015-02-21,22.75,22.75,21.25,19.375,15.875,12.625,67.125,73.5,63.125,7.187500000000001,7.65,4.1625,1013.875,1012.0,1009.625,20.966836734693878,1.4998380217046623,18.617346938775512,2.6793104684280977,16.12440476190476,3.203541441135202,6.0,53.0,2.0,-0.7818314824680299,0.6234898018587334,0.7905633969115482,0.612380204990065,2015-02-22,22.142857142857142
2015-02-22,21.875,22.75,22.75,18.875,16.625,14.625,63.5,67.125,70.125,11.3375,7.187500000000001,1.3875000000000002,1014.125,1013.875,1012.625,21.323979591836736,1.347531306487238,19.04591836734694,2.6867705490798266,16.432738095238093,3.2988455857418,0.0,54.0,2.0,0.0,1.0,0.8009803309782905,0.5986906625177214,2015-02-23,21.5
2015-02-23,22.142857142857142,21.875,22.75,20.625,16.875,12.375,58.85714285714285,63.5,71.25,14.812499999999998,11.3375,10.425,1013.375,1014.125,1013.625,21.79081632653061,0.8208275677727227,19.440051020408163,2.7089450706758926,16.683333333333334,3.439339787661758,1.0,55.0,2.0,0.7818314824680298,0.6234898018587336,0.8111602420785621,0.5848239578463322,2015-02-24,22.875
2015-02-24,21.5,22.142857142857142,21.875,21.142857142857142,15.75,13.25,74.375,58.85714285714285,72.57142857142857,3.0250000000000004,14.812499999999998,5.028571428571429,1014.25,1013.375,1011.8571428571428,21.91581632653061,0.6656599237680773,19.770408163265305,2.653517048150373,16.9875,3.4486664484542997,2.0,56.0,2.0,0.9749279121818236,-0.22252093395631434,0.8211001178128892,0.5707841943569036,2015-02-25,23.125
2015-02-25,22.875,21.5,22.142857142857142,21.25,16.0,13.75,72.375,74.375,72.875,6.0375,3.0250000000000004,5.1000000000000005,1010.625,1014.25,1011.75,22.16326530612245,0.6522485776122635,20.279336734693878,2.5020557397831356,17.308333333333334,3.535589679514552,3.0,57.0,2.0,0.43388373911755823,-0.900968867902419,0.8307970168121247,0.5565755266413303,2015-02-26,20.0
2015-02-26,23.125,22.875,21.5,22.75,15.5,13.25,58.625,72.375,73.5,6.5,6.0375,7.65,1008.5,1010.625,1012.0,22.431122448979597,0.5973855819551004,20.788265306122447,2.2793831568405194,17.620833333333334,3.623456268559853,4.0,58.0,2.0,-0.433883739117558,-0.9009688679024191,0.8402480696078469,0.5422021592729844,2015-02-27,19.25
2015-02-27,20.0,23.125,22.875,22.75,17.25,11.714285714285714,34.375,58.625,67.125,6.7125,6.5,7.187500000000001,1009.875,1008.5,1013.875,22.03826530612245,1.0700103993028611,21.10969387755102,1.726531029760082,17.845833333333335,3.5515471353064765,5.0,59.0,2.0,-0.9749279121818236,-0.2225209339563146,0.8494504794814806,0.527668345562516,2015-02-28,21.25
2015-02-28,19.25,20.0,23.125,21.875,19.375,11.5,43.125,34.375,63.5,5.800000000000001,6.7125,11.3375,1013.0,1009.875,1014.125,21.53826530612245,1.436859461380661,21.252551020408163,1.4418826464969927,18.09702380952381,3.3644901890698513,6.0,60.0,3.0,-0.7818314824680299,0.6234898018587334,0.8584015232918917,0.512978386299228,2015-03-01,17.375
2015-03-01,21.25,19.25,20.0,22.142857142857142,18.875,12.75,45.5,43.125,58.85714285714285,6.950000000000001,5.800000000000001,14.812499999999998,1013.0,1013.0,1013.375,21.44897959183674,1.431857402803507,21.386479591836736,1.337363219851209,18.42202380952381,3.1705858180140214,0.0,61.0,3.0,0.0,1.0,0.8670985522812081,0.4981366284784055,2015-03-02,17.5
2015-03-02,17.375,21.25,19.25,21.5,20.625,13.75,92.75,45.5,74.375,14.8125,6.950000000000001,3.0250000000000004,1011.125,1013.0,1014.25,20.767857142857142,2.0481553838004096,21.279336734693878,1.5902285625110144,18.57619047619048,2.992733742669869,1.0,62.0,3.0,0.7818314824680298,0.6234898018587336,0.8755389928586302,0.4831474640149687,2015-03-03,16.25
2015-03-03,17.5,17.375,21.25,22.875,21.142857142857142,15.0,89.875,92.75,72.375,6.725,14.8125,6.0375,1012.5,1011.125,1010.625,20.196428571428573,2.3461594757634034,21.05612244897959,1.881742940065348,18.70119047619048,2.859554606080325,2.0,63.0,3.0,0.9749279121818236,-0.22252093395631434,0.8837203473619977,0.4680153284438345,2015-03-04,16.75
2015-03-04,16.25,17.5,17.375,23.125,21.25,17.375,82.5,89.875,58.625,5.5625,6.725,6.5,1013.75,1012.5,1008.5,19.25,2.420614591379658,20.706632653061224,2.2772068053355174,18.742857142857144,2.812484263776308,3.0,64.0,3.0,0.43388373911755823,-0.900968867902419,0.8916401947968874,0.45274469960737107,2015-03-05,18.75
2015-03-05,16.75,16.25,17.5,20.0,22.75,16.75,69.25,82.5,34.375,6.7125,5.5625,6.7125,1014.0,1013.75,1009.875,18.339285714285715,1.8522428489344112,20.38520408163265,2.5011841219031385,18.72202380952381,2.8252518342492237,4.0,65.0,3.0,-0.433883739117558,-0.9009688679024191,0.8992961915530253,0.4373400963303323,2015-03-06,20.0
2015-03-06,18.75,16.75,16.25,19.25,22.75,14.625,64.0,69.25,43.125,3.7,6.7125,5.800000000000001,1015.75,1014.0,1013.0,18.160714285714285,1.7210617570060232,20.099489795918366,2.437933577403181,18.788690476190478,2.800603145072449,5.0,66.0,3.0,-0.9749279121818236,-0.2225209339563146,0.9066860720977985,0.4218060770826634,2015-03-07,18.375
2015-03-07,20.0,18.75,16.75,21.25,21.875,14.625,62.375,64.0,45.5,5.0875,3.7,6.950000000000001,1016.375,1015.75,1013.0,18.267857142857142,1.8206405858535706,19.903061224489793,2.31567031278884,18.967857142857145,2.6949882787610275,6.0,67.0,3.0,-0.7818314824680299,0.6234898018587334,0.9138076496466615,0.4061472386305789,2015-03-08,19.5
2015-03-08,18.375,20.0,18.75,17.375,22.142857142857142,15.125,80.375,62.375,92.75,4.175,5.0875,14.8125,1013.7142857142856,1016.375,1011.125,17.857142857142858,1.2797065325784236,19.653061224489793,2.2749760022291077,19.092857142857145,2.5707117911776356,0.0,68.0,3.0,0.0,1.0,0.9206588168102428,0.3903682146763026,2015-03-09,18.125
2015-03-09,19.5,18.375,20.0,17.5,21.5,15.875,74.125,80.375,89.875,7.8875,4.175,6.725,1015.375,1013.7142857142856,1012.5,18.160714285714285,1.3932767988075176,19.464285714285715,2.159186863633234,19.238690476190477,2.4595490787481755,1.0,69.0,3.0,0.7818314824680298,0.6234898018587336,0.9272375462179537,0.374473674486883,2015-03-10,17.75
2015-03-10,18.125,19.5,18.375,16.25,22.875,16.625,54.25,74.125,82.5,12.2625,7.8875,5.5625,1021.0,1015.375,1013.75,18.25,1.3635890143294962,19.223214285714285,2.102070048549609,19.313690476190477,2.3866670694354615,2.0,70.0,3.0,0.9749279121818236,-0.22252093395631434,0.9335418911179212,0.35846832151248087,2015-03-11,18.25
2015-03-11,17.75,18.125,19.5,16.75,23.125,16.875,68.5,54.25,69.25,8.5625,12.2625,6.7125,1019.125,1021.0,1014.0,18.464285714285715,1.0866478599015694,18.857142857142858,1.8481130858311359,19.351190476190478,2.3515445785187987,3.0,71.0,3.0,0.43388373911755823,-0.900968867902419,0.9395699859530622,0.342356891994542,2015-03-12,20.5
2015-03-12,18.25,17.75,18.125,18.75,20.0,15.75,69.875,68.5,64.0,6.025,8.5625,3.7,1018.125,1019.125,1015.75,18.678571428571427,0.8031745051446644,18.508928571428573,1.382813712592738,19.397023809523812,2.314729265432319,4.0,72.0,3.0,-0.433883739117558,-0.9009688679024191,0.945320046913132,0.3261441535642696,2015-03-13,21.375
2015-03-13,20.5,18.25,17.75,20.0,19.25,16.0,63.375,69.875,62.375,5.325000000000001,6.025,5.0875,1017.0,1018.125,1016.375,18.928571428571427,1.0603093663554257,18.544642857142858,1.4299401067140756,19.555357142857144,2.217056654521681,5.0,73.0,3.0,-0.9749279121818236,-0.2225209339563146,0.9507903724625832,0.3098349038318025,2015-03-14,21.5
2015-03-14,21.375,20.5,18.25,18.375,21.25,15.5,65.25,63.375,80.375,4.175000000000001,5.325000000000001,4.175,1014.75,1017.0,1013.7142857142856,19.125,1.3731047544403736,18.696428571428573,1.6117912020851697,19.73452380952381,2.1355156120693013,6.0,74.0,3.0,-0.7818314824680299,0.6234898018587334,0.9559793438440766,0.2934339689665273,2015-03-15,17.625
2015-03-15,21.5,21.375,20.5,19.5,17.375,17.25,64.625,65.25,74.125,7.875,4.175000000000001,7.8875,1015.125,1014.75,1015.375,19.571428571428573,1.5809035240586453,18.714285714285715,1.6433348564877857,19.93452380952381,2.0020514929999336,0.0,75.0,3.0,0.0,1.0,0.9608854255574977,0.27694620226893646,2015-03-16,19.857142857142858
2015-03-16,17.625,21.5,21.375,18.125,17.5,19.375,89.125,64.625,54.25,11.575,7.875,12.2625,1015.5,1015.125,1021.0,19.303571428571427,1.7453168630311933,18.732142857142858,1.6289575645949252,19.94702380952381,1.98581729792088,1.0,76.0,3.0,0.7818314824680298,0.6234898018587336,0.9655071658143364,0.2603764827344581,2015-03-17,20.875
2015-03-17,19.857142857142858,17.625,21.5,17.75,16.25,18.875,81.85714285714286,89.125,68.5,8.5625,11.575,8.5625,1017.375,1015.5,1019.125,19.551020408163264,1.6716049895267664,18.900510204081634,1.6135512388384616,19.963095238095242,1.9829771983263185,2.0,77.0,3.0,0.9749279121818236,-0.22252093395631434,0.969843196967294,0.24372971360968387,2015-03-18,20.25
2015-03-18,20.875,19.857142857142858,17.625,18.25,16.75,20.625,70.375,81.85714285714286,69.875,13.2,8.5625,6.025,1015.875,1017.375,1018.125,19.997448979591837,1.5209502298086537,19.230867346938776,1.498502396783947,20.02976190476191,1.978749554796967,3.0,78.0,3.0,0.43388373911755823,-0.900968867902419,0.9738922359149924,0.22701082094141847,2015-03-19,21.125
2015-03-19,20.25,20.875,19.857142857142858,20.5,18.75,21.142857142857142,69.625,70.375,63.375,12.2625,13.2,5.325000000000001,1013.5,1015.875,1017.0,20.283163265306122,1.3113932234799026,19.480867346938776,1.3359108446358332,20.017261904761906,1.976042310260396,4.0,79.0,3.0,-0.433883739117558,-0.9009688679024191,0.9776530844816641,0.2102247521189836,2015-03-20,22.5
2015-03-20,21.125,20.25,20.875,21.375,20.0,21.25,66.0,69.625,65.25,5.3375,12.2625,4.175000000000001,1014.875,1013.5,1014.75,20.372448979591837,1.3493443140079078,19.650510204081634,1.3858253447211661,20.016666666666666,1.9756942172711867,5.0,80.0,3.0,-0.9749279121818236,-0.2225209339563146,0.981124629771712,0.19337647441020586,2015-03-21,24.875
2015-03-21,22.5,21.125,20.25,21.5,18.375,22.75,65.75,66.0,64.625,9.025,5.3375,7.875,1014.875,1014.875,1015.125,20.533163265306122,1.5419112431742312,19.829081632653065,1.5815687180064084,20.058333333333334,2.0153840360022213,6.0,81.0,3.0,-0.7818314824680299,0.6234898018587334,0.984305844499033,0.17647097349152166,2015-03-22,25.125
2015-03-22,24.875,22.5,21.125,17.625,19.5,22.75,60.5,65.75,89.125,5.7875,9.025,11.575,1014.875,1014.875,1015.5,21.01530612244898,2.256637709339905,20.293367346938776,2.016218023920179,20.129166666666666,2.1463368879816,0.0,82.0,3.0,0.0,1.0,0.9871957872910085,0.15951325197263655,2015-03-23,24.75
2015-03-23,25.125,24.875,22.5,19.857142857142858,18.125,21.875,64.0,60.5,81.85714285714286,10.2,5.7875,8.5625,1012.0,1014.875,1017.375,22.086734693877553,2.156933640798132,20.69515306122449,2.3745761445884352,20.208333333333332,2.2856196742527475,1.0,83.0,3.0,0.7818314824680298,0.6234898018587336,0.9897936029670716,0.14250832791617088,2015-03-24,25.75
2015-03-24,24.75,25.125,24.875,20.875,17.75,22.142857142857142,65.75,64.0,70.375,7.637499999999999,10.2,13.2,1010.0,1012.0,1015.875,22.785714285714285,2.106184204850558,21.168367346938776,2.4807413060762795,20.304166666666667,2.4145471415525357,2.0,84.0,3.0,0.9749279121818236,-0.22252093395631434,0.992098522791769,0.12546123335273648,2015-03-25,26.625
2015-03-25,25.75,24.75,25.125,20.25,18.25,21.5,65.5,65.75,69.625,1.3875000000000002,7.637499999999999,12.2625,1010.25,1010.0,1013.5,23.482142857142858,2.173980330221629,21.73979591836735,2.5530931532208574,20.424404761904764,2.5925204159434387,3.0,85.0,3.0,0.43388373911755823,-0.900968867902419,0.9941098647022418,0.10837701279187609,2015-03-26,28.5
2015-03-26,26.625,25.75,24.75,21.125,20.5,22.875,65.625,65.5,66.0,2.55,1.3875000000000002,5.3375,1011.8571428571428,1010.25,1014.875,24.392857142857142,1.9140769253586787,22.338010204081634,2.651765727583052,20.595238095238095,2.8243318188285,4.0,86.0,3.0,-0.433883739117558,-0.9009688679024191,0.9958270335100595,0.09126072172931188,2015-03-27,27.375
2015-03-27,28.5,26.625,25.75,22.5,21.375,23.125,54.375,65.625,65.75,9.2625,2.55,9.025,1013.0,1011.8571428571428,1014.875,25.446428571428573,1.8439895929878944,22.909438775510207,3.0563251856419327,20.782738095238095,3.148956671174722,5.0,87.0,3.0,-0.9749279121818236,-0.2225209339563146,0.9972495210773451,0.07411742515094437,2015-03-28,27.0
2015-03-28,27.375,28.5,26.625,24.875,21.5,20.0,51.375,54.375,60.5,7.65,9.2625,5.7875,1012.0,1013.0,1014.875,26.142857142857142,1.41684172587855,23.338010204081634,3.2397757929014097,20.924404761904764,3.3473178055452157,6.0,88.0,3.0,-0.7818314824680299,0.6234898018587334,0.998376906467142,0.056952196034039754,2015-03-29,25.0
2015-03-29,27.0,27.375,28.5,25.125,17.625,19.25,53.625,51.375,64.0,3.7125,7.65,10.2,1009.625,1012.0,1012.0,26.446428571428573,1.3245619221894886,23.730867346938776,3.331909673225044,21.157738095238095,3.5201712254998756,0.0,89.0,3.0,0.0,1.0,0.9992088560679753,0.03977011384605572,2015-03-30,23.5
2015-03-30,25.0,27.0,27.375,24.75,19.857142857142858,21.25,52.75,53.625,65.75,13.1875,3.7125,7.637499999999999,1008.625,1009.625,1010.0,26.428571428571427,1.346014841070105,24.25765306122449,2.8388123723012044,21.34940476190476,3.568917477233169,1.0,90.0,3.0,0.7818314824680298,0.6234898018587336,0.9997451236925734,0.022576263041545485,2015-03-31,25.25
2015-03-31,23.5,25.0,27.0,25.75,20.875,17.375,66.25,52.75,65.5,14.8125,13.1875,1.3875000000000002,1010.375,1008.625,1010.25,26.25,1.6535945694153782,24.517857142857142,2.5574444232516997,21.424404761904764,3.5903338399726956,2.0,91.0,4.0,0.9749279121818236,-0.22252093395631434,0.9999855506507186,0.005375731557583884,2015-04-01,26.428571428571427
2015-04-01,25.25,23.5,25.0,26.625,20.25,17.5,64.875,66.25,65.625,3.7,14.8125,2.55,1010.1428571428572,1010.375,1011.8571428571428,26.178571428571427,1.6892076897313875,24.830357142857142,2.335762488160599,21.686904761904763,3.571895700156701,3.0,92.0,4.0,0.43388373911755823,-0.900968867902419,0.9999300657962057,-0.011826390691832589,2015-04-02,28.714285714285715
2015-04-02,26.428571428571427,25.25,23.5,28.5,21.125,16.25,59.71428571428572,64.875,54.375,6.7125,3.7,9.2625,1007.5,1010.1428571428572,1013.0,26.15051020408163,1.682172465328644,25.271683673469386,1.9567058870322143,21.984523809523807,3.5829608554479053,4.0,93.0,4.0,-0.433883739117558,-0.9009688679024191,0.9995786855478958,-0.029025013321975237,2015-04-03,24.5
2015-04-03,28.714285714285715,26.428571428571427,25.25,27.375,22.5,16.75,45.285714285714285,59.71428571428572,51.375,10.175,6.7125,7.65,1004.625,1007.5,1012.0,26.18112244897959,1.7332295490159841,25.813775510204078,1.7610203895154648,22.4,3.6175671205826534,5.0,94.0,4.0,-0.9749279121818236,-0.2225209339563146,0.9989315138848577,-0.046215046983708354,2015-04-04,21.0
2015-04-04,24.5,28.714285714285715,26.428571428571427,27.0,24.875,18.75,71.125,45.285714285714285,53.625,6.9625,10.175,3.7125,1004.75,1004.625,1009.625,25.770408163265305,1.7437762436590043,25.956632653061224,1.5385980190077457,22.658333333333335,3.4740534853463507,6.0,95.0,4.0,-0.7818314824680299,0.6234898018587334,0.9979887423155984,-0.06339140486951038,2015-04-05,23.571428571428573
2015-04-05,21.0,24.5,28.714285714285715,25.0,25.125,20.0,77.5,71.125,52.75,1.3875000000000002,6.9625,13.1875,1005.25,1004.75,1008.625,24.913265306122447,2.392577910400679,25.67984693877551,2.0210512049920197,22.733333333333334,3.410473882293449,0.0,96.0,4.0,0.0,1.0,0.9967506498213929,-0.08054900421874167,2015-04-06,25.0
2015-04-06,23.571428571428573,21.0,24.5,23.5,24.75,18.375,67.71428571428571,77.5,66.25,17.6,1.3875000000000002,14.8125,1007.75,1005.25,1010.375,24.70918367346939,2.4443142211389004,25.568877551020403,2.0951518701632397,22.85238095238095,3.3739098029833468,1.0,97.0,4.0,0.7818314824680298,0.6234898018587336,0.9952176027737294,-0.09768276782171598,2015-04-07,23.75
2015-04-07,25.0,23.571428571428573,21.0,25.25,25.75,19.5,60.125,67.71428571428571,64.875,2.775,17.6,3.7,1007.75,1007.75,1010.1428571428572,24.9234693877551,2.385688317101742,25.58673469387755,2.088691062445317,23.073214285714286,3.2864248468666193,2.0,98.0,4.0,0.9749279121818236,-0.22252093395631434,0.9933900548258936,-0.11478762552212701,2015-04-08,25.625
2015-04-08,23.75,25.0,23.571428571428573,26.428571428571427,26.625,18.125,62.125,60.125,59.71428571428572,9.7375,2.775,6.7125,1010.25,1007.75,1007.5,24.70918367346939,2.4186095202950533,25.443877551020403,2.144320209587715,23.214880952380952,3.2179729922521405,3.0,99.0,4.0,0.43388373911755823,-0.900968867902419,0.9912685467787256,-0.13185851571739118,2015-04-09,26.0
2015-04-09,25.625,23.75,25.0,28.714285714285715,28.5,17.75,50.375,62.125,45.285714285714285,6.712500000000001,9.7375,10.175,1012.0,1010.25,1004.625,24.594387755102044,2.3412322482473407,25.372448979591834,2.1184490993833207,23.464880952380952,3.0980079300300765,4.0,100.0,4.0,-0.433883739117558,-0.9009688679024191,0.9888537064205885,-0.1488903868564548,2015-04-10,27.125
2015-04-10,26.0,25.625,23.75,24.5,27.375,18.25,52.875,50.375,71.125,9.0375,6.712500000000001,6.9625,1010.5,1012.0,1004.75,24.206632653061227,1.6752074048810748,25.193877551020403,1.9316704997198721,23.73988095238095,2.9351035650356403,5.0,101.0,4.0,-0.9749279121818236,-0.2225209339563146,0.986146248341595,-0.16587819893463143,2015-04-11,28.25
2015-04-11,27.125,26.0,25.625,21.0,27.0,20.5,52.25,52.875,77.5,6.25,9.0375,1.3875000000000002,1008.5,1010.5,1005.25,24.581632653061227,2.0118129331376235,25.17602040816326,1.9110012768811928,24.035714285714285,2.807163695882672,6.0,102.0,4.0,-0.7818314824680299,0.6234898018587334,0.9831469737221499,-0.1828169249850199,2015-04-12,24.375
2015-04-12,28.25,27.125,26.0,23.571428571428573,25.0,21.375,44.875,52.25,67.71428571428571,8.1,6.25,17.6,1008.375,1008.5,1007.75,25.617346938775512,1.7031463837469762,25.265306122448976,2.0283733209695782,24.294047619047618,2.8270962176218664,0.0,103.0,4.0,0.0,1.0,0.9798567700958665,-0.1997015525660636,2015-04-13,24.75
2015-04-13,24.375,28.25,27.125,25.0,23.5,21.5,63.0,44.875,60.125,5.325,8.1,2.775,1012.375,1008.375,1007.75,25.732142857142858,1.5636305433798987,25.22066326530612,2.0414970778859978,24.39404761904762,2.7728202496722294,1.0,104.0,4.0,0.7818314824680298,0.6234898018587336,0.9762766110869321,-0.21652708524481437,2015-04-14,26.25
2015-04-14,24.75,24.375,28.25,23.75,25.25,17.625,70.875,63.0,62.125,6.950000000000001,5.325,9.7375,1013.75,1012.375,1010.25,25.696428571428573,1.5858376185413798,25.309948979591834,1.9870633306677938,24.502380952380953,2.7188140106813306,2.0,105.0,4.0,0.9749279121818236,-0.22252093395631434,0.9724075561219968,-0.23328854407545518,2015-04-15,27.625
2015-04-15,26.25,24.75,24.375,25.625,26.428571428571427,19.857142857142858,62.75,70.875,50.375,3.0125,6.950000000000001,6.712500000000001,1012.75,1013.75,1012.0,26.053571428571427,1.3363062095621352,25.381377551020403,2.0026548208755206,24.78988095238095,2.404325521502251,3.0,106.0,4.0,0.43388373911755823,-0.900968867902419,0.9682507501166718,-0.2499809690726521,2015-04-16,25.25
2015-04-16,27.625,26.25,24.75,26.0,28.714285714285715,20.875,59.25,62.75,52.875,5.7875000000000005,3.0125,9.0375,1012.875,1012.75,1010.5,26.339285714285715,1.4392458342578591,25.466836734693878,2.074999966224924,25.04880952380952,2.2692648812120177,4.0,107.0,4.0,-0.433883739117558,-0.9009688679024191,0.9638074231367307,-0.26659942067929354,2015-04-17,28.125
2015-04-17,25.25,27.625,26.25,27.125,24.5,20.25,58.25,59.25,52.25,8.1125,5.7875000000000005,6.25,1013.875,1012.875,1008.5,26.232142857142858,1.495529051157875,25.21938775510204,1.8525861862496682,25.194642857142856,2.127967305664203,5.0,108.0,4.0,-0.9749279121818236,-0.2225209339563146,0.9590788900341131,-0.28313898122818354,2015-04-18,30.125
2015-04-18,28.125,25.25,27.625,28.25,21.0,21.125,48.75,58.25,44.875,8.3375,8.1125,8.1,1007.125,1013.875,1008.375,26.375,1.6361794930059972,25.47831632653061,1.9923590619271563,25.457142857142856,1.9773668773823663,6.0,109.0,4.0,-0.7818314824680299,0.6234898018587334,0.9540665500578387,-0.2995947563972602,2015-04-19,32.125
2015-04-19,30.125,28.125,25.25,24.375,23.571428571428573,22.5,44.5,48.75,63.0,5.562500000000001,8.3375,5.325,1002.375,1007.125,1012.375,26.642857142857142,2.085950736760219,26.130102040816325,1.905301058571603,25.757142857142856,1.9801675463483575,0.0,110.0,4.0,0.0,1.0,0.9487718864399473,-0.31596187665790293,2015-04-20,32.875
2015-04-20,32.125,30.125,28.125,24.75,25.0,24.875,41.0,44.5,70.875,4.175,5.562500000000001,6.950000000000001,1003.875,1002.375,1013.75,27.75,2.659495566205492,26.741071428571427,2.342882165338014,26.07797619047619,2.2015938270778714,1.0,111.0,4.0,0.7818314824680298,0.6234898018587336,0.9431964659565866,-0.33223549871590435,2015-04-21,31.75
2015-04-21,32.875,32.125,30.125,26.25,23.75,25.125,37.875,41.0,62.75,7.1875,4.175,3.0125,1005.75,1003.875,1012.75,28.910714285714285,2.8946019135790033,27.303571428571427,2.7945320432335414,26.344642857142855,2.513292205677387,2.0,112.0,4.0,0.9749279121818236,-0.22252093395631434,0.9373419384643772,-0.3484108069446808,2015-04-22,30.75
2015-04-22,31.75,32.875,32.125,27.625,25.625,24.75,28.5,37.875,59.25,11.1125,7.1875,5.7875000000000005,1005.625,1005.75,1012.875,29.696428571428573,2.796814727336724,27.875,2.8297016695159445,26.56547619047619,2.6874538002891333,3.0,113.0,4.0,0.43388373911755823,-0.900968867902419,0.9312100364121947,-0.3644830148102912,2015-04-23,30.75
2015-04-23,30.75,31.75,32.875,25.25,26.0,25.75,30.25,28.5,58.25,11.349999999999998,11.1125,8.1125,1003.125,1005.625,1013.875,30.142857142857142,2.6569764412812873,28.241071428571427,2.8476813635572875,26.76547619047619,2.7696888636803454,4.0,114.0,4.0,-0.433883739117558,-0.9009688679024191,0.9248025743285089,-0.38044736628785164,2015-04-24,31.125
2015-04-24,30.75,30.75,31.75,28.125,27.125,26.625,33.0,30.25,48.75,8.1,11.349999999999998,8.3375,1004.0,1003.125,1007.125,30.928571428571427,1.5526475085202796,28.580357142857142,2.8430951878635105,26.932142857142857,2.8555814699139277,5.0,115.0,4.0,-0.9749279121818236,-0.2225209339563146,0.9181214482844364,-0.39629913726891813,2015-04-25,30.5
2015-04-25,31.125,30.75,30.75,30.125,28.25,28.5,39.5,33.0,44.5,2.5500000000000003,8.1,5.562500000000001,1004.375,1004.0,1002.375,31.357142857142858,0.9449111825230323,28.866071428571427,2.8862506811615383,27.082142857142856,2.955338446654032,6.0,116.0,4.0,-0.7818314824680299,0.6234898018587334,0.9111686353326631,-0.41203363695942635,2015-04-26,28.75
2015-04-26,30.5,31.125,30.75,32.125,24.375,27.375,43.125,39.5,41.0,12.975,2.5500000000000003,4.175,1005.875,1004.375,1003.875,31.410714285714285,0.8711650655464224,29.026785714285715,2.9118369876861445,27.148809523809522,3.0104692607744488,0.0,117.0,4.0,0.0,1.0,0.9039461929224011,-0.42764620926777464,2015-04-27,30.125
2015-04-27,28.75,30.5,31.125,32.875,24.75,27.0,51.125,43.125,37.875,15.7375,12.975,7.1875,1008.0,1005.875,1005.75,30.928571428571427,1.2580100499257687,29.339285714285715,2.5913264031133862,27.194642857142856,3.024466085159714,1.0,118.0,4.0,0.7818314824680298,0.6234898018587336,0.8964562582905575,-0.44313223418263453,2015-04-28,31.0
2015-04-28,30.125,28.75,30.5,31.75,26.25,25.0,53.0,51.125,28.5,17.5875,15.7375,11.1125,1006.75,1008.0,1005.625,30.535714285714285,0.9374007884012059,29.723214285714285,2.2323983370279,27.29880952380952,3.070987958620002,2.0,119.0,4.0,0.9749279121818236,-0.22252093395631434,0.8887010478292915,-0.45848712914008766,2015-04-29,31.25
2015-04-29,31.0,30.125,28.75,30.75,27.625,23.5,48.25,53.0,30.25,12.5125,17.5875,11.349999999999998,1004.5,1006.75,1003.125,30.428571428571427,0.8096332208975376,30.0625,2.0142222683095343,27.498809523809523,3.111227332564347,3.0,120.0,4.0,0.43388373911755823,-0.900968867902419,0.8806828564301475,-0.47370635037968,2015-04-30,32.625
2015-04-30,31.25,31.0,30.125,30.75,25.25,25.25,47.25,48.25,33.0,9.025,12.5125,8.1,1005.0,1004.5,1004.0,30.5,0.8630131323836462,30.321428571428573,1.9069169928401766,27.757142857142856,3.0894213216627495,4.0,121.0,5.0,-0.433883739117558,-0.9009688679024191,0.8724040568049612,-0.48878539428899265,2015-05-01,31.25
2015-05-01,32.625,31.25,31.0,31.125,28.125,26.428571428571427,44.75,47.25,39.5,15.05,9.025,2.5500000000000003,1004.0,1005.0,1004.375,30.767857142857142,1.1845985858187436,30.848214285714285,1.329381879415761,28.00297619047619,3.175273249188756,5.0,122.0,5.0,-0.9749279121818236,-0.2225209339563146,0.8638670987837349,-0.503719798736334,2015-05-02,30.125
2015-05-02,31.25,32.625,31.25,30.5,30.125,28.714285714285715,43.5,44.75,43.125,5.3375,15.05,12.975,1005.875,1004.0,1005.875,30.785714285714285,1.1917998593563695,31.071428571428573,1.0749712492962433,28.163690476190478,3.214610969221436,6.0,123.0,5.0,-0.7818314824680299,0.6234898018587334,0.8550745085896932,-0.518505144391157,2015-05-03,31.0
2015-05-03,30.125,31.25,32.625,28.75,32.125,24.5,40.25,43.5,51.125,4.4,5.3375,15.7375,1006.25,1005.875,1008.0,30.732142857142858,1.214985792587895,31.071428571428573,1.0749712492962433,28.210714285714285,3.2332071703828307,0.0,124.0,5.0,0.0,1.0,0.8460288880917339,-0.533137056031809,2015-05-04,30.875
2015-05-04,31.0,30.125,31.25,30.125,32.875,21.0,39.25,40.25,53.0,3.0125,4.4,17.5875,1006.625,1006.25,1006.75,31.053571428571427,0.8442734267093612,30.991071428571427,1.0313176384746343,28.42738095238095,3.1935150374826953,1.0,125.0,5.0,0.7818314824680298,0.6234898018587336,0.8367329140344921,-0.5476112038402312,2015-05-05,32.125
2015-05-05,30.875,31.0,30.125,31.0,31.75,23.571428571428573,39.25,39.25,48.25,3.9375,3.0125,12.5125,1006.625,1006.625,1004.5,31.160714285714285,0.7490072795119208,30.848214285714285,0.8773027000259529,28.75654761904762,2.896680269343764,2.0,126.0,5.0,0.9749279121818236,-0.22252093395631434,0.8271893372462497,-0.5619233046832195,2015-05-06,34.125
2015-05-06,32.125,30.875,31.0,31.25,30.75,25.0,31.125,39.25,47.25,7.649999999999999,3.9375,9.025,1003.875,1006.625,1005.0,31.321428571428573,0.8255589736945241,30.875,0.9119927462601187,29.041666666666668,2.787621447279612,3.0,127.0,5.0,0.43388373911755823,-0.900968867902419,0.8174009818249189,-0.5760691233798758,2015-05-07,35.42857142857143
2015-05-07,34.125,32.125,30.875,32.625,30.75,23.75,22.0,31.125,44.75,11.3625,7.649999999999999,15.05,1001.875,1003.875,1004.0,31.732142857142858,1.3393650770136298,31.116071428571427,1.2571567104008314,29.345833333333335,2.8289382324448993,4.0,128.0,5.0,-0.433883739117558,-0.9009688679024191,0.8073707443023492,-0.5900444739548627,2015-05-08,34.125
2015-05-08,35.42857142857143,34.125,32.125,31.25,31.125,25.625,13.428571428571429,22.0,43.5,15.342857142857143,11.3625,5.3375,1003.5714285714286,1001.875,1005.875,32.13265306122449,1.9367896202328454,31.450255102040817,1.6971900918230747,29.735119047619047,2.835877928815079,5.0,129.0,5.0,-0.9749279121818236,-0.2225209339563146,0.7971015927871943,-0.6038452208771035,2015-05-09,35.125
2015-05-09,34.125,35.42857142857143,34.125,30.125,30.5,26.0,22.375,13.428571428571429,40.25,12.275,15.342857142857143,4.4,1003.25,1003.5714285714286,1006.25,32.54336734693878,2.0214058855484978,31.664540816326532,1.8366256045357046,30.018452380952382,2.835693359499748,6.0,130.0,5.0,-0.7818314824680299,0.6234898018587334,0.7865965660866021,-0.6174672802835514,2015-05-10,35.125
2015-05-10,35.125,34.125,35.42857142857143,31.0,28.75,27.125,27.0,22.375,39.25,8.3375,12.275,3.0125,1001.625,1003.25,1006.625,33.257653061224495,1.9044416716352037,31.994897959183675,2.0180386061973046,30.32261904761905,2.878858108506556,0.0,131.0,5.0,0.0,1.0,0.7758587728069828,-0.6309066211876704,2015-05-11,34.0
2015-05-11,35.125,35.125,34.125,30.875,30.125,28.25,25.0,27.0,39.25,6.9625,8.3375,3.9375,1001.375,1001.625,1006.625,33.8469387755102,1.718554244970335,32.45025510204082,1.947533190080185,30.589285714285715,2.9422701660058044,1.0,132.0,5.0,0.7818314824680298,0.6234898018587336,0.7648913904341225,-0.6441592666722685,2015-05-12,33.125
2015-05-12,34.0,35.125,35.125,32.125,31.0,24.375,32.625,25.0,31.125,10.8875,6.9625,7.649999999999999,1003.625,1001.375,1003.875,34.29336734693878,1.1192624450041617,32.72704081632653,1.8652668433633306,30.78095238095238,2.9717653473734997,2.0,133.0,5.0,0.9749279121818236,-0.22252093395631434,0.753697664392914,-0.6572212950663319,2015-05-13,27.75
2015-05-13,33.125,34.0,35.125,34.125,31.25,24.75,46.0,32.625,22.0,6.0375000000000005,10.8875,11.3625,1004.875,1003.625,1001.875,34.43622448979592,0.8202538924062311,32.878826530612244,1.7992096993298359,31.07261904761905,2.741862814519184,3.0,134.0,5.0,0.43388373911755823,-0.900968867902419,0.742280907086982,-0.6700888411055113,2015-05-14,29.625
2015-05-14,27.75,33.125,34.0,35.42857142857143,32.625,26.25,61.0,46.0,13.428571428571429,6.7125,6.0375000000000005,15.342857142857143,1006.125,1004.875,1003.5714285714286,33.525510204081634,2.6720726150785117,32.628826530612244,2.2336552960837444,31.172619047619047,2.551408163118033,4.0,135.0,5.0,-0.433883739117558,-0.9009688679024191,0.7306444969184916,-0.6827580970759147,2015-05-15,28.5
2015-05-15,29.625,27.75,33.125,34.125,31.25,27.625,49.625,61.0,22.375,4.4125,6.7125,12.275,1007.25,1006.125,1003.25,32.69642857142857,2.8757762927102255,32.41454081632653,2.373570983904184,31.285119047619048,2.396578622770576,5.0,136.0,5.0,-0.9749279121818236,-0.2225209339563146,0.7187918772884232,-0.6952253139408722,2015-05-16,30.0
2015-05-16,28.5,29.625,27.75,35.125,30.125,25.25,52.125,49.625,27.0,7.175000000000001,4.4125,8.3375,1006.5,1007.25,1001.625,31.892857142857142,3.1798753344835804,32.21811224489796,2.581996927269538,31.314285714285713,2.3554703724693042,6.0,137.0,5.0,-0.7818314824680299,0.6234898018587334,0.7067265555776158,-0.7074868024503348,2015-05-17,33.25
2015-05-17,30.0,28.5,29.625,35.125,31.0,28.125,51.625,52.125,25.0,4.1625,7.175000000000001,6.9625,1003.25,1006.5,1001.375,31.160714285714285,2.8882974058711235,32.20918367346939,2.5899954367553693,31.472619047619048,2.0769563438440937,0.0,138.0,5.0,0.0,1.0,0.6944521021088763,-0.719538934232584,2015-05-18,35.375
2015-05-18,33.25,30.0,28.5,34.0,30.875,30.125,40.375,51.625,32.625,8.35,4.1625,10.8875,1001.125,1003.25,1003.625,30.892857142857142,2.523254936820782,32.369897959183675,2.578976526840238,31.643452380952382,2.00151400368411,1.0,139.0,5.0,0.7818314824680298,0.6234898018587336,0.6819721490904629,-0.7313781428679254,2015-05-19,31.5
2015-05-19,35.375,33.25,30.0,33.125,32.125,32.125,35.75,40.375,46.0,5.562500000000001,8.35,6.0375000000000005,1000.0,1001.125,1004.875,31.089285714285715,2.839192121847668,32.691326530612244,2.6575588687860954,31.818452380952383,2.091655761396934,2.0,140.0,5.0,0.9749279121818236,-0.22252093395631434,0.6692903895412567,-0.7430009249440493,2015-05-20,33.125
2015-05-20,31.5,35.375,33.25,27.75,34.125,32.875,44.0,35.75,61.0,14.812500000000002,5.562500000000001,6.7125,1002.125,1000.0,1006.125,30.857142857142858,2.708424906876772,32.64668367346939,2.673008679536084,31.797619047619047,2.0916097623783965,3.0,141.0,5.0,0.43388373911755823,-0.900968867902419,0.6564105761979381,-0.7544038410927472,2015-05-21,35.625
2015-05-21,33.125,31.5,35.375,29.625,35.42857142857143,31.75,31.625,44.0,49.625,14.6,14.812500000000002,4.4125,1002.0,1002.125,1007.25,31.625,2.428133714055563,32.57525510204082,2.6436661459607738,31.80595238095238,2.0965424548698475,4.0,142.0,5.0,-0.433883739117558,-0.9009688679024191,0.6433365204044917,-0.765583517007675,2015-05-22,36.25
2015-05-22,35.625,33.125,31.5,28.5,34.125,30.75,24.625,31.625,52.125,11.3375,14.6,7.175000000000001,1000.375,1002.0,1006.5,32.482142857142854,2.6530530481297117,32.589285714285715,2.6604423122300345,31.935119047619047,2.209311726973724,5.0,143.0,5.0,-0.9749279121818236,-0.2225209339563146,0.6300720909843687,-0.7765366444428655,2015-05-23,37.375
2015-05-23,36.25,35.625,33.125,30.0,35.125,30.75,19.5,24.625,51.625,12.5125,11.3375,4.1625,998.125,1000.375,1003.25,33.589285714285715,2.3090788722118276,32.74107142857143,2.811148942891767,32.118452380952384,2.332351544185148,6.0,144.0,5.0,-0.7818314824680299,0.6234898018587334,0.6166212130956382,-0.7872599821916922,2015-05-24,36.0
2015-05-24,37.375,36.25,35.625,33.25,35.125,31.125,21.75,19.5,40.375,12.725,12.5125,8.35,996.125,998.125,1001.125,34.642857142857146,2.0683988516539897,32.901785714285715,3.014858465323822,32.339285714285715,2.5055225772162517,0.0,145.0,5.0,0.0,1.0,0.6029878670694714,-0.7977503570459932,2015-05-25,37.75
2015-05-25,36.0,37.375,36.25,35.375,34.0,30.5,29.25,21.75,35.75,5.1000000000000005,12.725,5.562500000000001,997.375,996.125,1000.0,35.035714285714285,2.0203577005310085,32.964285714285715,3.073001450062881,32.50178571428572,2.5810036135994245,1.0,146.0,5.0,0.7818314824680298,0.6234898018587336,0.5891760872322963,-0.8080046647350754,2015-05-26,35.25
2015-05-26,37.75,36.0,37.375,31.5,33.125,28.75,22.25,29.25,44.0,10.875,5.1000000000000005,14.812500000000002,996.875,997.375,1002.125,35.375,2.270737765573049,33.232142857142854,3.3234514695313924,32.743452380952384,2.722640286487325,2.0,147.0,5.0,0.9749279121818236,-0.22252093395631434,0.5751899607119775,-0.8180198708443174,2015-05-27,33.75
2015-05-27,35.25,37.75,36.0,33.125,27.75,30.125,26.625,22.25,31.625,17.125,10.875,14.6,1001.5,996.875,1002.0,35.910714285714285,1.5236235005499952,33.38392857142857,3.3664293904165086,32.960119047619045,2.651591060898031,3.0,148.0,5.0,0.43388373911755823,-0.900968867902419,0.5610336262283677,-0.8277930117131022,2015-05-28,34.75
2015-05-28,33.75,35.25,37.75,35.625,29.625,31.0,20.5,26.625,24.625,6.7125,17.125,11.3375,1001.25,1001.5,1000.375,36.0,1.3404756618453175,33.8125,2.950207782773825,33.08095238095238,2.6000338893297,4.0,149.0,5.0,-0.433883739117558,-0.9009688679024191,0.5467112728685939,-0.8373211953118121,2015-05-29,35.125
2015-05-29,34.75,33.75,35.25,36.25,28.5,31.25,29.5,20.5,19.5,8.3375,6.7125,12.5125,1000.625,1001.25,998.125,35.875,1.4197270864499447,34.17857142857143,2.697806394213674,33.20595238095238,2.5866481952058074,5.0,150.0,5.0,-0.9749279121818236,-0.2225209339563146,0.5322271388474397,-0.8466016020976267,2015-05-30,32.25
2015-05-30,35.125,34.75,33.75,37.375,30.0,32.625,27.25,29.5,21.75,8.125,8.3375,12.725,1001.625,1000.625,996.125,35.714285714285715,1.4338073690102966,34.651785714285715,2.1506811149593226,33.335119047619045,2.582355186054726,6.0,151.0,5.0,-0.7818314824680299,0.6234898018587334,0.5175855102531889,-0.8556314858488706,2015-05-31,34.25
2015-05-31,32.25,35.125,34.75,36.0,33.25,31.25,38.75,27.25,29.25,12.2625,8.125,5.1000000000000005,1003.875,1001.625,997.375,34.982142857142854,1.7236537189519365,34.8125,1.8376079246173063,33.32261904761905,2.586814828070805,0.0,152.0,6.0,0.0,1.0,0.5027907197793043,-0.8644081744776648,2015-06-01,29.375
2015-06-01,34.25,32.25,35.125,37.75,35.375,30.125,25.0,38.75,22.25,14.5875,12.2625,10.875,1001.75,1003.875,996.875,34.732142857142854,1.677716347556063,34.88392857142857,1.7910462977433863,33.42261904761905,2.5617949216783242,1.0,153.0,6.0,0.7818314824680298,0.6234898018587336,0.4878471454423119,-0.8729290708206411,2015-06-02,31.625
2015-06-02,29.375,34.25,32.25,35.25,31.5,31.0,41.75,25.0,26.625,12.5125,14.5875,17.125,1003.25,1001.75,1001.5,33.535714285714285,2.099992913820194,34.455357142857146,2.3078082045074915,33.397619047619045,2.5984821960521303,2.0,154.0,6.0,0.9749279121818236,-0.22252093395631434,0.47275920928627757,-0.881191653407483,2015-06-03,28.625
2015-06-03,31.625,29.375,34.25,33.75,33.125,30.875,39.25,41.75,20.5,8.575,12.5125,6.7125,1003.5,1003.25,1001.25,33.017857142857146,2.0532349620838892,34.464285714285715,2.295704900245646,33.41845238095238,2.5810433758325275,3.0,155.0,6.0,0.43388373911755823,-0.900968867902419,0.4575313760742512,-0.8891934772070711,2015-06-04,31.875
2015-06-04,28.625,31.625,29.375,34.75,35.625,32.125,50.5,39.25,29.5,6.7250000000000005,8.575,8.3375,1004.625,1003.5,1000.625,32.285714285714285,2.591768103971065,34.142857142857146,2.7647581020114926,33.34345238095238,2.6879748051738055,4.0,156.0,6.0,-0.433883739117558,-0.9009688679024191,0.44216815196707204,-0.8969321743510065,2015-06-05,32.625
2015-06-05,31.875,28.625,31.625,35.125,36.25,34.125,48.375,50.5,27.25,4.8625,6.7250000000000005,8.125,1004.0,1004.625,1001.625,31.875,2.352967983915894,33.875,2.7916427476971366,33.335119047619045,2.692266644716694,5.0,157.0,6.0,-0.9749279121818236,-0.2225209339563146,0.42667408318992467,-0.9044054548343001,2015-06-06,33.375
2015-06-06,32.625,31.875,28.625,32.25,37.375,35.42857142857143,39.875,48.375,38.75,6.0125,4.8625,12.2625,1003.5,1004.0,1003.875,31.517857142857142,1.9289847440705852,33.61607142857143,2.7216476758444172,33.28511904761905,2.6910198556669886,6.0,158.0,6.0,-0.7818314824680299,0.6234898018587334,0.4110537546870351,-0.9116111071930239,2015-06-07,35.0
2015-06-07,33.375,32.625,31.875,34.25,36.0,34.125,39.75,39.875,25.0,7.862500000000001,6.0125,14.5875,1001.375,1003.5,1001.75,31.678571428571427,2.0436093769882233,33.330357142857146,2.4974059343846378,33.21666666666667,2.6605623379321988,0.0,159.0,6.0,0.0,1.0,0.3953117887649151,-0.9185469991587165,2015-06-08,36.5
2015-06-08,35.0,33.375,32.625,29.375,37.75,35.125,36.25,39.75,41.75,7.175000000000001,7.862500000000001,12.5125,999.25,1001.375,1003.25,31.785714285714285,2.213493521885364,33.25892857142857,2.4285285023680245,33.24583333333333,2.6756169392772553,1.0,160.0,6.0,0.7818314824680298,0.6234898018587336,0.37945284372454435,-0.925211078289358,2015-06-09,37.625
2015-06-09,36.5,35.0,33.375,31.625,35.25,35.125,33.0,36.25,39.25,6.25,7.175000000000001,8.575,998.875,999.25,1003.5,32.80357142857143,2.5350225414607515,33.169642857142854,2.268411392859203,33.291666666666664,2.7203205101901475,2.0,161.0,6.0,0.9749279121818236,-0.22252093395631434,0.36348161248290634,-0.9316013725767187,2015-06-10,36.625
2015-06-10,37.625,36.5,35.0,28.625,33.75,34.0,23.875,33.0,50.5,18.75,6.25,6.7250000000000005,998.875,998.875,1004.625,33.660714285714285,3.0351364996369377,33.339285714285715,2.5117170476535033,33.375,2.8150610944555914,3.0,162.0,6.0,0.43388373911755823,-0.900968867902419,0.3474028211842774,-0.9377159910299093,2015-06-11,35.625
2015-06-11,36.625,37.625,36.5,31.875,34.75,33.125,32.285714285714285,23.875,48.375,18.05,18.75,4.8625,999.625,998.875,1004.0,34.80357142857143,2.2195358266344813,33.544642857142854,2.6609747088425384,33.4625,2.875309203762555,4.0,163.0,6.0,-0.433883739117558,-0.9009688679024191,0.3312212278016865,-0.9435531242349544,2015-06-12,35.875
2015-06-12,35.625,36.625,37.625,32.625,35.125,27.75,34.75,32.285714285714285,39.875,18.2875,18.05,6.0125,1000.0,999.625,1003.5,35.339285714285715,1.809572759362902,33.607142857142854,2.7014317530680385,33.545833333333334,2.9013008626136285,5.0,164.0,6.0,-0.9749279121818236,-0.2225209339563146,0.31494162072895193,-0.9491110448902284,2015-06-13,31.125
2015-06-13,35.875,35.625,36.625,33.375,32.25,29.625,34.625,34.75,39.75,12.7375,18.2875,7.862500000000001,998.5,1000.0,1001.375,35.80357142857143,1.3575735532119886,33.660714285714285,2.7409942448954903,33.81666666666667,2.714848485431717,6.0,165.0,6.0,-0.7818314824680299,0.6234898018587334,0.2985688173637202,-0.9543881083175908,2015-06-14,27.0
2015-06-14,31.125,35.875,35.625,35.0,34.25,28.5,48.125,34.625,36.25,10.1875,12.7375,7.175000000000001,998.8571428571428,998.5,999.25,35.482142857142854,2.09467152783521,33.580357142857146,2.801359192280876,33.86666666666667,2.647976889853029,0.0,166.0,6.0,0.0,1.0,0.2821076626819194,-0.9593827529490743,2015-06-15,31.0
2015-06-15,27.0,31.125,35.875,36.5,29.375,30.0,77.625,48.125,33.0,3.95,10.1875,6.25,1000.2857142857144,998.8571428571428,998.875,34.339285714285715,3.849184360107342,33.0625,3.2947182382157414,33.81666666666667,2.7644084399720708,1.0,167.0,6.0,0.7818314824680298,0.6234898018587336,0.26556302780405594,-0.9640935007889755,2015-06-16,32.375
2015-06-16,31.0,27.0,31.125,37.625,31.625,33.25,60.75,77.625,23.875,3.0125,3.95,18.75,999.5714285714286,1000.2857142857144,998.875,33.55357142857143,3.895682133556849,33.17857142857143,3.181494828010887,33.85,2.7225115179770234,2.0,168.0,6.0,0.9749279121818236,-0.22252093395631434,0.24893980855376657,-0.9685189578512204,2015-06-17,33.875
2015-06-17,32.375,31.0,27.0,36.625,28.625,35.375,52.125,60.75,32.285714285714285,2.7875,3.0125,18.05,999.1428571428572,999.5714285714286,999.625,32.80357142857143,3.462490330053511,33.232142857142854,3.1595616262909574,33.82083333333333,2.733824554612569,3.0,169.0,6.0,0.43388373911755823,-0.900968867902419,0.23224292400907015,-0.9726578145718654,2015-06-18,35.125
2015-06-18,33.875,32.375,31.0,35.625,31.875,31.5,49.75,52.125,34.75,3.25,2.7875,18.2875,998.0,999.1428571428572,1000.0,32.410714285714285,3.092930687567221,33.607142857142854,2.868871873084708,33.770833333333336,2.718091395323866,4.0,170.0,6.0,-0.433883739117558,-0.9009688679024191,0.21547731504673012,-0.976508846196619,2015-06-19,35.875
2015-06-19,35.125,33.875,32.375,35.875,32.625,33.125,45.125,49.75,34.625,3.0125,3.25,12.7375,997.625,998.0,998.5,32.339285714285715,3.0110164792134637,33.839285714285715,2.8493540814225686,33.891666666666666,2.6941294203014183,5.0,171.0,6.0,-0.9749279121818236,-0.2225209339563146,0.19864794288017112,-0.9800709131432666,2015-06-20,33.125
2015-06-20,35.875,35.125,33.875,31.125,33.375,35.625,46.75,45.125,48.125,8.575,3.0125,10.1875,996.25,997.625,998.8571428571428,32.339285714285715,3.0110164792134637,34.07142857142857,2.875089582933184,33.983333333333334,2.7138559961457838,6.0,172.0,6.0,-0.7818314824680299,0.6234898018587334,0.18175978759137534,-0.9833429613388902,2015-06-21,30.375
2015-06-21,33.125,35.875,35.125,27.0,35.0,36.25,48.5,46.75,77.625,12.975,8.575,3.95,997.875,996.25,1000.2857142857144,32.625,2.9712160810011436,34.05357142857143,2.8805190695239125,33.9,2.7000558742622816,0.0,173.0,6.0,0.0,1.0,0.16481784665719793,-0.9863240225317866,2015-06-22,32.125
2015-06-22,30.375,33.125,35.875,31.0,36.5,37.375,63.625,48.5,60.75,8.1125,12.975,3.0125,998.125,997.875,999.5714285714286,33.107142857142854,2.031559042424542,33.723214285714285,3.025206036939437,33.704166666666666,2.7365429623994157,1.0,174.0,6.0,0.7818314824680298,0.6234898018587336,0.14782713347053048,-0.9890132145779883,2015-06-23,31.5
2015-06-23,32.125,30.375,33.125,32.375,37.625,36.0,59.5,63.625,52.125,4.4,8.1125,2.7875,995.625,998.125,999.1428571428572,33.267857142857146,1.8755951436429232,33.410714285714285,2.9410999101219573,33.52916666666667,2.660511709703895,2.0,175.0,6.0,0.9749279121818236,-0.22252093395631434,0.13079267585675922,-0.9914097417023038,2015-06-24,37.25
2015-06-24,31.5,32.125,30.375,33.875,36.625,37.75,61.625,59.5,49.75,6.012500000000001,4.4,3.25,995.0,995.625,998.0,33.142857142857146,1.9717121517918348,32.973214285714285,2.7126743879731454,33.37916666666667,2.6432011298128524,3.0,176.0,6.0,0.43388373911755823,-0.900968867902419,0.11371951458594969,-0.9935128947338007,2015-06-25,26.625
2015-06-25,37.25,31.5,32.125,35.125,35.625,35.25,63.875,61.625,45.125,6.5,6.012500000000001,3.0125,995.375,995.0,997.625,33.625,2.5176460566700865,33.017857142857146,2.781660900008844,33.3625,2.616128275748854,4.0,177.0,6.0,-0.433883739117558,-0.9009688679024191,0.0966127018812031,-0.9953220513156602,2015-06-26,31.125
2015-06-26,26.625,37.25,31.5,35.875,35.875,33.75,82.75,63.875,46.75,6.2625,6.5,8.575,994.75,995.375,996.25,32.410714285714285,3.5227787665556045,32.375,3.1485649967027993,33.075,2.8637523611875246,5.0,178.0,6.0,-0.9749279121818236,-0.2225209339563146,0.07947729992362097,-0.9968366760893436,2015-06-27,32.625
2015-06-27,31.125,26.625,37.25,33.125,31.125,34.75,54.25,82.75,48.5,11.5625,6.2625,12.975,995.25,994.75,997.875,31.732142857142858,3.185602843448987,32.035714285714285,2.9945577926677065,32.9875,2.8824584663694712,6.0,179.0,6.0,-0.7818314824680299,0.6234898018587334,0.062318379354325076,-0.998056320853012,2015-06-28,34.25
2015-06-28,32.625,31.125,26.625,30.375,27.0,35.125,48.25,54.25,63.625,14.1125,11.5625,8.1125,997.125,995.25,998.125,31.660714285714285,3.154621515294933,32.142857142857146,2.986289641708646,32.916666666666664,2.863702189454285,0.0,180.0,6.0,0.0,1.0,0.04514101777397193,-0.9989806246941579,2015-06-29,31.125
2015-06-29,34.25,32.625,31.125,32.125,31.0,32.25,47.5,48.25,59.5,9.0375,14.1125,4.4,1000.2857142857144,997.125,995.625,32.214285714285715,3.2304816830871674,32.660714285714285,2.63365266761336,32.8875,2.8448285658305883,1.0,181.0,6.0,0.7818314824680298,0.6234898018587336,0.02795029824021032,-0.999609314096404,2015-06-30,30.875
2015-06-30,31.125,34.25,32.625,31.5,32.375,34.25,56.625,47.5,61.625,11.562500000000002,9.0375,6.012500000000001,1003.625,1000.2857142857144,995.0,32.07142857142857,3.257089337488419,32.669642857142854,2.627794823015816,32.85,2.8608911681261606,2.0,182.0,7.0,0.9749279121818236,-0.22252093395631434,0.01075130776352193,-0.9999422030204416,2015-07-01,32.0
2015-07-01,30.875,31.125,34.25,37.25,33.875,29.375,58.625,56.625,63.875,9.9625,11.562500000000002,6.5,1002.625,1003.625,995.375,31.982142857142858,3.2838212714544834,32.5625,2.670957585413423,32.7375,2.8702828618268157,3.0,183.0,7.0,0.43388373911755823,-0.900968867902419,-0.00645086419810515,-0.9999791929590823,2015-07-02,33.75
2015-07-02,32.0,30.875,31.125,26.625,35.125,31.625,53.25,58.625,82.75,4.175000000000001,9.9625,6.2625,1001.875,1002.625,994.75,31.232142857142858,2.3456837260928736,32.42857142857143,2.646984081039266,32.825,2.8034769053125594,4.0,184.0,7.0,-0.433883739117558,-0.9009688679024191,-0.023651127245231586,-0.9997202729664083,2015-07-03,33.0
2015-07-03,33.75,32.0,30.875,31.125,35.875,28.625,45.875,53.25,54.25,6.949999999999999,4.175000000000001,11.5625,1001.125,1001.875,995.25,32.25,1.3462912017835484,32.330357142857146,2.563429541938703,32.895833333333336,2.798953647881421,5.0,185.0,7.0,-0.9749279121818236,-0.2225209339563146,-0.04084439154329611,-0.9991655196610109,2015-07-04,34.125
2015-07-04,33.0,33.75,32.0,32.625,33.125,31.875,49.0,45.875,48.25,14.35,6.949999999999999,14.1125,999.625,1001.125,997.125,32.517857142857146,1.2694908990839322,32.125,2.3651109910531747,33.041666666666664,2.6802143292234932,6.0,186.0,7.0,-0.7818314824680299,0.6234898018587334,-0.05802556932878035,-0.9983150972033183,2015-07-05,35.714285714285715
2015-07-05,34.125,33.0,33.75,34.25,30.375,32.625,51.5,49.0,47.5,16.900000000000002,14.35,9.0375,997.5,999.625,1000.2857142857144,32.732142857142854,1.4094705186192902,32.19642857142857,2.412265475704377,33.11666666666667,2.6779216507986803,0.0,187.0,7.0,0.0,1.0,-0.07518957641475855,-0.9971692572470178,2015-07-06,27.875
2015-07-06,35.714285714285715,34.125,33.0,31.125,32.125,33.375,47.285714285714285,51.5,56.625,14.014285714285714,16.900000000000002,11.562500000000002,995.4285714285714,997.5,1003.625,32.941326530612244,1.7417722730361105,32.57780612244898,2.521732532565675,33.21964285714286,2.7174686014616394,1.0,188.0,7.0,0.7818314824680298,0.6234898018587336,-0.09233133369539122,-0.9957283388645872,2015-07-07,28.125
2015-07-07,27.875,35.714285714285715,34.125,30.875,31.5,35.0,83.25,47.285714285714285,58.625,9.275,14.014285714285714,9.9625,997.875,995.4285714285714,1002.625,32.47704081632653,2.551545864250902,32.27423469387755,2.818754880941208,33.03630952380952,2.8868738042794,2.0,189.0,7.0,0.9749279121818236,-0.22252093395631434,-0.10944576864891556,-0.993992768446958,2015-07-08,31.25
2015-07-08,28.125,27.875,35.714285714285715,32.0,37.25,36.5,86.125,83.25,53.25,1.85,9.275,4.175000000000001,998.125,997.875,1001.875,32.08418367346939,3.009863926359299,32.03316326530612,3.0267146588216103,32.80714285714286,2.996414700203369,3.0,190.0,7.0,0.43388373911755823,-0.900968867902419,-0.12652781683868314,-0.9919630595773397,2015-07-09,29.625
2015-07-09,31.25,28.125,27.875,33.75,26.625,37.625,72.0,86.125,45.875,2.7750000000000004,1.85,6.949999999999999,998.625,998.125,1001.125,31.977040816326532,3.02666217414886,31.604591836734695,2.629997831956948,32.63214285714285,2.925778886053692,4.0,191.0,7.0,-0.433883739117558,-0.9009688679024191,-0.1435724234118113,-0.9896398128792412,2015-07-10,26.625
2015-07-10,29.625,31.25,28.125,33.0,31.125,36.625,77.25,72.0,49.0,2.55,2.7750000000000004,14.35,998.625,998.625,999.625,31.387755102040817,3.0255030342574543,31.81887755102041,2.2937900042373984,32.36547619047619,2.817593941726738,5.0,192.0,7.0,-0.9749279121818236,-0.2225209339563146,-0.16057454459499376,-0.9870237158387383,2015-07-11,25.5
2015-07-11,26.625,29.625,31.25,34.125,32.625,35.625,92.125,77.25,51.5,6.025,2.55,16.900000000000002,998.75,998.625,997.5,30.477040816326532,3.3960936049476578,31.497448979591837,2.6810964027910273,32.03214285714286,2.8869648987354712,6.0,193.0,7.0,-0.7818314824680299,0.6234898018587334,-0.17752914918703497,-0.984115542601034,2015-07-12,25.5
2015-07-12,25.5,26.625,29.625,35.714285714285715,34.25,35.875,98.0,92.125,47.285714285714285,3.2375000000000003,6.025,14.014285714285714,999.3333333333334,998.75,995.4285714285714,29.244897959183675,3.416548150306433,30.988520408163264,3.0949030040911443,31.694642857142856,3.04022176951147,0.0,194.0,7.0,0.0,1.0,-0.19443122004766195,-0.9809161537413774,2015-07-13,29.875
2015-07-13,25.5,25.5,26.625,27.875,31.125,31.125,94.75,98.0,83.25,7.425000000000001,3.2375000000000003,9.275,998.625,999.3333333333334,997.875,27.785714285714285,2.1332124221687514,30.363520408163264,3.2644634027706627,31.34880952380952,3.13685377891723,1.0,195.0,7.0,0.7818314824680298,0.6234898018587336,-0.2112757555821793,-0.9774264960104055,2015-07-14,30.875
2015-07-14,29.875,25.5,25.5,28.125,30.875,27.0,73.125,94.75,86.125,4.8625,7.425000000000001,1.85,1000.625,998.625,998.125,28.071428571428573,2.2763013023427834,30.274234693877553,3.2591241258719528,31.307142857142857,3.1482104262750563,2.0,196.0,7.0,0.9749279121818236,-0.22252093395631434,-0.2280577712215198,-0.9736476020539838,2015-07-15,33.375
2015-07-15,30.875,29.875,25.5,31.25,32.0,31.0,67.875,73.125,72.0,10.875,4.8625,2.7750000000000004,997.8571428571428,1000.625,998.625,28.464285714285715,2.512172745804264,30.274234693877553,3.2591241258719528,31.436309523809523,3.043140306231503,3.0,197.0,7.0,0.43388373911755823,-0.900968867902419,-0.24477230089725957,-0.9695805901076308,2015-07-16,31.75
2015-07-16,33.375,30.875,29.875,29.625,33.75,32.375,52.875,67.875,77.25,17.137500000000003,10.875,2.55,993.75,997.8571428571428,998.625,28.767857142857142,2.988196023722391,30.372448979591837,3.3349663339427233,31.51547619047619,3.0622310928104866,4.0,198.0,7.0,-0.433883739117558,-0.9009688679024191,-0.2614143985111562,-0.965226663665613,2015-07-17,30.75
2015-07-17,31.75,33.375,30.875,26.625,33.0,33.875,61.375,52.875,92.125,13.437499999999998,17.137500000000003,6.025,994.75,993.75,998.75,29.071428571428573,3.1908537445403935,30.229591836734695,3.2200106003595295,31.494642857142857,3.058305357390422,5.0,199.0,7.0,-0.9749279121818236,-0.2225209339563146,-0.2779791393987801,-0.9605871111248129,2015-07-18,29.5
2015-07-18,30.75,31.75,33.375,25.5,34.125,35.125,75.625,61.375,98.0,4.4,13.437499999999998,3.2375000000000003,997.25,994.75,999.3333333333334,29.660714285714285,3.041136613958954,30.06887755102041,3.125873952697799,31.39047619047619,3.027498057381733,6.0,200.0,7.0,-0.7818314824680299,0.6234898018587334,-0.2944616217868012,-0.9556633054034704,2015-07-19,30.125
2015-07-19,29.5,30.75,31.75,25.5,35.714285714285715,35.875,78.875,75.625,94.75,4.175,4.4,7.425000000000001,998.0,997.25,998.625,30.232142857142858,2.446754410000515,29.738520408163264,2.9005004097069613,31.20297619047619,2.961704627865695,0.0,201.0,7.0,0.0,1.0,-0.3108569682435036,-0.9504567035349151,2015-07-20,29.125
2015-07-20,30.125,29.5,30.75,29.875,27.875,33.125,70.0,78.875,73.125,0.7,4.175,4.8625,997.625,998.0,1000.625,30.892857142857142,1.321750282588821,29.339285714285715,2.346452196846994,31.011309523809523,2.8321508680107863,1.0,202.0,7.0,0.7818314824680298,0.6234898018587336,-0.3271603271220951,-0.9449688462364056,2015-07-21,31.375
2015-07-21,29.125,30.125,29.5,30.875,28.125,30.375,78.0,70.0,67.875,4.8625,0.7,10.875,999.125,997.625,997.8571428571428,30.785714285714285,1.4428600895773154,29.428571428571427,2.3099462436065115,30.87797619047619,2.8233534749642932,2.0,203.0,7.0,0.9749279121818236,-0.22252093395631434,-0.34336687399638804,-0.939201357453208,2015-07-22,32.25
2015-07-22,31.375,29.125,30.125,33.375,31.25,32.125,69.25,78.0,52.875,8.125,4.8625,17.137500000000003,1000.0,999.125,993.75,30.857142857142858,1.4602878059445321,29.660714285714285,2.3320656551178907,30.91130952380952,2.8231135586068796,3.0,204.0,7.0,0.43388373911755823,-0.900968867902419,-0.3594718130884232,-0.9331559438780432,2015-07-23,32.125
2015-07-23,32.25,31.375,29.125,31.75,29.625,31.5,64.125,69.25,61.375,7.875000000000002,8.125,13.437499999999998,1001.125,1000.0,994.75,30.696428571428573,1.170063083362363,29.732142857142858,2.3988464489655255,30.915476190476188,2.8250582024192017,4.0,205.0,7.0,-0.433883739117558,-0.9009688679024191,-0.3754703786876202,-0.9268343944460494,2015-07-24,32.0
2015-07-24,32.125,32.25,31.375,30.75,26.625,37.25,64.875,64.125,75.625,8.575000000000001,7.875000000000002,4.4,1001.75,1001.125,997.25,30.75,1.2332207155789892,29.910714285714285,2.4818710816507603,30.936309523809523,2.8318138484333972,5.0,206.0,7.0,-0.9749279121818236,-0.2225209339563146,-0.3913578365610259,-0.9202385798054075,2015-07-25,30.857142857142858
2015-07-25,32.0,32.125,32.25,29.5,25.5,26.625,64.75,64.875,78.875,6.7125,8.575000000000001,4.175,1001.0,1001.75,998.0,30.928571428571427,1.3206239506564459,30.294642857142858,2.346543664697073,30.761309523809523,2.57913324449684,6.0,207.0,7.0,-0.7818314824680299,0.6234898018587334,-0.4071294853542516,-0.9133704517637858,2015-07-26,30.0
2015-07-26,30.857142857142858,32.0,32.125,30.125,25.5,31.125,71.0,64.75,70.0,19.9125,6.7125,0.7,998.5714285714286,1001.0,997.625,31.122448979591837,1.1665798940380268,30.67729591836735,1.8985693444323284,30.902380952380952,2.457984972355514,0.0,208.0,7.0,0.0,1.0,-0.4227806579826773,-0.9062320427107697,2015-07-27,29.625
2015-07-27,30.0,30.857142857142858,32.0,29.125,29.875,32.625,71.625,71.0,78.0,16.8875,19.9125,4.8625,998.875,998.5714285714286,999.125,31.104591836734695,1.1852008969708794,30.998724489795922,1.2110789971789133,30.86488095238095,2.4630480013263742,1.0,209.0,7.0,0.7818314824680298,0.6234898018587336,-0.4383067230125192,-0.898825465016444,2015-07-28,29.5
2015-07-28,29.625,30.0,30.857142857142858,31.375,30.875,34.25,69.0,71.625,69.25,11.3375,16.8875,8.125,1000.2857142857144,998.875,1000.0,31.176020408163264,1.05379479933512,30.980867346938776,1.2306083031601178,30.764880952380953,2.4499883459440124,2.0,210.0,7.0,0.9749279121818236,-0.22252093395631434,-0.45370308603134424,-0.8911529104063088,2015-07-29,28.5
2015-07-29,29.5,29.625,30.0,32.25,33.375,31.125,61.0,69.0,64.125,11.5875,11.3375,7.875000000000002,1000.125,1000.2857142857144,1001.125,30.908163265306122,1.219980892090089,30.88265306122449,1.2929951486228948,30.606547619047618,2.369145267644502,3.0,211.0,7.0,0.43388373911755823,-0.900968867902419,-0.46896519100763184,-0.8832166493127127,2015-07-30,29.0
2015-07-30,28.5,29.5,29.625,32.125,31.75,30.875,68.125,61.0,64.875,10.875,11.5875,8.575000000000001,998.0,1000.125,1001.75,30.372448979591837,1.3490685787335477,30.534438775510207,1.2247942248140327,30.51904761904762,2.3976403067561316,4.0,212.0,7.0,-0.433883739117558,-0.9009688679024191,-0.48408852163897587,-0.8750190302029955,2015-07-31,29.0
2015-07-31,29.0,28.5,29.5,32.0,30.75,32.0,67.75,68.125,64.75,9.9625,10.875,6.7125,998.875,998.0,1001.0,29.926020408163264,1.1787711127477645,30.338010204081634,1.2353232621049413,30.45654761904762,2.412434085204915,5.0,213.0,8.0,-0.9749279121818236,-0.2225209339563146,-0.4990686026885319,-0.8665624788845385,2015-08-01,28.25
2015-08-01,29.0,29.0,28.5,30.857142857142858,29.5,33.75,71.0,67.75,71.0,4.175000000000001,9.9625,19.9125,999.75,998.875,998.5714285714286,29.497448979591837,0.7753941127750156,30.213010204081634,1.2782226849134106,30.356547619047618,2.408423393028934,6.0,214.0,8.0,-0.7818314824680299,0.6234898018587334,-0.5139010013093103,-0.8578494977869301,2015-08-02,29.625
2015-08-02,28.25,29.0,29.0,30.0,30.125,33.0,71.75,71.0,71.625,0.925,4.175000000000001,16.8875,1002.75,999.75,998.875,29.125,0.6249999999998549,30.123724489795922,1.3720705965886575,30.173214285714284,2.349822329591594,0.0,215.0,8.0,0.0,1.0,-0.5285813283559292,-0.8488826652214553,2015-08-03,31.5
2015-08-03,29.625,28.25,29.0,29.625,29.125,34.125,69.5,71.75,69.0,2.55,0.925,11.3375,1003.625,1002.75,1000.2857142857144,29.071428571428573,0.548943791033385,30.088010204081634,1.3785270213930332,30.060714285714287,2.2898457888698283,1.0,216.0,8.0,0.7818314824680298,0.6234898018587336,-0.5431052396834317,-0.8396646346181327,2015-08-04,29.428571428571427
2015-08-04,31.5,29.625,28.25,29.5,31.375,35.714285714285715,58.625,69.5,61.0,5.325,2.55,11.5875,1001.875,1003.625,1000.125,29.339285714285715,1.0721723608769198,30.25765306122449,1.3969142498361264,29.973214285714285,2.1765351765445713,2.0,217.0,8.0,0.9749279121818236,-0.22252093395631434,-0.5574684374327892,-0.8301981337405212,2015-08-05,29.59375
2015-08-05,29.428571428571427,31.5,29.625,28.5,32.25,27.875,77.78571428571429,58.625,68.125,4.771428571428572,5.325,10.875,1000.0714285714286,1001.875,998.0,29.32908163265306,1.07072681099798,30.11862244897959,1.3738240144314962,29.76369047619048,1.888272187408709,3.0,218.0,8.0,0.43388373911755823,-0.900968867902419,-0.5716666713027052,-0.8204859638785327,2015-08-06,29.5
2015-08-06,29.59375,29.428571428571427,31.5,29.0,32.125,28.125,79.65625,77.78571428571429,67.75,8.221875,4.771428571428572,9.9625,1000.28125,1000.0714285714286,998.875,29.48533163265306,1.0075142659296723,29.928890306122447,1.233033978956979,29.820982142857144,1.854768707181098,4.0,219.0,8.0,-0.433883739117558,-0.9009688679024191,-0.5856957398073508,-0.8105309990194823,2015-08-07,29.25
2015-08-07,29.5,29.59375,29.428571428571427,29.0,32.0,31.25,79.125,79.65625,71.0,3.0250000000000004,8.221875,4.175000000000001,998.0,1000.28125,999.75,29.55676020408163,0.9848404319096135,29.741390306122447,1.0609758903791142,29.866815476190478,1.8282127604888985,5.0,220.0,8.0,-0.9749279121818236,-0.2225209339563146,-0.5995514915196489,-0.8003361849976323,2015-08-08,28.875
2015-08-08,29.25,29.5,29.59375,28.25,30.857142857142858,29.625,83.0,79.125,71.75,2.3125,3.0250000000000004,0.925,1000.0,998.0,1002.75,29.592474489795915,0.9656306561408535,29.544961734693878,0.8427827547339092,29.80014880952381,1.8124323873452972,6.0,221.0,8.0,-0.7818314824680299,0.6234898018587334,-0.6132298262997502,-0.7899045386224707,2015-08-09,27.375
2015-08-09,28.875,29.25,29.5,29.625,30.0,26.625,84.875,83.0,69.5,1.625,2.3125,2.55,1002.0,1000.0,1003.625,29.68176020408163,0.8417624071752288,29.403380102040813,0.7686186629660255,29.77514880952381,1.8200880692649013,0.0,222.0,8.0,0.0,1.0,-0.6267266965083301,-0.7792391467859886,2015-08-10,30.375
2015-08-10,27.375,28.875,29.25,31.5,29.625,25.5,90.125,84.875,58.625,3.0125,1.625,5.325,1000.25,1002.0,1001.875,29.36033163265306,1.2142274864739933,29.215880102040813,0.9176162040639632,29.80014880952381,1.7800370356690183,1.0,223.0,8.0,0.7818314824680298,0.6234898018587336,-0.6400381082043503,-0.7683431655492202,2015-08-11,28.375
2015-08-11,30.375,27.375,28.875,29.428571428571427,29.5,25.5,77.0,90.125,77.78571428571429,0.0,3.0125,4.771428571428572,1000.0,1000.25,1000.0714285714286,29.199617346938773,0.9234588905752241,29.26945153061224,0.964056124642932,29.96264880952381,1.585868740593867,2.0,224.0,8.0,0.9749279121818236,-0.22252093395631434,-0.65316012232693,-0.7572198192083127,2015-08-12,30.75
2015-08-12,28.375,30.375,27.375,29.59375,28.5,29.875,86.625,77.0,79.65625,0.4625,0.0,8.221875,1003.0,1000.0,1000.28125,29.049107142857142,0.9648539165889128,29.189094387755098,0.9899006907130117,30.058482142857144,1.3804582412759716,3.0,225.0,8.0,0.43388373911755823,-0.900968867902419,-0.666088855860977,-0.7458723993404063,2015-08-13,32.0
2015-08-13,30.75,28.375,30.375,29.5,29.0,30.875,74.25,86.625,79.125,0.0,0.4625,3.0250000000000004,1003.125,1003.0,998.0,29.214285714285715,1.1540559943499522,29.349808673469386,1.05022752184791,30.08764880952381,1.3856816340574858,4.0,226.0,8.0,-0.433883739117558,-0.9009688679024191,-0.6788204829862355,-0.734304263829602,2015-08-14,30.875
2015-08-14,32.0,30.75,28.375,29.25,29.0,33.375,69.5,74.25,83.0,0.4625,0.0,2.3125,1001.875,1003.125,1000.0,29.571428571428573,1.5693303090960267,29.564094387755098,1.2587234936705127,30.12514880952381,1.422458675437976,5.0,227.0,8.0,-0.9749279121818236,-0.2225209339563146,-0.6913512362094071,-0.722518835873311,2015-08-15,28.5
2015-08-15,30.875,32.0,30.75,28.875,28.25,31.75,72.625,69.5,84.875,3.475,0.4625,1.625,1002.0,1001.875,1002.0,29.803571428571427,1.6327653288355393,29.69802295918367,1.2933604949964004,30.04181547619048,1.2928274617636821,6.0,228.0,8.0,-0.7818314824680299,0.6234898018587334,-0.7036774074790128,-0.7105196029692745,2015-08-16,28.625
2015-08-16,28.5,30.875,32.0,27.375,29.625,30.75,85.5,72.625,90.125,0.0,3.475,3.0125,1002.75,1002.0,1000.25,29.75,1.6739424522166646,29.715880102040813,1.2734019259423899,29.933482142857144,1.280865814295882,0.0,229.0,8.0,0.0,1.0,-0.7157953492826642,-0.6983101158835584,2015-08-17,30.75
2015-08-17,28.625,28.5,30.875,30.375,31.5,29.5,82.625,85.5,77.0,1.85,0.0,0.0,1002.875,1002.75,1000.0,29.928571428571427,1.4267845968169444,29.64445153061224,1.3065077843558668,29.86264880952381,1.2928557412996553,1.0,230.0,8.0,0.7818314824680298,0.6234898018587336,-0.7277014757264236,-0.6858939875998223,2015-08-18,29.125
2015-08-18,30.75,28.625,28.5,28.375,29.428571428571427,30.125,72.625,82.625,86.625,0.7,1.85,0.4625,1001.375,1002.875,1003.0,29.982142857142858,1.4531370007184272,29.590880102040813,1.2381596890317592,29.90431547619048,1.300882958892765,2.0,231.0,8.0,0.9749279121818236,-0.22252093395631434,-0.7393922635959241,-0.673274892250183,2015-08-19,31.25
2015-08-19,29.125,30.75,28.625,30.75,29.59375,29.125,72.875,72.625,74.25,4.875,0.7,0.0,1002.5714285714286,1001.375,1003.125,30.089285714285715,1.3379755496377248,29.569196428571427,1.2438658727570098,29.870982142857144,1.3078265113306247,3.0,232.0,8.0,0.43388373911755823,-0.900968867902419,-0.7508642533989489,-0.6604565640279754,2015-08-20,30.75
2015-08-20,31.25,29.125,30.75,32.0,29.5,31.375,61.25,72.875,69.5,33.325,4.875,0.4625,1002.375,1002.5714285714286,1001.875,30.160714285714285,1.3914064484404634,29.6875,1.3226484939173258,29.941815476190477,1.3234825453555308,4.0,233.0,8.0,-0.433883739117558,-0.9009688679024191,-0.7621140503891487,-0.6474427960827475,2015-08-21,29.375
2015-08-21,30.75,31.25,29.125,30.875,29.25,32.25,58.625,61.25,72.625,14.6,33.325,3.475,1001.375,1002.375,1002.0,29.982142857142858,1.1801936887040811,29.776785714285715,1.3509065434038106,29.920982142857145,1.3049335945565563,5.0,234.0,8.0,-0.9749279121818236,-0.2225209339563146,-0.7731383255706026,-0.6342374393978054,2015-08-22,30.25
2015-08-22,29.375,30.75,31.25,28.5,28.875,32.125,72.0,58.625,85.5,8.575,14.6,0.0,1002.0,1001.375,1002.75,29.767857142857142,1.1259916264595182,29.785714285714285,1.3475659783232543,29.82514880952381,1.231496851858176,6.0,235.0,8.0,-0.7818314824680299,0.6234898018587334,-0.7839338166829201,-0.620844401650647,2015-08-23,29.875
2015-08-23,30.25,29.375,30.75,28.625,27.375,32.0,65.375,72.0,82.625,5.800000000000001,8.575,1.85,1000.875,1002.0,1002.875,30.017857142857142,0.9827379149720499,29.883928571428573,1.3260194606001696,29.76264880952381,1.1560179261776082,0.0,236.0,8.0,0.0,1.0,-0.7944973291665992,-0.6072676460566135,2015-08-24,30.75
2015-08-24,29.875,30.25,29.375,30.75,30.375,30.857142857142858,69.375,65.375,72.625,5.5625,5.800000000000001,0.7,1000.8571428571428,1000.875,1001.375,30.196428571428573,0.7801480323507526,30.0625,1.113455726037829,29.691815476190477,1.0765735481196639,1.0,237.0,8.0,0.7818314824680298,0.6234898018587336,-0.8048257371083452,-0.593511190196115,2015-08-25,32.0
2015-08-25,30.75,29.875,30.25,29.125,28.375,30.0,65.625,69.375,72.875,7.1875,5.5625,4.875,1001.75,1000.8571428571428,1002.5714285714286,30.196428571428573,0.7801480323507526,30.089285714285715,1.125991626459727,29.688244047619047,1.0727452932159027,2.0,238.0,8.0,0.9749279121818236,-0.22252093395631434,-0.8149159841660791,-0.5795791048257612,2015-08-26,32.0
2015-08-26,32.0,30.75,29.875,31.25,30.75,29.625,57.285714285714285,65.625,61.25,10.071428571428571,7.1875,33.325,1001.0,1001.75,1002.375,30.607142857142858,0.8732976637570947,30.348214285714285,1.1182259423936056,29.754910714285714,1.1520054767527272,3.0,239.0,8.0,0.43388373911755823,-0.900968867902419,-0.8247650844733614,-0.5654755126737576,2015-08-27,32.5
2015-08-27,32.0,32.0,30.75,30.75,32.0,29.5,61.0,57.285714285714285,58.625,4.862500000000001,10.071428571428571,14.6,1001.125,1001.0,1001.375,30.714285714285715,1.001858392236661,30.4375,1.1997095000939622,29.834077380952383,1.2222352362526554,4.0,240.0,8.0,-0.433883739117558,-0.9009688679024191,-0.8343701235229538,-0.5512045872199277,2015-08-28,32.0
2015-08-28,32.5,32.0,32.0,29.375,30.875,28.5,61.0,61.0,72.0,5.325000000000001,4.862500000000001,8.575,1002.0,1001.125,1002.0,30.964285714285715,1.2091540726592116,30.473214285714285,1.2559268828897483,29.93407738095238,1.3132933848190662,5.0,241.0,8.0,-0.9749279121818236,-0.2225209339563146,-0.8437282590292712,-0.5367705514607103,2015-08-29,32.25
2015-08-29,32.0,32.5,32.0,30.25,28.5,29.0,63.5,61.0,65.375,2.3125,5.325000000000001,5.800000000000001,1002.25,1002.0,1000.875,31.339285714285715,1.027523027201023,30.553571428571427,1.3180644734019238,30.050744047619048,1.3367558635545491,6.0,242.0,8.0,-0.7818314824680299,0.6234898018587334,-0.8528367217694595,-0.522177676659508,2015-08-30,32.625
2015-08-30,32.25,32.0,32.5,29.875,28.625,29.0,58.0,63.5,69.375,5.812500000000001,2.3125,5.5625,1001.375,1002.25,1000.8571428571428,31.625,0.9492321458244272,30.821428571428573,1.247800262263902,30.159077380952382,1.3796695166599449,0.0,243.0,8.0,0.0,1.0,-0.8616928164028522,-0.5074302810827518,2015-08-31,31.857142857142858
2015-08-31,32.625,32.25,32.0,30.75,30.75,28.25,56.5,58.0,65.625,9.275,5.812500000000001,7.1875,1001.375,1001.375,1001.75,32.017857142857146,0.6141922686398124,31.107142857142858,1.1611263005008068,30.279910714285716,1.4323894244568902,1.0,244.0,9.0,0.7818314824680298,0.6234898018587336,-0.8702939222685674,-0.49253272872205434,2015-09-01,32.125
2015-09-01,31.857142857142858,32.625,32.25,32.0,29.125,29.625,54.42857142857143,56.5,57.285714285714285,13.485714285714286,9.275,10.071428571428571,1001.8333333333334,1001.375,1001.0,32.17602040816327,0.2905887341915314,31.186224489795922,1.1725770445134907,30.40014880952381,1.4072944472146942,2.0,245.0,9.0,0.9749279121818236,-0.22252093395631434,-0.8786374941610001,-0.4774894280028391,2015-09-02,31.875
2015-09-02,32.125,31.857142857142858,32.625,32.0,31.25,31.5,47.625,54.42857142857143,61.0,15.275,13.485714285714286,4.862500000000001,1000.8571428571428,1001.8333333333334,1001.125,32.19387755102041,0.28167316454129937,31.400510204081634,1.0326953511425114,30.483482142857145,1.433584545126319,3.0,246.0,9.0,0.43388373911755823,-0.900968867902419,-0.886721063082993,-0.46230483047981086,2015-09-03,31.625
2015-09-03,31.875,32.125,31.857142857142858,32.5,30.75,29.428571428571427,45.625,47.625,61.0,12.7375,15.275,5.325000000000001,1001.75,1000.8571428571428,1002.0,32.17602040816327,0.2994163418592409,31.44515306122449,1.039177241368284,30.495982142857144,1.444348089260738,4.0,247.0,9.0,-0.433883739117558,-0.9009688679024191,-0.8945422369764496,-0.4469834295196741,2015-09-04,32.0
2015-09-04,31.625,31.875,32.125,32.0,29.375,29.59375,49.125,45.625,63.5,10.1875,12.7375,2.3125,1005.5,1001.75,1002.25,32.05102040816327,0.323312694080085,31.50765306122449,1.0202933608891651,30.56919642857143,1.444043728745887,5.0,248.0,9.0,-0.9749279121818236,-0.2225209339563146,-0.9020987014301837,-0.43152975897147144,2015-09-05,30.875
2015-09-05,32.0,31.625,31.875,32.25,30.25,29.5,42.625,49.125,58.0,11.35,10.1875,5.812500000000001,1007.875,1005.5,1001.375,32.05102040816327,0.323312694080085,31.69515306122449,0.8197086714258884,30.649404761904762,1.454781749815562,6.0,249.0,9.0,-0.7818314824680299,0.6234898018587334,-0.9093882203647925,-0.4159483918249421,2015-09-06,31.25
2015-09-06,30.875,32.0,31.625,32.625,29.875,29.25,47.25,42.625,56.5,7.637499999999999,11.35,9.275,1007.125,1007.875,1001.375,31.854591836734695,0.5323733692398339,31.73979591836735,0.74891058652375,30.695238095238096,1.4388938438201853,0.0,250.0,9.0,0.0,1.0,-0.9164086366943458,-0.4002439388573056,2015-09-07,31.5
2015-09-07,31.25,30.875,32.0,31.857142857142858,30.75,28.875,41.8,47.25,54.42857142857143,7.6375,7.637499999999999,13.485714285714286,1006.25,1007.125,1001.8333333333334,31.658163265306122,0.44766834653955645,31.838010204081634,0.5490315562969685,30.761904761904763,1.4157703350356257,1.0,251.0,9.0,0.7818314824680298,0.6234898018587336,-0.9231578729647039,-0.38442104726885545,2015-09-08,31.625
2015-09-08,31.5,31.25,30.875,32.125,32.0,27.375,46.375,41.8,47.625,9.4875,7.6375,15.275,1005.75,1006.25,1000.8571428571428,31.607142857142858,0.44152064072957425,31.891581632653065,0.46483823240559013,30.84940476190476,1.3756810364254841,2.0,252.0,9.0,0.9749279121818236,-0.22252093395631434,-0.9296339319682695,-0.3684843993077793,2015-09-09,31.0
2015-09-09,31.625,31.5,31.25,31.875,32.0,30.375,47.0,46.375,45.625,11.8125,9.4875,12.7375,1005.5,1005.75,1001.75,31.535714285714285,0.37992793802906416,31.86479591836735,0.46889691762115,30.99107142857143,1.2149986135357056,3.0,253.0,9.0,0.43388373911755823,-0.900968867902419,-0.9358348973349941,-0.35243871088460327,2015-09-10,31.25
2015-09-10,31.0,31.625,31.5,31.625,32.5,28.375,47.875,47.0,49.125,10.1875,11.8125,10.1875,1005.625,1005.5,1005.5,31.410714285714285,0.39339789623444227,31.793367346938776,0.5200887067027052,31.011904761904763,1.2094162481426147,4.0,254.0,9.0,-0.433883739117558,-0.9009688679024191,-0.9417589340994617,-0.33628873017668287,2015-09-11,30.75
2015-09-11,31.25,31.0,31.625,32.0,32.0,30.75,46.5,47.875,42.625,8.575000000000001,10.1875,11.35,1006.75,1005.625,1007.875,31.357142857142858,0.38479277044957233,31.704081632653065,0.496194025434968,31.107738095238098,1.10243998918049,5.0,255.0,9.0,-0.9749279121818236,-0.2225209339563146,-0.9474042892438845,-0.32003923622313857,2015-09-12,32.142857142857146
2015-09-12,30.75,31.25,31.0,30.875,32.25,32.0,49.75,46.5,47.25,6.012499999999999,8.575000000000001,7.637499999999999,1006.25,1006.75,1007.125,31.178571428571427,0.32159387283871377,31.61479591836735,0.548551069088867,31.107738095238098,1.10243998918049,6.0,256.0,9.0,-0.7818314824680299,0.6234898018587334,-0.9527692922168511,-0.30369503751065885,2015-09-13,32.125
2015-09-13,32.142857142857146,30.75,31.25,31.25,32.625,30.875,54.42857142857143,49.75,41.8,3.171428571428572,6.012499999999999,7.6375,1006.0,1006.25,1006.25,31.35969387755102,0.4525096039762526,31.607142857142858,0.5396831008045652,31.1125,1.1067271387001887,0.0,257.0,9.0,0.0,1.0,-0.9578523554276669,-0.28726097055059635,2015-09-14,31.875
2015-09-14,32.125,32.142857142857146,30.75,31.5,31.857142857142858,28.5,55.25,54.42857142857143,46.375,1.3875000000000002,3.171428571428572,9.4875,1005.875,1006.0,1005.75,31.48469387755102,0.5311740713473282,31.571428571428573,0.48043551997584977,31.154166666666665,1.1209166583371892,1.0,258.0,9.0,0.7818314824680298,0.6234898018587336,-0.9626519747161487,-0.2707418984477642,2015-09-15,33.0
2015-09-15,31.875,32.125,32.142857142857146,31.625,32.125,28.625,54.375,55.25,47.0,2.55,1.3875000000000002,11.8125,1003.625,1005.875,1005.5,31.538265306122447,0.5514965503900313,31.57270408163265,0.48127538393185376,31.266666666666666,1.0091389807771938,2.0,259.0,9.0,0.9749279121818236,-0.22252093395631434,-0.9671667297977312,-0.2541427094613622,2015-09-16,32.375
2015-09-16,33.0,31.875,32.125,31.0,31.875,30.75,55.0,54.375,47.875,0.4625,2.55,10.1875,1003.25,1003.625,1005.625,31.73469387755102,0.7835758624198004,31.63520408163265,0.6005505995761632,31.4125,0.9269993086061268,3.0,260.0,9.0,0.43388373911755823,-0.900968867902419,-0.97139528468375,-0.23746831555846842,2015-09-17,31.375
2015-09-17,32.375,33.0,31.875,31.25,31.625,29.125,55.0,55.0,46.5,1.4,0.4625,8.575000000000001,1003.625,1003.25,1006.75,31.93112244897959,0.7398281719451271,31.670918367346935,0.630050795875101,31.466666666666665,0.9343997334301875,4.0,261.0,9.0,-0.433883739117558,-0.9009688679024191,-0.9753363880767837,-0.2207236509605022,2015-09-18,31.0
2015-09-18,31.375,32.375,33.0,30.75,32.0,31.25,58.375,55.0,49.75,1.1625,1.4,6.012499999999999,1004.375,1003.625,1006.25,31.948979591836736,0.721940277876221,31.653061224489793,0.6349758909981833,31.541666666666668,0.8237055255787096,5.0,262.0,9.0,-0.9749279121818236,-0.2225209339563146,-0.9789888737409319,-0.20391367068311472,2015-09-19,30.625
2015-09-19,31.0,31.375,32.375,32.142857142857146,30.875,30.75,67.625,58.375,54.42857142857143,7.4125,1.1625,3.171428571428572,1005.125,1004.375,1006.0,31.98469387755102,0.655905000943103,31.581632653061224,0.6490360216083227,31.533333333333335,0.8280113899182876,6.0,263.0,9.0,-0.7818314824680299,0.6234898018587334,-0.9823516608469237,-0.18704334906991657,2015-09-20,29.142857142857142
2015-09-20,30.625,31.0,31.375,32.125,31.25,29.375,74.25,67.625,55.25,2.0875000000000004,7.4125,1.3875000000000002,1003.625,1005.125,1005.875,31.767857142857142,0.8242059670921226,31.563775510204078,0.6729711895938307,31.529166666666665,0.8323920763263941,0.0,264.0,9.0,0.0,1.0,-0.9854237542919524,-0.17011767832049052,2015-09-21,30.125
2015-09-21,29.142857142857142,30.625,31.0,31.875,31.5,30.25,69.14285714285714,74.25,54.375,5.557142857142858,2.0875000000000004,2.55,1002.8571428571428,1003.625,1003.625,31.341836734693878,1.2628349799513452,31.413265306122447,0.9336782947609094,31.52142857142857,0.8539091299734176,1.0,265.0,9.0,0.7818314824680298,0.6234898018587336,-0.9882042449941422,-0.15314166701312007,2015-09-22,30.25
2015-09-22,30.125,29.142857142857142,30.625,33.0,31.625,29.875,64.5,69.14285714285714,55.0,5.800000000000002,5.557142857142858,0.4625,1002.5,1002.8571428571428,1003.25,31.091836734693878,1.3119604726617393,31.315051020408163,0.9942092723666899,31.517261904761902,0.8606057324456401,2.0,266.0,9.0,0.9749279121818236,-0.22252093395631434,-0.9906923101615609,-0.13612033862266704,2015-09-23,28.625
2015-09-23,30.25,30.125,29.142857142857142,32.375,31.0,30.75,64.375,64.5,55.0,10.187499999999998,5.800000000000002,1.4,1002.5,1002.5,1003.625,30.698979591836736,1.0258887682492768,31.216836734693878,1.0285575286870245,31.529761904761905,0.8383659320833023,3.0,267.0,9.0,0.43388373911755823,-0.900968867902419,-0.9928872135356962,-0.11905873003404988,2015-09-24,28.25
2015-09-24,28.625,30.25,30.125,31.375,31.25,32.0,61.25,64.375,58.375,13.675,10.187499999999998,1.1625,1006.375,1002.5,1004.375,30.163265306122447,0.9830314471289916,31.04719387755102,1.2409920154619851,31.45892857142857,0.9836939163028113,4.0,268.0,9.0,-0.433883739117558,-0.9009688679024191,-0.994788305609327,-0.10196189005174576,2015-09-25,28.5
2015-09-25,28.25,28.625,30.25,31.0,30.75,32.0,52.375,61.25,67.625,11.575,13.675,7.4125,1004.625,1006.375,1005.125,29.716836734693878,1.048435249456556,30.832908163265305,1.4454464706628987,31.33392857142857,1.1386270043176092,5.0,269.0,9.0,-0.9749279121818236,-0.2225209339563146,-0.9963950238187231,-0.08483487790576538,2015-09-26,29.25
2015-09-26,28.5,28.25,28.625,30.625,32.142857142857146,32.5,49.375,52.375,74.25,8.575,11.575,2.0875000000000004,1003.75,1004.625,1003.625,29.35969387755102,0.9606096470844674,30.67219387755102,1.5746814350848197,31.217261904761905,1.2425896049080905,6.0,270.0,9.0,-0.7818314824680299,0.6234898018587334,-0.9977068927101168,-0.06768276175455162,2015-09-27,28.714285714285715
2015-09-27,29.25,28.5,28.25,29.142857142857142,32.125,32.0,53.5,49.375,69.14285714285714,6.25,8.575,5.557142857142858,1005.25,1003.75,1002.8571428571428,29.163265306122447,0.782897315742568,30.465561224489797,1.5565520902370407,31.10892857142857,1.2683067439831672,0.0,271.0,9.0,0.0,1.0,-0.9987235240803972,-0.050510617185222886,2015-09-28,28.25
2015-09-28,28.714285714285715,29.25,28.5,30.125,31.875,32.25,58.142857142857146,53.5,64.5,2.9142857142857146,6.25,5.800000000000002,1007.0,1005.25,1002.5,29.102040816326532,0.8013006464164102,30.221938775510207,1.5437070671948399,30.999404761904763,1.3291156002373263,1.0,272.0,9.0,0.7818314824680298,0.6234898018587336,-0.9994446170919858,-0.033323525711631344,2015-09-29,29.0
2015-09-29,28.25,28.714285714285715,29.25,30.25,33.0,32.625,58.5,58.142857142857146,64.375,3.9375,2.9142857142857146,10.187499999999998,1009.0,1007.0,1002.5,28.83418367346939,0.7106091605155298,29.963010204081634,1.549112020382465,30.86607142857143,1.3981737453936716,2.0,273.0,9.0,0.9749279121818236,-0.22252093395631434,-0.9998699583618592,-0.016126573270657762,2015-09-30,29.0
2015-09-30,29.0,28.25,28.714285714285715,28.625,32.375,31.857142857142858,54.57142857142857,58.5,61.25,9.528571428571428,3.9375,13.675,1010.5714285714286,1009.0,1006.375,28.65561224489796,0.3718281798561251,29.67729591836735,1.293711094898054,30.745238095238097,1.3975616311219843,3.0,274.0,10.0,0.43388373911755823,-0.900968867902419,-0.9999994220246925,0.001075151282798226,2015-10-01,28.125
2015-10-01,29.0,29.0,28.25,28.25,31.375,32.125,46.875,54.57142857142857,52.375,8.3375,9.528571428571428,11.575,1011.375,1010.5714285714286,1004.625,28.70918367346939,0.39308898539282305,29.436224489795922,1.0423883647795351,30.65,1.4164013632993557,4.0,275.0,10.0,-0.433883739117558,-0.9009688679024191,-0.999832969770105,0.018276557681691223,2015-10-02,28.285714285714285
2015-10-02,28.125,29.0,29.0,28.5,31.0,31.875,51.25,46.875,49.375,5.574999999999999,8.3375,8.575,1012.0,1011.375,1003.75,28.691326530612248,0.4193849620045129,29.204081632653065,0.9336219971915658,30.516666666666666,1.4603525613924369,5.0,276.0,10.0,-0.9749279121818236,-0.2225209339563146,-0.9993706508539969,0.03547255575312556,2015-10-03,30.0
2015-10-03,28.285714285714285,28.125,29.0,29.25,30.625,31.625,53.71428571428572,51.25,53.5,14.5875,5.574999999999999,6.25,1010.75,1012.0,1005.25,28.660714285714285,0.4428427417011519,29.010204081632654,0.8049504128068597,30.39702380952381,1.4919196750480752,6.0,277.0,10.0,-0.7818314824680299,0.6234898018587334,-0.9986126020839734,0.052658056924614005,2015-10-04,29.0
2015-10-04,30.0,28.285714285714285,28.125,28.714285714285715,29.142857142857142,32.0,52.333333333333336,53.71428571428572,58.142857142857146,18.785714285714285,14.5875,2.9142857142857146,1008.7142857142856,1010.75,1007.0,28.767857142857142,0.650990219055527,28.965561224489797,0.7215109940171816,30.34285714285714,1.4752040973310814,0.0,278.0,10.0,0.0,1.0,-0.9975590477788613,0.06982797572987089,2015-10-05,28.875
2015-10-05,29.0,30.0,28.285714285714285,28.25,30.125,30.875,54.375,52.333333333333336,58.5,3.0250000000000004,18.785714285714285,3.9375,1008.125,1008.7142857142856,1009.0,28.808673469387752,0.6560091707208144,28.955357142857142,0.7198188847513595,30.24285714285714,1.460606033783667,1.0,279.0,10.0,0.7818314824680298,0.6234898018587336,-0.9962102997023297,0.0869772313136861,2015-10-06,28.375
2015-10-06,28.875,29.0,30.0,29.0,30.25,31.25,59.375,54.375,54.57142857142857,1.3875000000000002,3.0250000000000004,9.528571428571428,1009.25,1008.125,1010.5714285714286,28.897959183673468,0.608080009025072,28.866071428571427,0.6362507768329272,30.176190476190474,1.4763167685263137,2.0,280.0,10.0,0.9749279121818236,-0.22252093395631434,-0.9945667569706337,0.1041007489354256,2015-10-07,28.625
2015-10-07,28.375,28.875,29.0,29.0,28.625,31.5,61.125,59.375,46.875,4.6375,1.3875000000000002,8.3375,1009.0,1009.25,1011.375,28.808673469387752,0.6358508987200879,28.732142857142858,0.5066763835170259,30.080357142857142,1.4973715388420132,3.0,281.0,10.0,0.43388373911755823,-0.900968867902419,-0.9926289059345095,0.121193461470736,2015-10-08,28.375
2015-10-08,28.625,28.375,28.875,28.125,28.25,31.625,65.75,61.125,51.25,6.4750000000000005,4.6375,5.574999999999999,1009.125,1009.0,1012.0,28.755102040816325,0.6328347610481736,28.732142857142858,0.5066763835170259,29.984523809523807,1.4953800344184651,4.0,282.0,10.0,-0.433883739117558,-0.9009688679024191,-0.9903973200352558,0.1382503109109819,2015-10-09,28.5
2015-10-09,28.375,28.625,28.375,28.285714285714285,28.5,31.0,65.125,65.75,53.71428571428572,4.4125000000000005,6.4750000000000005,14.5875,1007.5,1009.125,1010.75,28.79081632653061,0.5974109999138865,28.741071428571427,0.4985629860112831,29.876190476190473,1.490151616925615,5.0,283.0,10.0,-0.9749279121818236,-0.2225209339563146,-0.9878726596350429,0.15526624985999563,2015-10-10,28.5
2015-10-10,28.5,28.375,28.625,30.0,29.25,31.25,59.75,65.125,52.333333333333336,6.025,4.4125000000000005,18.785714285714285,1004.25,1007.5,1008.7142857142856,28.821428571428573,0.5721721352711888,28.741071428571427,0.4985629860112831,29.79285714285714,1.495033415022409,6.0,284.0,10.0,-0.7818314824680299,0.6234898018587334,-0.9850556718215013,0.172236243027682,2015-10-11,28.571428571428573
2015-10-11,28.5,28.5,28.375,29.0,28.714285714285715,30.75,54.625,59.75,54.375,6.7125,6.025,3.0250000000000004,1005.0,1004.25,1008.125,28.607142857142858,0.24397501823680454,28.6875,0.47960514486035694,29.701190476190472,1.4868939321834398,0.0,285.0,10.0,0.0,1.0,-0.981947190186646,0.18915526872004093,2015-10-12,29.25
2015-10-12,28.571428571428573,28.5,28.5,28.875,28.25,32.142857142857146,51.57142857142857,54.625,59.375,6.885714285714286,6.7125,1.3875000000000002,1008.7142857142856,1005.0,1009.25,28.54591836734694,0.17216395557564013,28.677295918367346,0.48051027450698286,29.628571428571426,1.4871044320546216,1.0,286.0,10.0,0.7818314824680298,0.6234898018587336,-0.9785481345802031,0.20601832032517084,2015-10-13,29.5
2015-10-13,29.25,28.571428571428573,28.5,28.375,29.0,32.125,54.125,51.57142857142857,61.125,3.25,6.885714285714286,4.6375,1010.0,1008.7142857142856,1009.0,28.59948979591837,0.3014380821916318,28.748724489795915,0.4863957871326402,29.532142857142855,1.4102535569901138,2.0,287.0,10.0,0.9749279121818236,-0.22252093395631434,-0.9748595108374125,0.22282040779479959,2015-10-14,28.125
2015-10-14,29.5,29.25,28.571428571428573,28.625,29.0,31.875,62.875,54.125,65.75,3.725000000000001,3.25,6.4750000000000005,1011.0,1010.0,1009.125,28.760204081632654,0.43299516781893904,28.784438775510203,0.5232273788687309,29.444642857142856,1.3225377284898596,3.0,288.0,10.0,0.43388373911755823,-0.900968867902419,-0.9708824104813836,0.23955655912092708,2015-10-15,27.5
2015-10-15,28.125,29.5,29.25,28.375,28.125,33.0,63.625,62.875,65.125,4.875000000000001,3.725000000000001,4.4125000000000005,1013.25,1011.0,1007.5,28.688775510204085,0.4957147513180137,28.721938775510203,0.5472079429750419,29.319642857142856,1.2606805316514613,4.0,289.0,10.0,-0.433883739117558,-0.9009688679024191,-0.9666180104000972,0.2562218218071163,2015-10-16,27.875
2015-10-16,27.5,28.125,29.5,28.5,28.285714285714285,32.375,66.0,63.625,59.75,0.4625,4.875000000000001,6.025,1013.5,1013.25,1004.25,28.563775510204085,0.6683008093793837,28.677295918367346,0.6202711324517126,29.136309523809523,1.0961985218346653,5.0,290.0,10.0,-0.9749279121818236,-0.2225209339563146,-0.9620675724981452,0.27281126433401914,2015-10-17,28.0
2015-10-17,27.875,27.5,28.125,28.5,30.0,31.375,62.625,66.0,54.625,0.925,0.4625,6.7125,1013.5,1013.5,1005.0,28.47448979591837,0.7181337673940438,28.647959183673468,0.649251945902165,28.98630952380952,0.933563260756367,6.0,291.0,10.0,-0.7818314824680299,0.6234898018587334,-0.957232443323312,0.28931997761869527,2015-10-18,26.857142857142858
2015-10-18,28.0,27.875,27.5,28.571428571428573,29.0,31.0,63.75,62.625,51.57142857142857,3.7125,0.925,6.885714285714286,1012.25,1013.5,1008.7142857142856,28.403061224489797,0.7397152782696711,28.505102040816325,0.5396571282789773,28.873809523809523,0.833810266992098,0.0,292.0,10.0,0.0,1.0,-0.9521140536681102,0.3057430764672831,2015-10-19,28.142857142857142
2015-10-19,26.857142857142858,28.0,27.875,29.25,28.875,30.625,71.71428571428571,63.75,54.125,11.1125,3.7125,3.25,1013.125,1012.25,1010.0,28.158163265306122,0.9331633582901938,28.352040816326532,0.6753258331631159,28.735714285714284,0.8123210028563524,1.0,293.0,10.0,0.7818314824680298,0.6234898018587336,-0.9467139181463862,0.3220757010206104,2015-10-20,27.714285714285715
2015-10-20,28.142857142857142,26.857142857142858,28.0,29.5,28.375,29.142857142857142,66.28571428571429,71.71428571428571,62.875,3.4571428571428577,11.1125,3.725000000000001,1011.7142857142856,1013.125,1011.0,28.0,0.8018500080276832,28.299744897959183,0.6598850815193967,28.65297619047619,0.736084895972544,2.0,294.0,10.0,0.9749279121818236,-0.22252093395631434,-0.9410336347451197,0.3383130181923076,2015-10-21,26.5
2015-10-21,27.714285714285715,28.142857142857142,26.857142857142858,28.125,28.625,30.125,64.85714285714286,66.28571428571429,63.625,2.9142857142857146,3.4571428571428577,4.875000000000001,1009.8571428571428,1011.7142857142856,1013.25,27.744897959183675,0.45348169876791933,28.252551020408163,0.6774809464719186,28.605357142857144,0.7493891190321321,3.0,295.0,10.0,0.43388373911755823,-0.900968867902419,-0.9350748843515574,0.3544502230989869,2015-10-22,24.75
2015-10-22,26.5,27.714285714285715,28.142857142857142,27.5,28.375,30.25,62.125,64.85714285714286,66.0,2.0875,2.9142857142857146,0.4625,1011.875,1009.8571428571428,1013.5,27.512755102040817,0.6139944531772304,28.100765306122447,0.8122579081083701,28.48452380952381,0.7872065616922643,4.0,296.0,10.0,-0.433883739117558,-0.9009688679024191,-0.9288394302558068,0.3704825404820963,2015-10-23,24.0
2015-10-23,24.75,26.5,27.714285714285715,27.875,28.5,28.625,56.0,62.125,62.625,4.4,2.0875,0.925,1012.25,1011.875,1013.5,27.119897959183675,1.2120389879291429,27.841836734693878,1.2022646969096524,28.301190476190477,0.9789607354282635,5.0,297.0,10.0,-0.9749279121818236,-0.2225209339563146,-0.9223291176290545,0.3864052261209853,2015-10-24,24.875
2015-10-24,24.0,24.75,26.5,28.0,28.5,28.25,51.625,56.0,63.75,4.862500000000001,4.4,3.7125,1011.875,1012.25,1012.25,26.566326530612248,1.6244345656012646,27.520408163265305,1.5608387109173107,28.147023809523812,1.2522383489551694,6.0,298.0,10.0,-0.7818314824680299,0.6234898018587334,-0.9155458729775467,0.40221356823680365,2015-10-25,26.375
2015-10-25,24.875,24.0,24.75,26.857142857142858,28.571428571428573,28.5,53.25,51.625,71.71428571428571,1.4,4.862500000000001,11.1125,1011.625,1011.875,1013.125,26.119897959183675,1.5938842742460573,27.261479591836736,1.6818212511742836,28.03452380952381,1.387018307930663,0.0,299.0,10.0,0.0,1.0,-0.9084917035725082,0.41790288888678667,2015-10-26,25.625
2015-10-26,26.375,24.875,24.0,28.142857142857142,29.25,29.25,47.125,53.25,66.28571428571429,5.575,1.4,3.4571428571428577,1012.75,1011.625,1011.7142857142856,26.051020408163264,1.5669046275248701,27.104591836734695,1.652412743222055,27.96369047619048,1.4163771678506831,1.0,300.0,10.0,0.7818314824680298,0.6234898018587336,-0.9011686968561569,0.4334685453485363,2015-10-27,24.75
2015-10-27,25.625,26.375,24.875,27.714285714285715,29.5,28.714285714285715,52.125,47.125,64.85714285714286,5.574999999999999,5.575,2.9142857142857146,1014.875,1012.75,1009.8571428571428,25.691326530612248,1.2669645703594192,26.845663265306122,1.5724523254705787,27.842857142857145,1.4569034744929596,2.0,301.0,10.0,0.9749279121818236,-0.22252093395631434,-0.8935790198239952,0.4489059314938798,2015-10-28,20.875
2015-10-28,24.75,25.625,26.375,26.5,28.125,28.25,54.25,52.125,62.125,3.475,5.574999999999999,2.0875,1013.875,1014.875,1011.875,25.267857142857142,0.928227958454717,26.50637755102041,1.4644131401077267,27.710714285714285,1.5518286187358807,3.0,302.0,10.0,0.43388373911755823,-0.900968867902419,-0.8857249183835637,0.4642104791518923,2015-10-29,22.125
2015-10-29,20.875,24.75,25.625,24.75,27.5,29.0,57.25,54.25,56.0,7.875000000000001,3.475,4.4,1015.875,1013.875,1012.25,24.464285714285715,1.7525491637692927,25.988520408163264,2.023260624073523,27.464880952380952,1.9866809062705137,4.0,303.0,10.0,-0.433883739117558,-0.9009688679024191,-0.8776087166898392,0.4793776594606945,2015-10-30,22.375
2015-10-30,22.125,20.875,24.75,24.0,27.875,29.0,63.5,57.25,51.625,1.85,7.875000000000001,4.862500000000001,1016.875,1015.875,1011.875,24.089285714285715,1.9508468856956591,25.604591836734695,2.2152476767997826,27.235714285714284,2.189649215637841,5.0,304.0,10.0,-0.9749279121818236,-0.2225209339563146,-0.8692328164574792,0.49440298420761813,2015-10-31,22.375
2015-10-31,22.375,22.125,20.875,24.875,28.0,28.125,67.25,63.5,53.25,1.625,1.85,1.4,1016.375,1016.875,1011.625,23.857142857142858,2.0570364142434845,25.211734693877553,2.2686828680084483,27.014880952380953,2.3348422777060156,6.0,305.0,11.0,-0.7818314824680299,0.6234898018587334,-0.8605996962501181,0.5092820071573356,2015-11-01,22.875
2015-11-01,22.375,22.375,22.125,26.375,26.857142857142858,28.285714285714285,69.375,67.25,47.125,1.1625,1.625,5.575,1016.125,1016.375,1012.75,23.5,2.067859198946232,24.809948979591837,2.2347359349424454,26.823214285714286,2.4725193978541466,0.0,306.0,11.0,0.0,1.0,-0.8517119107469189,0.5240103253675756,2015-11-02,23.375
2015-11-02,22.875,22.375,22.375,25.625,28.142857142857142,30.0,70.5,69.375,52.125,0.925,1.1625,5.574999999999999,1016.25,1016.125,1014.875,23.0,1.6345871038277184,24.52551020408163,2.207381498329016,26.642857142857146,2.558022147033591,1.0,307.0,11.0,0.7818314824680298,0.6234898018587336,-0.8425720899866032,0.5385835804920232,2015-11-03,24.0
2015-11-03,23.375,22.875,22.375,24.75,27.714285714285715,29.0,71.375,70.5,54.25,0.4625,0.925,3.475,1015.875,1016.25,1013.875,22.678571428571427,1.1942944719432373,24.184948979591837,1.96033077304299,26.42202380952381,2.5441366203436786,2.0,308.0,11.0,0.9749279121818236,-0.22252093395631434,-0.8331829385891785,0.5529974600700271,2015-11-04,23.75
2015-11-04,24.0,23.375,22.875,20.875,26.5,28.875,67.875,71.375,57.25,0.475,0.4625,7.875000000000001,1014.25,1015.875,1015.875,22.571428571428573,0.9944039851660779,23.919642857142858,1.676769403307315,26.255357142857143,2.5331812349783247,3.0,309.0,11.0,0.43388373911755823,-0.900968867902419,-0.8235472349556007,0.5672476988027229,2015-11-05,22.125
2015-11-05,23.75,24.0,23.375,22.125,24.75,28.375,69.0,67.875,63.5,0.925,0.475,1.85,1012.25,1014.25,1016.875,22.982142857142858,0.7374949555920365,23.723214285714285,1.5033444857571914,26.084523809523812,2.5232161523238736,4.0,310.0,11.0,-0.433883739117558,-0.9009688679024191,-0.8136678304455991,0.5813300798152042,2015-11-06,22.875
2015-11-06,22.125,23.75,24.0,22.375,24.0,28.625,75.25,69.0,67.25,5.100000000000001,0.925,1.625,1012.375,1012.25,1016.375,22.982142857142858,0.7374949555920365,23.535714285714285,1.5289109461698767,25.876190476190477,2.584846004049092,5.0,311.0,11.0,-0.9749279121818236,-0.2225209339563146,-0.8035476485339116,0.5952404359043674,2015-11-07,21.875
2015-11-07,22.875,22.125,23.75,22.375,24.875,28.375,74.375,75.25,69.375,2.325,5.100000000000001,1.1625,1012.75,1012.375,1016.125,23.053571428571427,0.6916810096045064,23.455357142857142,1.5321923261050487,25.68452380952381,2.5871735624013388,6.0,312.0,11.0,-0.7818314824680299,0.6234898018587334,-0.7931896839451843,0.6089746507720486,2015-11-08,21.875
2015-11-08,21.875,22.875,22.125,22.875,26.375,28.5,74.875,74.375,70.5,1.1625,2.325,0.925,1014.625,1012.75,1016.25,22.982142857142858,0.7919798879119552,23.241071428571427,1.5281527040229108,25.467857142857145,2.625971218741743,0.0,313.0,11.0,0.0,1.0,-0.7825970017677834,0.6225286602431057,2015-11-09,21.75
2015-11-09,21.875,21.875,22.875,23.375,25.625,28.5,70.25,74.875,71.375,1.8625,1.1625,0.4625,1015.875,1014.625,1015.875,22.839285714285715,0.8976656233968535,22.919642857142858,1.2696599549084806,25.24702380952381,2.6407139298359734,1.0,314.0,11.0,0.7818314824680298,0.6234898018587336,-0.7717727365467836,0.6358984534680745,2015-11-10,22.75
2015-11-10,21.75,21.875,21.875,24.0,24.75,28.571428571428573,73.625,70.25,67.875,0.7,1.8625,0.475,1015.0,1015.875,1014.25,22.607142857142858,0.9449111825230101,22.642857142857142,1.0352642068676206,25.022023809523812,2.641553247005758,2.0,315.0,11.0,0.9749279121818236,-0.22252093395631434,-0.7607200913564104,0.6490800741100398,2015-11-11,21.875
2015-11-11,22.75,21.75,21.875,23.75,20.875,29.25,72.625,73.625,69.0,0.7,0.7,0.925,1013.5,1015.0,1012.25,22.428571428571427,0.7319250547113252,22.5,0.8421013094538337,24.827976190476193,2.5850397637153892,3.0,316.0,11.0,0.43388373911755823,-0.900968867902419,-0.7494423368521954,0.6620696215153815,2015-11-12,21.875
2015-11-12,21.875,22.75,21.75,22.125,22.125,29.5,59.5,72.625,75.25,4.6375,0.7,5.100000000000001,1014.375,1013.5,1012.375,22.160714285714285,0.4604927485080099,22.571428571428573,0.7283976845188641,24.58214285714286,2.4992636142774973,4.0,317.0,11.0,-0.433883739117558,-0.9009688679024191,-0.7379428103031386,0.6748632518680403,2015-11-13,22.375
2015-11-13,21.875,21.875,22.75,22.875,22.375,28.125,60.5,59.5,74.375,5.7875,4.6375,2.325,1015.375,1014.375,1012.75,22.125,0.4732423621499061,22.553571428571427,0.7431001293211136,24.327976190476193,2.366056828346481,5.0,318.0,11.0,-0.9749279121818236,-0.2225209339563146,-0.7262249146041543,0.6874571793269664,2015-11-14,22.375
2015-11-14,22.375,21.875,21.875,21.875,22.375,27.5,59.375,60.5,74.875,5.325,5.7875,1.1625,1014.875,1015.375,1014.625,22.053571428571427,0.3669776819474284,22.553571428571427,0.7431001293211136,24.136309523809526,2.279164739556769,6.0,319.0,11.0,-0.7818314824680299,0.6234898018587334,-0.7142921172691032,0.699847677146407,2015-11-15,22.5
2015-11-15,22.375,22.375,21.875,21.875,22.875,27.875,59.625,59.375,70.25,3.475,5.325,1.8625,1012.0,1014.875,1015.875,22.125,0.37499999999985206,22.553571428571427,0.7431001293211136,23.965476190476192,2.209348805424122,0.0,320.0,11.0,0.0,1.0,-0.7021479494046978,0.7120310787787131,2015-11-16,21.875
2015-11-16,22.5,22.375,22.375,21.75,23.375,28.0,62.0,59.625,73.625,0.0,3.475,0.7,1012.0,1012.0,1015.0,22.214285714285715,0.37992793802920966,22.526785714285715,0.737359131638199,23.786309523809525,2.096431001612402,1.0,321.0,11.0,0.7818314824680298,0.6234898018587336,-0.6897960046655887,0.7240037789593305,2015-11-17,19.875
2015-11-17,21.875,22.5,22.375,22.75,24.0,26.857142857142858,50.375,62.0,72.625,2.7875,0.0,0.7,1012.625,1012.0,1013.5,22.232142857142858,0.3566961492040973,22.419642857142858,0.7132117613183,23.58214285714286,1.9661187148398205,2.0,322.0,11.0,0.9749279121818236,-0.22252093395631434,-0.6772399381909491,0.7357622347736527,2015-11-18,18.5
2015-11-18,19.875,21.875,22.5,21.875,23.75,28.142857142857142,48.375,50.375,59.5,5.1000000000000005,2.7875,4.6375,1013.5,1012.625,1014.375,21.821428571428573,0.9009750009744126,22.125,0.849207775607973,23.34940476190476,1.9782902210161075,3.0,323.0,11.0,0.43388373911755823,-0.900968867902419,-0.6644834655228552,0.7473029667054296,2015-11-19,18.5
2015-11-19,18.5,19.875,21.875,21.875,22.125,27.714285714285715,57.625,48.375,60.5,4.4,5.1000000000000005,5.7875,1016.375,1013.5,1015.375,21.339285714285715,1.542310033065703,21.75,1.1736284957996677,23.027976190476192,1.9558522684045865,4.0,324.0,11.0,-0.433883739117558,-0.9009688679024191,-0.6515303615068021,0.75862255966641,2015-11-20,18.5
2015-11-20,18.5,18.5,19.875,22.375,22.875,26.5,64.75,57.625,59.375,0.925,4.4,5.325,1017.5,1016.375,1014.875,20.857142857142858,1.8447964141128692,21.491071428571427,1.45151138548649,22.720833333333335,1.9176705891535524,5.0,325.0,11.0,-0.9749279121818236,-0.2225209339563146,-0.6383844591746642,0.7697176640069211,2015-11-21,18.75
2015-11-21,18.5,18.5,18.5,22.375,21.875,24.75,66.0,64.75,59.625,0.4625,0.925,3.475,1016.125,1017.5,1012.0,20.303571428571427,1.8941482568815757,21.178571428571427,1.5945477156803685,22.454166666666666,1.9302166589721113,6.0,326.0,11.0,-0.7818314824680299,0.6234898018587334,-0.6250496486104377,0.7805849965070866,2015-11-22,18.625
2015-11-22,18.75,18.5,18.5,22.5,21.875,24.0,67.625,66.0,62.0,1.3875000000000002,0.4625,0.0,1015.5,1016.125,1012.0,19.785714285714285,1.721061757005967,20.955357142857142,1.704495711894625,22.254166666666666,1.9939248608143267,0.0,327.0,11.0,0.0,1.0,-0.6115298757991053,0.7912213413483807,2015-11-23,17.0
2015-11-23,18.625,18.75,18.5,21.875,21.75,24.875,64.875,67.625,50.375,0.4625,1.3875000000000002,2.7875,1015.125,1015.5,1012.625,19.232142857142858,1.2653815535996935,20.723214285714285,1.7888399841824838,22.075,2.0716164769534204,1.0,328.0,11.0,0.7818314824680298,0.6234898018587336,-0.5978291414589552,0.801623551065242,2015-11-24,18.5
2015-11-24,17.0,18.625,18.75,19.875,22.75,26.375,73.5,64.875,48.375,0.0,0.4625,5.1000000000000005,1015.875,1015.125,1013.5,18.535714285714285,0.8376376930163807,20.383928571428573,2.015244954161572,21.8125,2.199566473742599,2.0,329.0,11.0,0.9749279121818236,-0.22252093395631434,-0.5839514998576998,0.8117885474764613,2015-11-25,19.375
2015-11-25,18.5,17.0,18.625,18.5,21.875,25.625,63.0,73.5,57.625,1.625,0.0,4.4,1016.0,1015.875,1016.375,18.339285714285715,0.598236495678595,20.080357142857142,1.9504727871481575,21.55,2.1041318137544978,3.0,330.0,11.0,0.43388373911755823,-0.900968867902419,-0.5699010576127624,0.8217133225960589,2015-11-26,20.0
2015-11-26,19.375,18.5,17.0,18.5,21.875,24.75,56.375,63.0,64.75,5.7875000000000005,1.625,0.925,1014.75,1016.0,1017.5,18.464285714285715,0.7170334056107874,19.901785714285715,1.8869354551989301,21.341666666666665,1.9932356874553787,4.0,331.0,11.0,-0.433883739117558,-0.9009688679024191,-0.5556819724760489,0.8313949395234058,2015-11-27,18.5
2015-11-27,20.0,19.375,18.5,18.5,22.375,20.875,59.5,56.375,66.0,0.925,5.7875000000000005,0.4625,1012.75,1014.75,1016.125,18.678571428571427,0.9238087567497483,19.767857142857142,1.8006790538416102,21.183333333333334,1.8996180801869826,5.0,332.0,11.0,-0.9749279121818236,-0.2225209339563146,-0.5412984521036173,0.8408305333122887,2015-11-28,18.75
2015-11-28,18.5,20.0,19.375,18.75,22.375,22.125,66.25,59.5,67.625,2.55,0.925,1.3875000000000002,1011.25,1012.75,1015.5,18.678571428571427,0.9238087567497483,19.491071428571427,1.661544900399257,21.104166666666668,1.9613955637427698,6.0,333.0,11.0,-0.7818314824680299,0.6234898018587334,-0.5267547528105542,0.8500173118187018,2015-11-29,18.125
2015-11-29,18.75,18.5,20.0,18.625,22.5,22.375,82.125,66.25,64.875,1.1625,2.55,0.4625,1015.375,1011.25,1015.125,18.678571428571427,0.9238087567497483,19.232142857142858,1.4460299952807099,20.991666666666667,1.9972862335802324,0.0,334.0,11.0,0.0,1.0,-0.5120551783114646,0.8589525565270845,2015-11-30,19.5
2015-11-30,18.125,18.75,18.5,17.0,21.875,22.375,81.25,82.125,73.5,1.1625,1.1625,0.0,1018.0,1015.375,1015.875,18.607142857142858,0.9476631659985386,18.919642857142858,1.1219050835441715,20.85,2.0459168756495165,1.0,335.0,12.0,0.7818314824680298,0.6234898018587336,-0.4972040784469378,0.8676336233547726,2015-12-01,19.25
2015-12-01,19.5,18.125,18.75,18.5,19.875,22.875,82.375,81.25,63.0,0.925,1.1625,1.625,1016.75,1018.0,1016.0,18.964285714285715,0.6720393625092186,18.75,0.7627127698088464,20.754166666666666,2.039344503938858,2.0,336.0,12.0,0.9749279121818236,-0.22252093395631434,-0.4822058478963526,0.8760579434344281,2015-12-02,18.125
2015-12-02,19.25,19.5,18.125,19.375,18.5,23.375,78.75,82.375,56.375,1.625,0.925,5.7875000000000005,1014.75,1016.75,1014.75,19.071428571428573,0.6449206300371467,18.705357142857142,0.7081380359934669,20.633333333333333,2.016615606838747,3.0,337.0,12.0,0.43388373911755823,-0.900968867902419,-0.46706492487743034,0.8842230238742036,2015-12-03,17.625
2015-12-03,18.125,19.25,19.5,20.0,18.5,24.0,72.125,78.75,59.5,2.0875,1.625,0.925,1016.125,1014.75,1012.75,18.892857142857142,0.7159949787000626,18.678571428571427,0.7234304723678364,20.458333333333332,1.9982032158798264,4.0,338.0,12.0,-0.433883739117558,-0.9009688679024191,-0.451785789832884,0.8921264484954345,2015-12-04,17.625
2015-12-04,17.625,18.125,19.25,18.5,18.5,23.75,70.25,72.125,66.25,7.1875,2.0875,2.55,1016.0,1016.125,1011.25,18.553571428571427,0.6648039453208634,18.616071428571427,0.7759366017200138,20.245833333333334,1.9468927867211723,5.0,339.0,12.0,-0.9749279121818236,-0.2225209339563146,-0.4363729641045924,0.8997658785476209,2015-12-05,17.5
2015-12-05,17.625,17.625,18.125,18.75,18.75,22.125,67.5,70.25,82.125,4.6375,7.1875,1.1625,1015.0,1016.0,1015.375,18.428571428571427,0.752970308653793,18.553571428571427,0.819993969422211,20.041666666666668,1.8869827829068555,6.0,340.0,12.0,-0.7818314824680299,0.6234898018587334,-0.42083100859565564,0.9071390534005044,2015-12-06,17.125
2015-12-06,17.5,17.625,17.625,18.125,18.625,22.875,72.375,67.5,81.25,0.925,4.6375,1.1625,1015.875,1015.0,1018.0,18.25,0.8100925873009248,18.464285714285715,0.8638417259378008,19.8875,1.8997929787393513,0.0,341.0,12.0,0.0,1.0,-0.4051645224207563,0.9142437912130223,2015-12-07,17.625
2015-12-07,17.125,17.5,17.625,19.5,17.0,21.875,75.875,72.375,82.375,1.4,0.925,0.925,1016.5,1015.875,1016.75,18.107142857142858,0.9169371895193911,18.357142857142858,0.932656904278072,19.695833333333333,1.8779239653240951,1.0,342.0,12.0,0.7818314824680298,0.6234898018587336,-0.3893781415452015,0.9210779895789526,2015-12-08,18.428571428571427
2015-12-08,17.625,17.125,17.5,19.25,18.5,21.875,76.875,75.875,78.75,2.3125,1.4,1.625,1017.25,1016.5,1014.75,17.839285714285715,0.6873647053021822,18.401785714285715,0.8759316076711375,19.554166666666667,1.8681435941875746,2.0,343.0,12.0,0.9749279121818236,-0.22252093395631434,-0.37347653741307074,0.9276396261490467,2015-12-09,18.375
2015-12-09,18.428571428571427,17.625,17.125,18.125,19.375,21.75,71.28571428571429,76.875,72.125,1.0571428571428572,2.3125,2.0875,1015.7142857142856,1017.25,1016.125,17.721938775510203,0.4273117826275339,18.39668367346939,0.8755234633858942,19.439285714285713,1.8259963973312123,3.0,344.0,12.0,0.43388373911755823,-0.900968867902419,-0.3574644155648614,0.9339267592294762,2015-12-10,19.0
2015-12-10,18.375,18.428571428571427,17.625,17.625,20.0,22.75,78.125,71.28571428571429,70.25,3.475,1.0571428571428572,7.1875,1015.25,1015.7142857142856,1016.0,17.757653061224488,0.47446007880014646,18.325255102040817,0.8291318967969812,19.326785714285716,1.7821648838185007,4.0,345.0,12.0,-0.433883739117558,-0.9009688679024191,-0.34134651424503615,0.9399375283564133,2015-12-11,17.25
2015-12-11,19.0,18.375,18.428571428571427,17.625,18.5,21.875,77.25,78.125,67.5,2.0875000000000004,3.475,4.6375,1011.75,1015.25,1015.0,17.95408163265306,0.6590920515083089,18.253826530612248,0.7079796695458365,19.201785714285716,1.6611886207492885,5.0,346.0,12.0,-0.9749279121818236,-0.2225209339563146,-0.3251276029999093,0.9456701548465688,2015-12-12,13.25
2015-12-12,17.25,19.0,18.375,17.5,18.75,21.875,77.875,77.25,72.375,5.1000000000000005,2.0875000000000004,0.925,1011.375,1011.75,1015.875,17.90051020408163,0.7040076861493424,18.164540816326532,0.7519982071401663,19.047619047619047,1.6186121492501937,6.0,347.0,12.0,-0.7818314824680299,0.6234898018587334,-0.30881248126625377,0.9511229423235357,2015-12-13,12.875
2015-12-13,13.25,17.25,19.0,17.125,18.125,22.375,91.0,77.875,75.875,4.4,5.1000000000000005,1.4,1014.25,1011.375,1016.5,17.293367346938773,1.9087622745634993,17.77168367346939,1.4935953431987052,18.76011904761905,1.8487262108024995,0.0,348.0,12.0,0.0,1.0,-0.29240597695107734,0.9562942772197719,2015-12-14,13.25
2015-12-14,12.875,13.25,17.25,17.625,19.5,22.375,67.0,91.0,76.875,3.475,4.4,2.3125,1016.5,1014.25,1017.25,16.686224489795915,2.542095783367977,17.39668367346939,1.9784352832741148,18.443452380952383,2.0143861736755717,1.0,349.0,12.0,0.7818314824680298,0.6234898018587336,-0.27591294500296043,0.9611826292540837,2015-12-15,13.125
2015-12-15,13.25,12.875,13.25,18.428571428571427,19.25,22.5,63.625,67.0,71.28571428571429,7.400000000000001,3.475,1.0571428571428572,1017.0,1016.5,1015.7142857142856,16.061224489795915,2.7977809694058693,16.950255102040817,2.163784923875629,18.139285714285716,2.087847911649616,2.0,350.0,12.0,0.9749279121818236,-0.22252093395631434,-0.2593382659754056,0.9657865518844574,2015-12-16,13.0
2015-12-16,13.125,13.25,12.875,18.375,18.125,21.875,63.875,63.625,78.125,5.325,7.400000000000001,3.475,1016.5,1017.0,1015.25,15.303571428571429,2.7677995385710776,16.512755102040817,2.279163309001593,17.826785714285716,2.1140882342698317,3.0,351.0,12.0,0.43388373911755823,-0.900968867902419,-0.2426868445825954,0.9701046827361175,2015-12-17,12.25
2015-12-17,13.0,13.125,13.25,19.0,17.625,19.875,65.5,63.875,77.25,1.1625,5.325,2.0875000000000004,1016.375,1016.5,1011.75,14.535714285714286,2.5069842915533482,16.14668367346939,2.4082168440375016,17.53095238095238,2.148744648757074,4.0,352.0,12.0,-0.433883739117558,-0.9009688679024191,-0.22596360824801906,0.974135744004672,2015-12-18,12.875
2015-12-18,12.25,13.0,13.125,17.25,17.625,18.5,73.625,65.5,77.875,0.925,1.1625,5.1000000000000005,1016.875,1016.375,1011.375,13.571428571428571,1.6580880412031744,15.762755102040817,2.576949854757393,17.276785714285715,2.3070497758369632,5.0,353.0,12.0,-0.9749279121818236,-0.2225209339563146,-0.20917350564635637,0.9778785428342386,2015-12-19,12.375
2015-12-19,12.875,12.25,13.0,13.25,17.5,18.5,71.25,73.625,91.0,4.4,0.925,4.4,1018.625,1016.875,1014.25,12.946428571428571,0.34503277967123946,15.423469387755103,2.6251488386767106,17.089285714285715,2.4295356315432217,6.0,354.0,12.0,-0.7818314824680299,0.6234898018587334,-0.19232150523909483,0.9813319716704275,2015-12-20,11.75
2015-12-20,12.375,12.875,12.25,12.875,17.125,18.5,71.875,71.25,67.0,3.4875,4.4,3.475,1019.0,1018.625,1016.5,12.821428571428571,0.3740066207716095,15.057397959183675,2.6702542904077706,16.885119047619046,2.560714557668939,0.0,355.0,12.0,0.0,1.0,-0.17541259380427843,0.9844950085880858,2015-12-21,12.625
2015-12-21,11.75,12.375,12.875,13.25,17.625,18.75,70.25,71.875,63.625,1.1625,3.4875,7.400000000000001,1018.5,1019.0,1017.0,12.660714285714286,0.5482656637938293,14.673469387755103,2.735713107294943,16.660119047619045,2.706335921453437,1.0,356.0,12.0,0.7818314824680298,0.6234898018587336,-0.15845177496083632,0.9873667175937016,2015-12-22,12.0
2015-12-22,12.625,11.75,12.375,13.125,18.428571428571427,18.625,74.75,70.25,63.875,1.3875000000000002,1.1625,5.325,1018.875,1018.5,1016.5,12.571428571428571,0.4833538583491448,14.316326530612246,2.6456440289415886,16.45595238095238,2.773441979355732,2.0,357.0,12.0,0.9749279121818236,-0.22252093395631434,-0.14144406768794202,0.9899462489023779,2015-12-23,12.5
2015-12-23,12.0,12.625,11.75,13.0,18.375,17.0,79.875,74.75,65.5,0.7,1.3875000000000002,1.1625,1020.875,1018.875,1016.375,12.410714285714286,0.4548024165451358,13.857142857142858,2.425751837682492,16.235119047619047,2.857266327894135,3.0,358.0,12.0,0.43388373911755823,-0.900968867902419,-0.12439450483979998,0.9922328391893008,2015-12-24,11.25
2015-12-24,12.5,12.0,12.625,12.25,19.0,18.5,81.375,79.875,73.625,3.4875000000000003,0.7,0.925,1020.625,1020.875,1016.875,12.339285714285714,0.37992793802943364,13.4375,2.0654844374955745,16.085119047619045,2.932847425494032,4.0,359.0,12.0,-0.433883739117558,-0.9009688679024191,-0.10730813165636247,0.9942258118156161,2015-12-25,11.5
2015-12-25,11.25,12.5,12.0,12.875,17.25,19.375,68.625,81.375,71.25,6.025,3.4875000000000003,4.4,1021.25,1020.625,1018.625,12.196428571428571,0.5629958132298577,12.883928571428571,1.3871528374708255,15.84345238095238,3.0242746036644546,5.0,360.0,12.0,-0.9749279121818236,-0.2225209339563146,-0.09019000427034513,0.9959245770286599,2015-12-26,12.75
2015-12-26,11.5,11.25,12.5,12.375,13.25,20.0,66.125,68.625,71.875,5.5625,6.025,3.4875,1022.0,1021.25,1019.0,12.0,0.5253966755383359,12.473214285714286,0.6507735253653838,15.580952380952379,3.0488405482600403,6.0,361.0,12.0,-0.7818314824680299,0.6234898018587334,-0.07304518821104743,0.9973286321364752,2015-12-27,15.375
2015-12-27,12.75,11.5,11.25,11.75,12.875,18.5,64.5,66.125,70.25,6.4875,5.5625,1.1625,1021.125,1022.0,1018.5,12.053571428571429,0.5856671003061548,12.4375,0.6177463694113307,15.339285714285714,2.972875411537468,0.0,362.0,12.0,0.0,1.0,-0.05587875690537313,0.9984375616565666,2015-12-28,17.125
2015-12-28,15.375,12.75,11.5,12.625,13.25,18.75,63.25,64.5,74.75,7.8875,6.4875,1.3875000000000002,1020.625,1021.125,1018.875,12.571428571428571,1.3614046492676857,12.616071428571429,0.998152482899636,15.235119047619046,2.9124423809256834,1.0,363.0,12.0,0.7818314824680298,0.6234898018587336,-0.03869579017652689,0.9992510374388481,2015-12-29,16.375
2015-12-29,17.125,15.375,12.75,12.0,13.125,18.125,58.125,63.25,79.875,10.8875,7.8875,0.7,1020.875,1020.625,1020.875,13.214285714285714,2.1969608336886517,12.892857142857142,1.564216090576953,15.18095238095238,2.859446167231655,2.0,364.0,12.0,0.9749279121818236,-0.22252093395631434,-0.021501372740813793,0.999768818762748,2015-12-30,15.5
2015-12-30,16.375,17.125,15.375,12.5,13.0,19.5,65.0,58.125,81.375,7.4125,10.8875,3.4875000000000003,1018.125,1020.875,1020.625,13.839285714285714,2.40627898869366,13.125,1.8213477680842813,15.122619047619047,2.8148178670519877,3.0,365.0,12.0,0.43388373911755823,-0.900968867902419,-0.004300592702981974,0.9999907524084426,2015-12-31,15.0
2015-12-31,15.5,16.375,17.125,11.25,12.25,19.25,71.75,65.0,68.625,2.1,7.4125,6.025,1017.5,1018.125,1021.25,14.267857142857142,2.395121529872157,13.303571428571429,1.9276045602397986,14.989285714285712,2.6923929118600722,4.0,1.0,1.0,-0.433883739117558,-0.9009688679024191,0.017201575418260506,0.9998520419557735,2016-01-01,14.714285714285714
2016-01-01,15.0,15.5,16.375,11.5,12.875,18.125,71.375,71.75,66.125,2.0875,2.1,5.5625,1020.5,1017.5,1022.0,14.803571428571429,1.9932923231965418,13.5,1.9519467599922156,14.847619047619046,2.5694810518675917,5.0,2.0,1.0,-0.9749279121818236,-0.2225209339563146,0.03439806061360801,0.9994082116062598,2016-01-02,14.0
2016-01-02,14.714285714285714,15.0,15.5,12.75,12.375,17.625,72.28571428571429,71.375,64.5,1.0571428571428572,2.0875,6.4875,1021.1428571428572,1020.5,1021.125,15.262755102040817,1.3818903687534732,13.631377551020407,1.9684721514437056,14.73392857142857,2.493809850483906,6.0,3.0,1.0,-0.7818314824680299,0.6234898018587334,0.051584366869408364,0.9986686402879997,2016-01-03,14.375
2016-01-03,14.0,14.714285714285714,15.0,15.375,11.75,17.625,75.875,72.28571428571429,63.25,2.0875,1.0571428571428572,7.8875,1021.0,1021.1428571428572,1020.625,15.441326530612246,1.0420431778246442,13.747448979591836,1.9363378565433502,14.613095238095237,2.436050193768802,0.0,4.0,1.0,0.0,1.0,0.06875540848113941,0.9976335468520451,2016-01-04,15.75
2016-01-04,14.375,14.0,14.714285714285714,17.125,12.625,17.5,74.75,75.875,58.125,5.112500000000001,2.0875,10.8875,1018.5,1021.0,1020.875,15.298469387755103,1.1184006307426002,13.934948979591836,1.8533563356167735,14.504761904761903,2.368827089107201,1.0,5.0,1.0,0.7818314824680298,0.6234898018587336,0.08590610426133272,0.9963032375991965,2016-01-05,15.833333333333334
2016-01-05,15.75,14.375,14.0,16.375,12.0,17.125,77.125,74.75,65.0,0.0,5.112500000000001,7.4125,1017.625,1018.5,1018.125,15.102040816326532,0.8268914031565214,14.15816326530612,1.8715478049899508,14.446428571428571,2.3134240550638046,2.0,6.0,1.0,0.9749279121818236,-0.22252093395631434,0.10303137904317879,0.9946781061893646,2016-01-06,17.375
2016-01-06,15.833333333333334,15.75,14.375,15.5,12.5,17.625,88.83333333333333,77.125,71.75,0.6166666666666667,0.0,2.1,1017.0,1017.625,1017.5,15.024659863945578,0.704147869801604,14.431972789115646,1.8109476551329515,14.403373015873017,2.273529395035292,3.0,7.0,1.0,0.43388373911755823,-0.900968867902419,0.1201261651823505,0.9927586335250793,2016-01-07,17.125
2016-01-07,17.375,15.833333333333334,15.75,15.0,11.25,18.428571428571427,81.625,88.83333333333333,71.375,2.3125,0.6166666666666667,2.0875,1016.5,1017.0,1020.5,15.292517006802722,1.1380439141075724,14.78018707482993,1.8783227786118104,14.395039682539682,2.2617413536019315,4.0,8.0,1.0,-0.433883739117558,-0.9009688679024191,0.13718540405660057,0.9905453876091833,2016-01-08,15.5
2016-01-08,17.125,17.375,15.833333333333334,14.714285714285714,11.5,18.375,87.0,81.625,72.28571428571429,0.0,2.3125,1.0571428571428572,1018.125,1016.5,1021.1428571428572,15.596088435374151,1.3164473744386054,15.199829931972788,1.6741422390059624,14.351587301587301,2.1930564899366836,5.0,9.0,1.0,-0.9749279121818236,-0.2225209339563146,0.1542040475626894,0.988039023376751,2016-01-09,15.857142857142858
2016-01-09,15.5,17.125,17.375,14.0,12.75,19.0,83.25,87.0,75.875,7.887500000000001,0.0,2.0875,1017.25,1018.125,1021.0,15.708333333333332,1.26106216253511,15.485544217687075,1.2918169218606468,14.255753968253968,2.0705728627966047,6.0,10.0,1.0,-0.7818314824680299,0.6234898018587334,0.17117705961019986,0.985240282501282,2016-01-10,15.625
2016-01-10,15.857142857142858,15.5,17.125,14.375,15.375,17.25,65.14285714285714,83.25,74.75,8.471428571428572,7.887500000000001,5.112500000000001,1015.4285714285714,1017.25,1018.5,15.973639455782314,1.012644787425693,15.707482993197278,1.0250542340528865,14.150992063492064,1.894258217909205,0.0,11.0,1.0,0.0,1.0,0.18809941761179758,0.9821499931752291,2016-01-11,15.75
2016-01-11,15.625,15.857142857142858,15.5,15.75,17.125,13.25,74.375,65.14285714285714,77.125,2.775,8.471428571428572,0.0,1017.5,1015.4285714285714,1017.625,16.152210884353742,0.7632587883359591,15.725340136054422,1.0209861218612983,14.096825396825398,1.8245362193926755,1.0,12.0,1.0,0.7818314824680298,0.6234898018587336,0.20496611396949532,0.9787690698649216,2016-01-12,18.0
2016-01-12,15.75,15.625,15.857142857142858,15.833333333333334,16.375,12.875,74.875,74.375,88.83333333333333,1.625,2.775,0.6166666666666667,1017.5,1017.5,1017.0,16.152210884353742,0.7632587883359591,15.627125850340136,0.9388159615144613,14.18015873015873,1.8415377732878746,2.0,13.0,1.0,0.9749279121818236,-0.22252093395631434,0.22177215755648186,0.975098513039961,2016-01-13,18.266666666666666
2016-01-13,18.0,15.75,15.625,17.375,15.5,13.25,69.6875,74.875,81.625,6.03125,1.625,2.3125,1014.9375,1017.5,1016.5,16.461734693877553,1.0113844200363415,15.743197278911564,1.121142282869519,14.350992063492065,1.9507629535334354,3.0,14.0,1.0,0.43388373911755823,-0.900968867902419,0.23851257519407648,0.9711394088771653,2016-01-14,15.5625
2016-01-14,18.266666666666666,18.0,15.75,17.125,15.0,13.125,75.8,69.6875,87.0,5.08,6.03125,0.0,1014.3333333333334,1014.9375,1018.125,16.589115646258502,1.1865591169692147,15.94081632653061,1.3039138433788144,14.518214285714286,2.0648138669673815,4.0,15.0,1.0,-0.433883739117558,-0.9009688679024191,0.2551824131233728,0.9668929289391521,2016-01-15,13.0
2016-01-15,15.5625,18.266666666666666,18.0,15.5,14.714285714285714,13.0,80.4375,75.8,83.25,4.300000000000001,5.08,7.887500000000001,1016.125,1014.3333333333334,1017.25,16.365901360544218,1.2155609508580723,15.980994897959182,1.2811615666633394,14.599464285714285,2.056039652974874,5.0,16.0,1.0,-0.9749279121818236,-0.2225209339563146,0.2717767384711357,0.9623603298276545,2016-01-16,13.6
2016-01-16,13.0,15.5625,18.266666666666666,15.857142857142858,14.0,12.25,84.1875,80.4375,65.14285714285714,10.775,4.300000000000001,8.471428571428572,1017.0,1016.125,1015.4285714285714,16.00875850340136,1.758416911664671,15.858545918367346,1.478297887328818,14.599464285714285,2.056039652974874,6.0,17.0,1.0,-0.7818314824680299,0.6234898018587334,0.2882906407095177,0.9575429528116719,2016-01-17,14.0
2016-01-17,13.6,13.0,15.5625,15.625,14.375,12.875,80.06666666666666,84.1875,74.375,11.239999999999998,10.775,2.775,1014.6,1017.0,1017.5,15.686309523809523,1.9834102376046356,15.82997448979592,1.5202517132449902,14.644464285714287,2.0172520487048864,0.0,18.0,1.0,0.0,1.0,0.3047192331091634,0.9524422234305676,2016-01-18,13.266666666666667
2016-01-18,14.0,13.6,13.0,15.75,15.75,12.375,77.66666666666667,80.06666666666666,74.875,2.1066666666666665,11.239999999999998,1.625,1016.2,1014.6,1017.5,15.454166666666666,2.0843122700039105,15.803188775510206,1.5508548450552138,14.681964285714287,1.9935413980744365,1.0,19.0,1.0,0.7818314824680298,0.6234898018587336,0.321057654185271,0.9470596510722283,2016-01-19,12.357142857142858
2016-01-19,13.266666666666667,14.0,13.6,18.0,15.833333333333334,11.75,80.46666666666667,77.66666666666667,69.6875,1.4800000000000002,2.1066666666666665,6.03125,1014.7333333333332,1016.2,1014.9375,15.099404761904761,2.2316956430305797,15.625807823129252,1.6929168975622073,14.71168650793651,1.9643942006367778,2.0,20.0,1.0,0.9749279121818236,-0.22252093395631434,0.3373010691361842,0.9413968285264122,2016-01-20,12.066666666666666
2016-01-20,12.357142857142858,13.266666666666667,14.0,18.266666666666666,17.375,12.625,88.57142857142857,80.46666666666667,75.8,4.65,1.4800000000000002,5.08,1015.2857142857144,1014.7333333333332,1014.3333333333334,14.29328231292517,2.018270978607508,15.37750850340136,1.9021353826013072,14.731924603174605,1.935748043117827,3.0,21.0,1.0,0.43388373911755823,-0.900968867902419,0.3534446712740877,0.9354554315134164,2016-01-21,12.1875
2016-01-21,12.066666666666666,12.357142857142858,13.266666666666667,15.5625,17.125,12.0,84.2,88.57142857142857,80.4375,6.193333333333333,4.65,4.300000000000001,1018.6666666666666,1015.2857142857144,1016.125,13.407568027210884,1.1632649383461584,14.998341836734694,1.999894333977948,14.713313492063493,1.9592448535398805,4.0,22.0,1.0,-0.433883739117558,-0.9009688679024191,0.3694836834473831,0.9292372181882051,2016-01-22,11.733333333333333
2016-01-22,12.1875,12.066666666666666,12.357142857142858,13.0,15.5,12.5,73.1875,84.2,84.1875,7.887499999999998,6.193333333333333,10.775,1020.1875,1018.6666666666666,1017.0,12.925425170068026,0.7457338602040939,14.645663265306123,2.031129128064338,14.719563492063493,1.9505707679533448,5.0,23.0,1.0,-0.9749279121818236,-0.2225209339563146,0.38541335945432564,0.9227440286201427,2016-01-23,14.4375
2016-01-23,11.733333333333333,12.1875,12.066666666666666,13.6,15.857142857142858,11.25,83.4,73.1875,80.06666666666666,3.586666666666667,7.887499999999998,11.239999999999998,1019.4666666666668,1020.1875,1014.6,12.744472789115646,0.8682385553783784,14.376615646258504,2.1549526789616555,14.694007936507937,1.9853652419646974,6.0,24.0,1.0,-0.7818314824680299,0.6234898018587334,0.4012289854475009,0.9159777842484877,2016-01-24,11.1875
2016-01-24,14.4375,11.733333333333333,12.1875,14.0,15.625,11.5,75.875,83.4,77.66666666666667,3.2500000000000004,3.586666666666667,2.1066666666666665,1019.8125,1019.4666666666668,1016.2,12.864115646258503,1.0454060271530328,14.275212585034014,2.112917479588058,14.800257936507936,1.8770346473737833,0.0,25.0,1.0,0.0,1.0,0.4169258813287287,0.908940487313808,2016-01-25,11.666666666666666
2016-01-25,11.1875,14.4375,11.733333333333333,13.266666666666667,15.75,12.75,86.25,75.875,80.46666666666667,6.624999999999999,3.2500000000000004,1.4800000000000002,1019.0625,1019.8125,1014.7333333333332,12.46232993197279,1.076106175711217,13.95824829931973,2.224738143734827,14.78984126984127,1.8967447177747963,1.0,26.0,1.0,0.7818314824680298,0.6234898018587336,0.4324994021339788,0.901634220265486,2016-01-26,14.5625
2016-01-26,11.666666666666666,11.1875,14.4375,12.357142857142858,18.0,15.375,75.4,86.25,88.57142857142857,4.58,6.624999999999999,4.65,1017.2,1019.0625,1015.2857142857144,12.233758503401361,1.046297852086766,13.666581632653061,2.239384831504683,14.753730158730159,1.9465772085202824,2.0,27.0,1.0,0.9749279121818236,-0.22252093395631434,0.44794493940789115,0.8940611451454876,2016-01-27,17.583333333333332
2016-01-27,14.5625,11.666666666666666,11.1875,12.066666666666666,18.266666666666666,17.125,79.6875,75.4,84.2,2.5500000000000003,4.58,6.193333333333333,1015.375,1017.2,1018.6666666666666,12.548809523809524,1.37121894754867,13.421045918367346,1.8886931473515376,14.726646825396825,1.943284719966392,3.0,28.0,1.0,0.43388373911755823,-0.900968867902419,0.4632579225674917,0.88622350294858,2016-01-28,16.857142857142858
2016-01-28,17.583333333333332,14.5625,11.666666666666666,12.1875,15.5625,16.375,69.16666666666667,79.6875,73.1875,4.025,2.5500000000000003,7.887499999999998,1014.1666666666666,1015.375,1020.1875,13.336904761904762,2.311123750347011,13.372236394557822,1.758153453898472,14.741924603174603,1.9644764777948935,4.0,29.0,1.0,-0.433883739117558,-0.9009688679024191,0.4784338202547012,0.8781236129591848,2016-01-29,19.5625
2016-01-29,16.857142857142858,17.583333333333332,14.5625,11.733333333333333,13.0,15.5,69.35714285714286,69.16666666666667,83.4,5.028571428571429,4.025,3.586666666666667,1015.0714285714286,1014.1666666666666,1019.4666666666668,14.003996598639457,2.5821058023287167,13.46471088435374,1.9097310187336891,14.757996031746034,1.9802066367983597,5.0,30.0,1.0,-0.9749279121818236,-0.2225209339563146,0.49346814167723735,0.8697638720650646,2016-01-30,20.142857142857142
2016-01-30,19.5625,16.857142857142858,17.583333333333332,14.4375,13.6,15.0,70.625,69.35714285714286,75.875,2.54375,5.028571428571429,3.2500000000000004,1017.375,1015.0714285714286,1019.8125,15.122448979591837,3.0818858010920636,13.93346088435374,2.500812903971811,14.8934126984127,2.1631545426953203,6.0,31.0,1.0,-0.7818314824680299,0.6234898018587334,0.5083564379375122,0.8611467540480452,2016-01-31,17.375
2016-01-31,20.142857142857142,19.5625,16.857142857142858,11.1875,14.0,14.714285714285714,78.5,70.625,86.25,1.2,2.54375,6.624999999999999,1014.5,1017.375,1019.0625,15.9375,3.584069065691846,14.40080782312925,2.996029023505025,15.06484126984127,2.3661518530663264,0.0,32.0,2.0,0.0,1.0,0.5230943033491326,0.8522748088519838,2016-02-01,15.846153846153848
2016-02-01,17.375,20.142857142857142,19.5625,11.666666666666666,13.266666666666667,14.0,78.25,78.5,75.4,7.762500000000001,1.2,4.58,1016.0,1014.5,1017.2,16.821428571428573,2.9185585660328073,14.641879251700678,3.0954311859248254,15.153531746031746,2.402150812869357,1.0,33.0,2.0,0.7818314824680298,0.6234898018587336,0.5376773767406141,0.8431506618282,2016-02-02,15.266666666666667
2016-02-02,15.846153846153848,17.375,20.142857142857142,14.5625,12.357142857142858,14.375,65.76923076923077,78.25,79.6875,7.269230769230768,7.762500000000001,2.5500000000000003,1017.1538461538462,1016.0,1015.375,17.418498168498168,1.9575516335864496,14.826128335949765,3.084026145286068,15.215070207570209,2.395217992543487,2.0,34.0,2.0,0.9749279121818236,-0.22252093395631434,0.5521013427459208,0.8337770129585915,2016-02-03,13.125
2016-02-03,15.266666666666667,15.846153846153848,17.375,17.583333333333332,12.066666666666666,15.75,55.86666666666667,65.76923076923077,69.16666666666667,8.893333333333333,7.269230769230768,4.025,1018.2,1017.1538461538462,1014.1666666666666,17.519093406593406,1.7979093344427994,15.033951465201465,3.001785914905798,15.24479242979243,2.3899606810244816,3.0,35.0,2.0,0.43388373911755823,-0.900968867902419,0.5663619330814524,0.8241566360566663,2016-02-04,16.363636363636363
2016-02-04,13.125,15.266666666666667,15.846153846153848,16.857142857142858,12.1875,15.833333333333334,66.5,55.86666666666667,69.35714285714286,7.622222222222222,8.893333333333333,5.028571428571429,1018.0,1018.2,1015.0714285714286,16.882188644688647,2.4446971256436125,15.109546703296703,2.933869255209298,15.15729242979243,2.418706175971923,4.0,36.0,2.0,-0.433883739117558,-0.9009688679024191,0.580454927809098,0.8142923779467267,2016-02-05,12.666666666666666
2016-02-05,16.363636363636363,13.125,15.266666666666667,19.5625,11.733333333333333,17.375,53.0,66.5,70.625,6.941666666666666,7.622222222222222,2.54375,1017.3333333333334,1018.0,1017.375,16.811687717044858,2.452642817041146,15.407842157842158,2.8241719811940564,15.174969197469197,2.425744874898926,5.0,37.0,2.0,-0.9749279121818236,-0.2225209339563146,0.5943761565849831,0.804187157621448,2016-02-06,15.333333333333334
2016-02-06,12.666666666666666,16.363636363636363,13.125,20.142857142857142,14.4375,17.125,70.66666666666667,53.0,78.5,2.1666666666666665,6.941666666666666,1.2,1016.8333333333334,1017.3333333333334,1014.5,15.826568669425813,2.5466891988766474,15.474508824508822,2.740537870866652,15.018024753024752,2.4308038051834786,6.0,38.0,2.0,-0.7818314824680299,0.6234898018587334,0.6081214998935418,0.7938439653781019,2016-02-07,15.625
2016-02-07,15.333333333333334,12.666666666666666,16.363636363636363,17.375,11.1875,15.5,69.5,70.66666666666667,78.25,3.7,2.1666666666666665,7.762500000000001,1013.3333333333334,1016.8333333333334,1016.0,15.13949383949384,1.6942150302063097,15.538496919746919,2.7248760343017295,14.958302530802532,2.399054983013783,0.0,39.0,2.0,0.0,1.0,0.6216868902665479,0.7832658619336791,2016-02-08,17.09090909090909
2016-02-08,15.625,15.333333333333334,12.666666666666666,15.846153846153848,11.666666666666666,15.857142857142858,77.0,69.5,65.76923076923077,2.7875,3.7,7.269230769230768,1015.75,1013.3333333333334,1017.1538461538462,14.88949383949384,1.4155632477150983,15.855461205461205,2.4209680485840708,14.962469197469197,2.4001365483291863,1.0,40.0,2.0,0.7818314824680298,0.6234898018587336,0.6350683134867438,0.7724559775191742,2016-02-09,17.76923076923077
2016-02-09,17.09090909090909,15.625,15.333333333333334,15.266666666666667,14.5625,15.625,67.18181818181819,77.0,55.86666666666667,5.9,2.7875,8.893333333333333,1017.0909090909092,1015.75,1018.2,15.067316017316017,1.6192900451552446,16.242907092907092,2.1135615797672265,15.003594738594737,2.4264212627599018,2.0,41.0,2.0,0.9749279121818236,-0.22252093395631434,0.6482618097757122,0.7614175109532997,2016-02-10,18.133333333333333
2016-02-10,17.76923076923077,17.09090909090909,15.625,13.125,17.583333333333332,15.75,67.46153846153847,67.18181818181819,66.5,5.846153846153848,5.9,7.622222222222222,1014.6923076923076,1017.0909090909092,1018.0,15.424825174825173,1.9191367227363296,16.47195929070929,2.0910843783447657,15.075069097569097,2.4764227872989664,3.0,42.0,2.0,0.43388373911755823,-0.900968867902419,0.6612634749656386,0.7501537286959042,2016-02-11,19.6875
2016-02-11,18.133333333333333,17.76923076923077,17.09090909090909,16.363636363636363,16.857142857142858,18.0,64.86666666666666,67.46153846153847,53.0,2.1,5.846153846153848,6.941666666666666,1012.7333333333332,1014.6923076923076,1017.3333333333334,16.140301365301365,1.8512154529438225,16.511245004995004,2.118556197574861,15.154513542013543,2.5363259515471834,4.0,43.0,2.0,-0.433883739117558,-0.9009688679024191,0.6740694616546161,0.7386679638813748,2016-02-12,19.2
2016-02-12,19.6875,18.133333333333333,17.76923076923077,12.666666666666666,19.5625,18.266666666666666,54.75,64.86666666666666,70.66666666666667,6.03125,2.1,2.1666666666666665,1011.25,1012.7333333333332,1016.8333333333334,16.615139027639028,2.29188553789285,16.713413372341943,2.282784846094635,15.210763542013543,2.618974409777183,5.0,44.0,2.0,-0.9749279121818236,-0.2225209339563146,0.6866759803451553,0.726963615332308,2016-02-13,17.066666666666666
2016-02-13,19.2,19.6875,18.133333333333333,15.333333333333334,20.142857142857142,15.5625,57.86666666666667,54.75,69.5,0.7466666666666666,6.03125,3.7,1012.5333333333332,1011.25,1013.3333333333334,17.54847236097236,1.6588012939121943,16.687520515199086,2.2498003121731043,15.241874653124654,2.661722338341715,6.0,45.0,2.0,-0.7818314824680299,0.6234898018587334,0.6990793005655562,0.7150441465537444,2016-02-14,17.642857142857142
2016-02-14,17.066666666666666,19.2,19.6875,15.625,17.375,13.0,62.13333333333333,57.86666666666667,77.0,5.806666666666668,0.7466666666666666,2.7875,1014.8666666666668,1012.5333333333332,1015.75,17.79609140859141,1.3787566779649716,16.467792624042623,2.0254020403957895,15.292013542013542,2.6820595304448336,0.0,46.0,2.0,0.0,1.0,0.7112757519738152,0.7029130847082615,2016-02-15,17.6
2016-02-15,17.642857142857142,17.066666666666666,19.2,17.09090909090909,15.846153846153848,13.6,61.92857142857143,62.13333333333333,67.18181818181819,8.071428571428571,5.806666666666668,5.9,1017.2142857142856,1014.8666666666668,1017.0909090909092,18.084356714713856,1.0111037278585344,16.486925277103847,2.035869141758033,15.446775446775446,2.67919480032481,1.0,47.0,2.0,0.7818314824680298,0.6234898018587336,0.7232617254437388,0.6905740195722293,2016-02-16,18.214285714285715
2016-02-16,17.6,17.642857142857142,17.066666666666666,17.76923076923077,15.266666666666667,14.0,59.53333333333333,61.92857142857143,67.46153846153847,5.94,8.071428571428571,5.846153846153848,1018.7333333333332,1017.2142857142856,1014.6923076923076,18.15708398744113,0.9438063840457566,16.612200002378575,2.0473351502651385,15.58010878010878,2.6836472971980982,2.0,48.0,2.0,0.9749279121818236,-0.22252093395631434,0.7350336741329413,0.6780306024735382,2016-02-17,18.714285714285715
2016-02-17,18.214285714285715,17.6,17.642857142857142,18.133333333333333,13.125,13.266666666666667,56.142857142857146,59.53333333333333,64.86666666666666,5.435714285714285,5.94,2.1,1020.0714285714286,1018.7333333333332,1012.7333333333332,18.220663265306122,0.9281853792978867,16.82274422006565,2.049881241438339,15.720584970584971,2.7082699606808007,3.0,49.0,2.0,0.43388373911755823,-0.900968867902419,0.746588114532413,0.6652865452111116,2016-02-18,19.466666666666665
2016-02-18,18.714285714285715,18.214285714285715,17.6,19.6875,16.363636363636363,12.357142857142858,59.285714285714285,56.142857142857146,54.75,3.7071428571428577,5.435714285714285,6.03125,1019.1428571428572,1020.0714285714286,1011.25,18.30365646258503,0.9448977104789661,17.2219789139432,1.8038282045139717,15.902172272172272,2.72066402819714,4.0,50.0,2.0,-0.433883739117558,-0.9009688679024191,0.7579216274973472,0.6523456189565257,2016-02-19,23.153846153846157
2016-02-19,19.466666666666665,18.714285714285715,18.214285714285715,19.2,12.666666666666666,12.066666666666666,76.0,59.285714285714285,57.86666666666667,5.186666666666667,3.7071428571428577,0.7466666666666666,1017.4,1019.1428571428572,1012.5333333333332,18.272108843537413,0.8932705014430753,17.44362393558822,1.8793094157793677,16.1391563991564,2.7108461099120724,5.0,51.0,2.0,-0.9749279121818236,-0.2225209339563146,0.7690308592589181,0.6392116531380588,2016-02-20,23.625
2016-02-20,23.153846153846157,19.466666666666665,18.714285714285715,17.066666666666666,15.333333333333334,12.1875,70.23076923076923,76.0,62.13333333333333,4.146153846153847,5.186666666666667,5.806666666666668,1014.6153846153846,1017.4,1014.8666666666668,18.83694400837258,2.0625509673326237,18.192708184672473,1.918432583460954,16.508729048729048,2.8865627677406445,6.0,52.0,2.0,-0.7818314824680299,0.6234898018587334,0.7799125224167177,0.6258885343075018,2016-02-21,21.0
2016-02-21,23.625,23.153846153846157,19.466666666666665,17.642857142857142,15.625,11.733333333333333,73.125,70.23076923076923,61.92857142857143,11.11875,4.146153846153847,8.071428571428571,1014.125,1014.6153846153846,1017.2142857142856,19.773848770277343,2.555117855706837,18.784970089434378,2.223440128018098,16.88997904872905,3.047004400234558,0.0,53.0,2.0,0.0,1.0,0.7905633969115482,0.612380204990065,2016-02-22,21.0
2016-02-22,21.0,23.625,23.153846153846157,17.6,17.09090909090909,14.4375,61.125,73.125,59.53333333333333,17.137500000000003,11.11875,5.94,1014.75,1014.125,1018.7333333333332,20.25344060701204,2.398750603692432,19.168898660862947,2.096246618356198,17.198867937617937,2.975078935213735,1.0,54.0,2.0,0.7818314824680298,0.6234898018587336,0.8009803309782905,0.5986906625177214,2016-02-23,21.428571428571427
2016-02-23,21.0,21.0,23.625,18.214285714285715,17.76923076923077,11.1875,51.42857142857143,61.125,56.142857142857146,15.20714285714286,17.137500000000003,5.435714285714285,1014.4285714285714,1014.75,1020.0714285714286,20.739154892726322,2.097188675869769,19.448119440083726,2.0581664834410094,17.417617937617937,3.006141131919835,2.0,55.0,2.0,0.9749279121818236,-0.22252093395631434,0.8111602420785621,0.5848239578463322,2016-02-24,21.6875
2016-02-24,21.428571428571427,21.0,21.0,18.714285714285715,18.133333333333333,11.666666666666666,50.642857142857146,51.42857142857143,59.285714285714285,9.785714285714286,15.20714285714286,3.7071428571428577,1012.5,1014.4285714285714,1019.1428571428572,21.19833856619571,1.780149119360966,19.709500915750915,2.060912411910329,17.758986985236984,2.8517813201176225,3.0,56.0,2.0,0.43388373911755823,-0.900968867902419,0.8211001178128892,0.5707841943569036,2016-02-25,22.5625
2016-02-25,21.6875,21.428571428571427,21.0,19.466666666666665,19.6875,14.5625,58.0625,50.642857142857146,76.0,2.4437500000000005,9.785714285714286,5.186666666666667,1012.9375,1012.5,1017.4,21.62308346415489,1.4035364893613362,19.963369963369964,2.0707033889856987,18.093014763014764,2.6962084181479664,4.0,57.0,2.0,-0.433883739117558,-0.9009688679024191,0.8307970168121247,0.5565755266413303,2016-02-26,22.8
2016-02-26,22.5625,21.6875,21.428571428571427,23.153846153846157,19.2,17.583333333333332,57.5,58.0625,70.23076923076923,5.3375,2.4437500000000005,4.146153846153847,1015.5,1012.9375,1014.6153846153846,22.065345368916798,1.0553584650342602,20.168727106227106,2.180870217137185,18.35968142968143,2.7303851291252346,5.0,58.0,2.0,-0.9749279121818236,-0.2225209339563146,0.8402480696078469,0.5422021592729844,2016-02-27,22.8
2016-02-27,22.8,22.5625,21.6875,23.625,17.066666666666666,16.857142857142858,55.6,57.5,73.125,2.48,5.3375,11.11875,1018.4,1015.5,1014.125,22.014795918367348,1.0016391297802014,20.425869963369966,2.268343758736739,18.53357031857032,2.843029454624073,6.0,59.0,2.0,-0.7818314824680299,0.6234898018587334,0.8494504794814806,0.527668345562516,2016-02-28,23.0
2016-02-28,22.8,22.8,22.5625,21.0,17.642857142857142,19.5625,59.0,55.6,61.125,3.333333333333334,2.48,17.137500000000003,1018.4666666666668,1018.4,1014.75,21.8969387755102,0.8109913481135338,20.835393772893774,2.1284572678840523,18.731665556665558,2.9279652780140344,0.0,60.0,2.0,0.0,1.0,0.8584015232918917,0.512978386299228,2016-02-29,23.875
2016-02-29,23.0,22.8,22.8,21.0,17.6,20.142857142857142,63.0625,59.0,51.42857142857143,3.712500000000001,3.333333333333334,15.20714285714286,1018.9375,1018.4666666666668,1014.4285714285714,22.18265306122449,0.7944660813842839,21.21804683411826,1.9872206587692198,18.84624888999889,3.0271811871089818,1.0,61.0,3.0,0.7818314824680298,0.6234898018587336,0.8670985522812081,0.4981366284784055,2016-03-01,24.916666666666668
2016-03-01,23.875,23.0,22.8,21.428571428571427,18.214285714285715,17.375,63.9375,63.0625,50.642857142857146,3.712500000000001,3.712500000000001,9.785714285714286,1018.625,1018.9375,1012.5,22.593367346938773,0.8237742867791653,21.666261119832548,1.8079778311963868,18.970653651903653,3.1562406745204954,2.0,62.0,3.0,0.9749279121818236,-0.22252093395631434,0.8755389928586302,0.4831474640149687,2016-03-02,24.933333333333334
2016-03-02,24.916666666666668,23.875,23.0,21.6875,18.714285714285715,15.846153846153848,57.41666666666666,63.9375,58.0625,1.7,3.712500000000001,2.4437500000000005,1015.0,1018.625,1012.9375,23.09166666666667,1.0307342986648678,22.14500261643119,1.7082263411941052,19.22204254079254,3.3208166302501105,3.0,63.0,3.0,0.43388373911755823,-0.900968867902419,0.8837203473619977,0.4680153284438345,2016-03-03,26.0
2016-03-03,24.933333333333334,24.916666666666668,23.875,22.5625,19.466666666666665,15.266666666666667,57.06666666666667,57.41666666666666,57.5,1.7333333333333334,1.7,5.3375,1015.4,1015.0,1015.5,23.55535714285714,1.0238383047817288,22.589220303506018,1.548618312232274,19.524948523698527,3.415363496909281,4.0,64.0,3.0,-0.433883739117558,-0.9009688679024191,0.8916401947968874,0.45274469960737107,2016-03-04,27.3125
2016-03-04,26.0,24.933333333333334,24.916666666666668,22.8,23.153846153846157,13.125,55.61538461538461,57.06666666666667,55.6,4.292307692307692,1.7333333333333334,2.48,1014.6153846153846,1015.4,1018.4,24.04642857142857,1.264378938660712,23.055886970172683,1.5193883089773992,19.8827263014763,3.5146477027713017,5.0,65.0,3.0,-0.9749279121818236,-0.2225209339563146,0.8992961915530253,0.4373400963303323,2016-03-05,23.933333333333334
2016-03-05,27.3125,26.0,24.933333333333334,22.8,23.625,16.363636363636363,44.25,55.61538461538461,59.0,6.14375,4.292307692307692,3.333333333333334,1012.6875,1014.6153846153846,1018.4666666666668,24.691071428571426,1.6225808712856529,23.352933673469387,1.8990863168259402,20.355642968142966,3.5284795641326516,6.0,66.0,3.0,-0.7818314824680299,0.6234898018587334,0.9066860720977985,0.4218060770826634,2016-03-06,22.8125
2016-03-06,23.933333333333334,27.3125,26.0,23.0,21.0,12.666666666666666,57.13333333333333,44.25,63.0625,11.0,6.14375,3.712500000000001,1012.6666666666666,1012.6875,1018.9375,24.85297619047619,1.4497779090086202,23.3749574829932,1.9042650087946689,20.607966200466198,3.5037350229099213,0.0,67.0,3.0,0.0,1.0,0.9138076496466615,0.4061472386305789,2016-03-07,23.714285714285715
2016-03-07,22.8125,23.933333333333334,27.3125,23.875,21.0,15.333333333333334,66.5625,57.13333333333333,63.9375,5.21875,11.0,3.712500000000001,1013.0625,1012.6666666666666,1018.625,24.826190476190476,1.4908686457172347,23.504421768707484,1.788471828655997,20.946160644910645,3.1860313694819786,1.0,68.0,3.0,0.7818314824680298,0.6234898018587336,0.9206588168102428,0.3903682146763026,2016-03-08,23.428571428571427
2016-03-08,23.714285714285715,22.8125,23.933333333333334,24.916666666666668,21.428571428571427,15.625,64.14285714285714,66.5625,57.41666666666666,5.171428571428572,5.21875,1.7,1012.3571428571428,1013.0625,1015.0,24.803231292517008,1.5090844311172478,23.69829931972789,1.6367858907409494,21.225525724275727,3.0410434987388286,2.0,69.0,3.0,0.9749279121818236,-0.22252093395631434,0.9272375462179537,0.374473674486883,2016-03-09,24.0
2016-03-09,23.428571428571427,23.714285714285715,22.8125,24.933333333333334,21.6875,17.09090909090909,60.21428571428572,64.14285714285714,57.06666666666667,6.742857142857142,5.171428571428572,1.7333333333333334,1011.6428571428572,1012.3571428571428,1015.4,24.590646258503398,1.5929265677818334,23.84115646258503,1.5054582442497109,21.485644771894773,2.8746699102520346,3.0,70.0,3.0,0.43388373911755823,-0.900968867902419,0.9335418911179212,0.35846832151248087,2016-03-10,25.5625
2016-03-10,24.0,23.428571428571427,23.714285714285715,26.0,22.5625,17.76923076923077,57.5625,60.21428571428572,55.61538461538461,9.375,6.742857142857142,4.292307692307692,1012.0625,1011.6428571428572,1014.6153846153846,24.457312925170065,1.5985136027497238,24.006335034013603,1.3719239295868257,21.715947802197807,2.785833507592411,4.0,71.0,3.0,-0.433883739117558,-0.9009688679024191,0.9395699859530622,0.342356891994542,2016-03-11,25.066666666666663
2016-03-11,25.5625,24.0,23.428571428571427,27.3125,22.8,18.133333333333333,57.4375,57.5625,44.25,7.981249999999999,9.375,6.14375,1013.1875,1012.0625,1012.6875,24.394812925170065,1.535452470694943,24.220620748299318,1.3633220496699086,21.97572344322344,2.768418374493177,5.0,72.0,3.0,-0.9749279121818236,-0.2225209339563146,0.945320046913132,0.3261441535642696,2016-03-12,24.5625
2016-03-12,25.066666666666663,25.5625,24.0,23.933333333333334,22.8,19.6875,67.8,57.4375,57.13333333333333,6.546666666666667,7.981249999999999,11.0,1012.5333333333332,1013.1875,1012.6666666666666,24.07397959183673,0.9454837498575481,24.38252551020408,1.315384044622412,22.206834554334552,2.725661365324847,6.0,73.0,3.0,-0.7818314824680299,0.6234898018587334,0.9507903724625832,0.3098349038318025,2016-03-13,24.25
2016-03-13,24.5625,25.066666666666663,25.5625,22.8125,23.0,19.2,66.9375,67.8,66.5625,9.4875,6.546666666666667,5.21875,1009.5625,1012.5333333333332,1013.0625,24.16386054421769,0.9596837888442544,24.508418367346938,1.234104317646246,22.369334554334554,2.715584601248172,0.0,74.0,3.0,0.0,1.0,0.9559793438440766,0.2934339689665273,2016-03-14,22.375
2016-03-14,24.25,24.5625,25.066666666666663,23.714285714285715,23.875,17.066666666666666,65.1875,66.9375,64.14285714285714,6.84375,9.4875,5.171428571428572,1011.1875,1009.5625,1012.3571428571428,24.369217687074833,0.7541000861888038,24.597704081632653,1.159543080023867,22.53766788766789,2.6684602930854573,1.0,75.0,3.0,0.7818314824680298,0.6234898018587336,0.9608854255574977,0.27694620226893646,2016-03-15,24.066666666666663
2016-03-15,22.375,24.25,24.5625,23.428571428571427,24.916666666666668,17.642857142857142,66.0,65.1875,60.21428571428572,6.275,6.84375,6.742857142857142,1014.3125,1011.1875,1011.6428571428572,24.177891156462586,1.0570185306785942,24.490561224489795,1.2930708817144,22.71461233211233,2.461111720525472,2.0,76.0,3.0,0.9749279121818236,-0.22252093395631434,0.9655071658143364,0.2603764827344581,2016-03-16,23.9375
2016-03-16,24.066666666666663,22.375,24.25,24.0,24.933333333333334,17.6,58.93333333333333,66.0,57.5625,8.646666666666667,6.275,9.375,1014.8666666666668,1014.3125,1012.0625,24.26904761904762,1.0080057351865581,24.42984693877551,1.2914789843798224,22.928739316239316,2.277210145757146,3.0,77.0,3.0,0.43388373911755823,-0.900968867902419,0.969843196967294,0.24372971360968387,2016-03-17,26.3125
2016-03-17,23.9375,24.066666666666663,22.375,25.5625,26.0,18.214285714285715,53.75,58.93333333333333,57.4375,10.88125,8.646666666666667,7.981249999999999,1012.8125,1014.8666666666668,1013.1875,24.260119047619046,1.0110582360148392,24.35871598639456,1.2890367887999379,23.13998931623932,2.048281314292435,4.0,78.0,3.0,-0.433883739117558,-0.9009688679024191,0.9738922359149924,0.22701082094141847,2016-03-18,26.1875
2016-03-18,26.3125,23.9375,24.066666666666663,25.066666666666663,27.3125,18.714285714285715,50.3125,53.75,67.8,6.84375,10.88125,6.546666666666667,1010.4375,1012.8125,1012.5333333333332,24.367261904761904,1.195069511604165,24.381037414965988,1.3219300944368135,23.409929792429793,1.905386793709249,5.0,79.0,3.0,-0.9749279121818236,-0.2225209339563146,0.9776530844816641,0.2102247521189836,2016-03-19,26.785714285714285
2016-03-19,26.1875,26.3125,23.9375,24.5625,23.933333333333334,19.466666666666665,61.25,50.3125,66.9375,6.7125,6.84375,9.4875,1009.8125,1010.4375,1009.5625,24.527380952380952,1.367100323184247,24.300680272108846,1.1534870766329313,23.65903693528693,1.7527186573838942,6.0,80.0,3.0,-0.7818314824680299,0.6234898018587334,0.981124629771712,0.19337647441020586,2016-03-20,27.133333333333333
2016-03-20,26.785714285714285,26.1875,26.3125,24.25,22.8125,23.153846153846157,61.85714285714285,61.25,65.1875,3.578571428571429,6.7125,6.84375,1009.2142857142856,1009.8125,1011.1875,24.844982993197277,1.6127883961494924,24.504421768707484,1.323056588670298,23.903005189255186,1.6557442912525007,0.0,81.0,3.0,0.0,1.0,0.984305844499033,0.17647097349152166,2016-03-21,26.625
2016-03-21,27.133333333333333,26.785714285714285,26.1875,22.375,23.714285714285715,23.625,58.73333333333333,61.85714285714285,66.0,2.8466666666666667,3.578571428571429,6.275,1010.3333333333334,1009.2142857142856,1014.3125,25.25688775510204,1.793571959869223,24.813052721088436,1.3997597984918808,24.035654761904762,1.7503604453113675,1.0,82.0,3.0,0.7818314824680298,0.6234898018587336,0.9871957872910085,0.15951325197263655,2016-03-22,25.0625
2016-03-22,26.625,27.133333333333333,26.785714285714285,24.066666666666663,23.428571428571427,21.0,43.375,58.73333333333333,58.93333333333333,12.2625,2.8466666666666667,8.646666666666667,1011.125,1010.3333333333334,1014.8666666666668,25.864030612244896,1.3094209400946553,25.02096088435374,1.4396035822017836,24.135654761904764,1.8107453256389845,2.0,83.0,3.0,0.9749279121818236,-0.22252093395631434,0.9897936029670716,0.14250832791617088,2016-03-23,26.2
2016-03-23,25.0625,26.625,27.133333333333333,23.9375,24.0,21.0,37.875,43.375,53.75,22.1,12.2625,10.88125,1009.375,1011.125,1012.8125,26.006292517006802,1.122331220631558,25.137670068027212,1.3648693093264597,24.271071428571428,1.717674264577568,3.0,84.0,3.0,0.43388373911755823,-0.900968867902419,0.992098522791769,0.12546123335273648,2016-03-24,28.133333333333333
2016-03-24,26.2,25.0625,26.625,26.3125,25.5625,21.428571428571427,43.266666666666666,37.875,50.3125,10.641666666666667,22.1,6.84375,1010.0,1009.375,1010.4375,26.329506802721085,0.6562662063956409,25.29481292517007,1.3503795598902795,24.444404761904764,1.6366625555989947,4.0,85.0,3.0,-0.433883739117558,-0.9009688679024191,0.9941098647022418,0.10837701279187609,2016-03-25,29.875
2016-03-25,28.133333333333333,26.2,25.0625,26.1875,25.066666666666663,21.6875,46.86666666666667,43.266666666666666,61.25,3.2133333333333334,10.641666666666667,6.7125,1013.3333333333334,1010.0,1009.8125,26.589625850340134,0.9455139246818504,25.47844387755102,1.5496719650180828,24.667896825396827,1.668116298180794,5.0,86.0,3.0,-0.9749279121818236,-0.2225209339563146,0.9958270335100595,0.09126072172931188,2016-03-26,24.666666666666668
2016-03-26,29.875,28.133333333333333,26.2,26.785714285714285,24.5625,22.5625,50.1875,46.86666666666667,61.85714285714285,3.3687500000000004,3.2133333333333334,3.578571428571429,1013.1875,1013.3333333333334,1009.2142857142856,27.116411564625853,1.530437588453954,25.821896258503404,1.9360545391994772,24.940813492063494,1.8259848600916173,6.0,87.0,3.0,-0.7818314824680299,0.6234898018587334,0.9972495210773451,0.07411742515094437,2016-03-27,26.25
2016-03-27,24.666666666666668,29.875,28.133333333333333,27.133333333333333,24.25,22.8,62.66666666666666,50.1875,58.73333333333333,9.393333333333334,3.3687500000000004,2.8466666666666667,1013.6,1013.1875,1010.3333333333334,26.813690476190477,1.7936854167713658,25.82933673469388,1.9310358867743151,25.010952380952382,1.7710662877500494,0.0,88.0,3.0,0.0,1.0,0.998376906467142,0.056952196034039754,2016-03-28,25.933333333333334
2016-03-28,26.25,24.666666666666668,29.875,26.625,22.375,22.8,53.6875,62.66666666666666,43.375,9.156249999999996,9.393333333333334,12.2625,1012.8125,1013.6,1011.125,26.6875,1.798515655982583,25.972193877551017,1.8784738798299494,25.125952380952377,1.734177501991258,1.0,89.0,3.0,0.7818314824680298,0.6234898018587336,0.9992088560679753,0.03977011384605572,2016-03-29,27.125
2016-03-29,25.933333333333334,26.25,24.666666666666668,25.0625,24.066666666666663,23.0,52.8,53.6875,37.875,6.546666666666667,9.156249999999996,22.1,7679.333333333333,1012.8125,1009.375,26.588690476190475,1.8213762766119852,26.226360544217687,1.5696626328028553,25.230396825396827,1.6828580667149238,2.0,90.0,3.0,0.9749279121818236,-0.22252093395631434,0.9997451236925734,0.022576263041545485,2016-03-30,29.571428571428573
2016-03-30,27.125,25.933333333333334,26.25,26.2,23.9375,23.875,47.75,52.8,43.266666666666666,7.293749999999999,6.546666666666667,10.641666666666667,1011.3125,7679.333333333333,1010.0,26.883333333333333,1.6958350395840762,26.444812925170066,1.4545711812969229,25.367896825396826,1.6627354964033794,3.0,91.0,3.0,0.43388373911755823,-0.900968867902419,0.9999855506507186,0.005375731557583884,2016-03-31,30.0
2016-03-31,29.571428571428573,27.125,25.933333333333334,28.133333333333333,26.3125,24.916666666666668,39.785714285714285,47.75,46.86666666666667,7.021428571428571,7.293749999999999,3.2133333333333334,1011.1428571428572,1011.3125,1013.3333333333334,27.36496598639456,1.931763458865543,26.84723639455782,1.4865289303940765,25.55777777777778,1.805501988895844,4.0,92.0,4.0,-0.433883739117558,-0.9009688679024191,0.9999300657962057,-0.011826390691832589,2016-04-01,30.571428571428573
2016-04-01,30.0,29.571428571428573,27.125,29.875,26.1875,24.933333333333334,39.73333333333333,39.785714285714285,50.1875,4.333333333333333,7.021428571428571,3.3687500000000004,1009.2,1011.1428571428572,1013.1875,27.631632653061224,2.169696540274971,27.11062925170068,1.6963694620050649,25.727222222222224,1.9739358350637988,5.0,93.0,4.0,-0.9749279121818236,-0.2225209339563146,0.9995786855478958,-0.029025013321975237,2016-04-02,32.3125
2016-04-02,30.571428571428573,30.0,29.571428571428573,24.666666666666668,26.785714285714285,26.0,38.21428571428572,39.73333333333333,62.66666666666666,12.035714285714285,4.333333333333333,9.393333333333334,1006.7142857142856,1009.2,1013.6,27.73112244897959,2.3016629464071596,27.423767006802716,1.904688392358406,25.91515873015873,2.1557679598347397,6.0,94.0,4.0,-0.7818314824680299,0.6234898018587334,0.9989315138848577,-0.046215046983708354,2016-04-03,33.3125
2016-04-03,32.3125,30.571428571428573,30.0,26.25,27.133333333333333,27.3125,38.5625,38.21428571428572,53.6875,5.4625,12.035714285714285,9.156249999999996,1008.0,1006.7142857142856,1012.8125,28.823384353741496,2.4163606400351325,27.818537414965984,2.295022706229751,26.125575396825397,2.4520452510046873,0.0,95.0,4.0,0.0,1.0,0.9979887423155984,-0.06339140486951038,2016-04-04,32.8125
2016-04-04,33.3125,32.3125,30.571428571428573,25.933333333333334,26.625,23.933333333333334,44.25,38.5625,52.8,2.55,5.4625,6.546666666666667,1008.375,1008.0,7679.333333333333,29.83231292517007,2.6279613985607746,28.259906462585032,2.7098042397781343,26.325575396825396,2.7755480770617895,1.0,96.0,4.0,0.7818314824680298,0.6234898018587336,0.9967506498213929,-0.08054900421874167,2016-04-05,32.3125
2016-04-05,32.8125,33.3125,32.3125,27.125,25.0625,22.8125,33.125,44.25,47.75,8.0,2.55,7.293749999999999,1006.6875,1008.375,1011.3125,30.815051020408163,2.1739419139185716,28.701870748299317,2.919141628189937,26.62154761904762,2.9777087276877032,2.0,97.0,4.0,0.9749279121818236,-0.22252093395631434,0.9952176027737294,-0.09768276782171598,2016-04-06,31.375
2016-04-06,32.3125,32.8125,33.3125,29.571428571428573,26.2,23.714285714285715,29.3125,33.125,39.785714285714285,9.26875,8.0,7.021428571428571,1007.0,1006.6875,1011.1428571428572,31.55612244897959,1.4797358744104014,29.21972789115646,2.8664532071554754,26.938214285714288,3.062596884582853,3.0,98.0,4.0,0.43388373911755823,-0.900968867902419,0.9933900548258936,-0.11478762552212701,2016-04-07,29.933333333333334
2016-04-07,31.375,32.3125,32.8125,30.0,28.133333333333333,23.428571428571427,33.125,29.3125,39.73333333333333,3.475,9.26875,4.333333333333333,1006.875,1007.0,1009.2,31.813775510204078,1.2087741312537887,29.58937074829932,2.7794401953710017,27.193571428571428,3.103616492121085,4.0,99.0,4.0,-0.433883739117558,-0.9009688679024191,0.9912685467787256,-0.13185851571739118,2016-04-08,29.266666666666666
2016-04-08,29.933333333333334,31.375,32.3125,30.571428571428573,29.875,24.0,37.0,33.125,38.21428571428572,10.85,3.475,12.035714285714285,1007.2666666666668,1006.875,1006.7142857142856,31.804251700680272,1.225592078740823,29.717942176870746,2.7483642426005113,27.410396825396823,3.058404459441085,5.0,100.0,4.0,-0.9749279121818236,-0.2225209339563146,0.9888537064205885,-0.1488903868564548,2016-04-09,30.73333333333333
2016-04-09,29.266666666666666,29.933333333333334,31.375,32.3125,24.666666666666668,25.5625,36.0,37.0,38.5625,4.686666666666667,10.85,5.4625,1009.2,1007.2666666666668,1008.0,31.61785714285714,1.51044916494856,29.674489795918365,2.750498234930478,27.58595238095238,3.0066113122909637,6.0,101.0,4.0,-0.7818314824680299,0.6234898018587334,0.986146248341595,-0.16587819893463143,2016-04-10,32.25
2016-04-10,30.73333333333333,29.266666666666666,29.933333333333334,33.3125,26.25,25.066666666666663,32.46666666666667,36.0,44.25,12.61875,4.686666666666667,2.55,1009.3125,1009.2,1008.375,31.392261904761906,1.5073343618144244,30.1078231292517,2.349502325020425,27.758313492063493,3.0346961028072355,0.0,102.0,4.0,0.0,1.0,0.9831469737221499,-0.1828169249850199,2016-04-11,29.8
2016-04-11,32.25,30.73333333333333,29.266666666666666,32.8125,25.933333333333334,24.5625,29.0,32.46666666666667,33.125,5.225,12.61875,8.0,1008.8125,1009.3125,1006.6875,31.24047619047619,1.3241015347541292,30.536394557823126,2.128502347374881,27.997757936507934,3.097731697655121,1.0,103.0,4.0,0.7818314824680298,0.6234898018587336,0.9798567700958665,-0.1997015525660636,2016-04-12,30.2
2016-04-12,29.8,32.25,30.73333333333333,32.3125,27.125,24.25,35.0,29.0,29.3125,16.04,5.225,9.26875,1009.4,1008.8125,1007.0,30.810119047619047,1.2128981236959757,30.812585034013605,1.6912207006183213,28.172341269841272,3.0445825692350543,2.0,104.0,4.0,0.9749279121818236,-0.22252093395631434,0.9762766110869321,-0.21652708524481437,2016-04-13,31.75
2016-04-13,30.2,29.8,32.25,31.375,29.571428571428573,22.375,36.2,35.0,33.125,19.380000000000003,16.04,3.475,1006.3333333333334,1009.4,1006.875,30.508333333333333,1.0250451661230344,31.03222789115646,1.338326515630091,28.370674603174603,2.9732228140716273,3.0,105.0,4.0,0.43388373911755823,-0.900968867902419,0.9724075561219968,-0.23328854407545518,2016-04-14,33.125
2016-04-14,31.75,30.2,29.8,29.933333333333334,30.0,24.066666666666663,28.0625,36.2,37.0,18.64375,19.380000000000003,10.85,1003.3125,1006.3333333333334,1007.2666666666668,30.561904761904763,1.0858822273339865,31.187840136054422,1.2808285169778422,28.683174603174603,2.8094888592168337,4.0,106.0,4.0,-0.433883739117558,-0.9009688679024191,0.9682507501166718,-0.2499809690726521,2016-04-15,33.625
2016-04-15,33.125,31.75,30.2,29.266666666666666,30.571428571428573,23.9375,23.875,28.0625,36.0,10.425,18.64375,4.686666666666667,1003.8125,1003.3125,1009.2,31.017857142857142,1.402019282600165,31.411054421768707,1.3292815143050536,28.985119047619044,2.7828672620900172,5.0,107.0,4.0,-0.9749279121818236,-0.2225209339563146,0.9638074231367307,-0.26659942067929354,2016-04-16,35.6875
2016-04-16,33.625,33.125,31.75,30.73333333333333,32.3125,26.3125,25.375,23.875,32.46666666666667,9.8375,10.425,12.61875,1004.625,1003.8125,1009.3125,31.640476190476193,1.461214840303584,31.629166666666666,1.4277853644750715,29.30803571428571,2.7386627604450604,6.0,108.0,4.0,-0.7818314824680299,0.6234898018587334,0.9590788900341131,-0.28313898122818354,2016-04-17,34.666666666666664
2016-04-17,35.6875,33.625,33.125,32.25,33.3125,26.1875,23.6875,25.375,29.0,11.1125,9.8375,5.225,1003.0625,1004.625,1008.8125,32.348214285714285,2.0355234350804055,31.870238095238097,1.7908084237978996,29.62053571428571,2.9143082257476514,0.0,109.0,4.0,0.0,1.0,0.9540665500578387,-0.2995947563972602,2016-04-18,34.625
2016-04-18,34.666666666666664,35.6875,33.625,29.8,32.8125,26.785714285714285,23.866666666666667,23.6875,35.0,9.386666666666663,11.1125,16.04,1002.6666666666666,1003.0625,1009.4,32.69345238095238,2.213269976323465,31.966964285714287,1.907471998179992,29.9031746031746,2.9803016610380517,1.0,110.0,4.0,0.7818314824680298,0.6234898018587336,0.9487718864399473,-0.31596187665790293,2016-04-19,34.0
2016-04-19,34.625,34.666666666666664,35.6875,30.2,32.3125,27.133333333333333,30.125,23.866666666666667,36.2,7.175,9.386666666666663,19.380000000000003,1004.6875,1002.6666666666666,1006.3333333333334,33.382738095238096,1.889637967131548,32.096428571428575,2.0270367099700164,30.164484126984128,3.0406007684675527,2.0,111.0,4.0,0.9749279121818236,-0.22252093395631434,0.9431964659565866,-0.33223549871590435,2016-04-20,34.0625
2016-04-20,34.0,34.625,34.666666666666664,31.75,31.375,26.625,33.6,30.125,28.0625,4.566666666666666,7.175,18.64375,1005.8666666666668,1004.6875,1003.3125,33.925595238095234,1.2657490018617252,32.21696428571429,2.0900663406830415,30.393373015873017,3.0629259233027653,3.0,112.0,4.0,0.43388373911755823,-0.900968867902419,0.9373419384643772,-0.3484108069446808,2016-04-21,34.0
2016-04-21,34.0625,34.0,34.625,33.125,29.933333333333334,25.0625,25.9375,33.6,23.875,14.01875,4.566666666666666,10.425,1006.4375,1005.8666666666668,1003.8125,34.25595238095238,0.8300904162836882,32.408928571428575,2.129826630834603,30.641289682539686,3.048356926382606,4.0,113.0,4.0,-0.433883739117558,-0.9009688679024191,0.9312100364121947,-0.3644830148102912,2016-04-22,33.25
2016-04-22,34.0,34.0625,34.0,33.625,29.266666666666666,26.2,24.666666666666668,25.9375,25.375,15.75,14.01875,9.8375,1003.4,1006.4375,1004.625,34.38095238095238,0.6845173395137043,32.699404761904766,2.0417143225358987,30.93920634920635,2.9182973840709816,5.0,114.0,4.0,-0.9749279121818236,-0.2225209339563146,0.9248025743285089,-0.38044736628785164,2016-04-23,31.916666666666668
2016-04-23,33.25,34.0,34.0625,35.6875,30.73333333333333,28.133333333333333,24.25,24.666666666666668,23.6875,8.35,15.75,11.1125,1001.7272727272727,1003.4,1003.0625,34.32738095238095,0.7636408327402696,32.98392857142857,1.7883786594424371,31.17420634920635,2.8051693016126,6.0,115.0,4.0,-0.7818314824680299,0.6234898018587334,0.9181214482844364,-0.39629913726891813,2016-04-24,31.3125
2016-04-24,31.916666666666668,33.25,34.0,34.666666666666664,32.25,29.875,21.818181818181817,24.25,23.866666666666667,19.65384615384616,8.35,9.386666666666663,1001.8461538461538,1001.7272727272727,1002.6666666666666,33.788690476190474,0.9512440510766192,33.06845238095238,1.6995865151104352,31.30031746031746,2.7482125085009455,0.0,116.0,4.0,0.0,1.0,0.9111686353326631,-0.41203363695942635,2016-04-25,31.75
2016-04-25,31.3125,31.916666666666668,33.25,34.625,29.8,24.666666666666668,22.125,21.818181818181817,30.125,10.1875,19.65384615384616,7.175,1003.0625,1001.8461538461538,1004.6875,33.30952380952381,1.2371111301788313,33.001488095238095,1.7519758436365158,31.348234126984128,2.7350044197644734,1.0,117.0,4.0,0.7818314824680298,0.6234898018587336,0.9039461929224011,-0.42764620926777464,2016-04-26,33.4375
2016-04-26,31.75,31.3125,31.916666666666668,34.0,30.2,26.25,22.8125,22.125,33.6,6.949999999999999,10.1875,4.566666666666666,1005.5625,1003.0625,1005.8666666666668,32.898809523809526,1.204401443581509,33.14077380952381,1.5429128526821014,31.58434523809524,2.426668245899483,2.0,118.0,4.0,0.9749279121818236,-0.22252093395631434,0.8964562582905575,-0.44313223418263453,2016-04-27,33.125
2016-04-27,33.4375,31.75,31.3125,34.0625,31.75,25.933333333333334,25.1875,22.8125,25.9375,3.83125,6.949999999999999,14.01875,1007.1875,1005.5625,1006.4375,32.81845238095239,1.1354781001290375,33.37202380952381,1.2901629259356495,31.82392857142857,2.228574484361742,3.0,119.0,4.0,0.43388373911755823,-0.900968867902419,0.8887010478292915,-0.45848712914008766,2016-04-28,34.15384615384615
2016-04-28,33.125,33.4375,31.75,34.0,33.125,27.125,29.0625,25.1875,24.666666666666668,4.981249999999999,3.83125,15.75,1005.6875,1007.1875,1003.4,32.68452380952381,1.012967753995432,33.470238095238095,1.2068324643754718,32.063650793650794,1.9413775328488527,4.0,120.0,4.0,-0.433883739117558,-0.9009688679024191,0.8806828564301475,-0.47370635037968,2016-04-29,34.07142857142857
2016-04-29,34.15384615384615,33.125,33.4375,33.25,33.625,29.571428571428573,21.76923076923077,29.0625,24.25,11.823076923076922,4.981249999999999,8.35,1004.6923076923076,1005.6875,1001.7272727272727,32.70650183150183,1.0473515275423684,33.54372710622711,1.2154866550228371,32.29794566544567,1.7383233836692982,5.0,121.0,4.0,-0.9749279121818236,-0.2225209339563146,0.8724040568049612,-0.48878539428899265,2016-04-30,33.0625
2016-04-30,34.07142857142857,34.15384615384615,33.125,31.916666666666668,35.6875,30.0,23.285714285714285,21.76923076923077,21.818181818181817,9.123076923076924,11.823076923076922,19.65384615384616,1005.7142857142856,1004.6923076923076,1001.8461538461538,32.823848770277344,1.1585129801746072,33.57561486132915,1.2236115981030287,32.447945665445665,1.6883742798200632,6.0,122.0,5.0,-0.7818314824680299,0.6234898018587334,0.8638670987837349,-0.503719798736334,2016-05-01,34.6875
2016-05-01,33.0625,34.07142857142857,34.15384615384615,31.3125,34.666666666666664,30.571428571428573,25.5625,23.285714285714285,22.125,5.2125,9.123076923076924,10.1875,1004.8125,1005.7142857142856,1003.0625,32.98753924646782,1.0877596998546082,33.38811486132915,1.0660844958984919,32.550028998779,1.6267190630730433,0.0,123.0,5.0,0.0,1.0,0.8550745085896932,-0.518505144391157,2016-05-02,38.0
2016-05-02,34.6875,33.0625,34.07142857142857,31.75,34.625,32.3125,23.375,25.5625,22.8125,8.575,5.2125,6.949999999999999,1002.4375,1004.8125,1005.5625,33.46968210361068,0.9623066845910667,33.38960295656724,1.0680192305535863,32.68723137973138,1.6276640785406067,1.0,124.0,5.0,0.7818314824680298,0.6234898018587336,0.8460288880917339,-0.533137056031809,2016-05-03,35.5
2016-05-03,38.0,34.6875,33.0625,33.4375,34.0,33.3125,18.466666666666665,23.375,25.1875,9.513333333333334,8.575,3.83125,1002.2,1002.4375,1007.1875,34.36253924646782,1.7098889580545649,33.63067438513867,1.6111292019660906,32.87681471306471,1.8922368793700477,2.0,125.0,5.0,0.9749279121818236,-0.22252093395631434,0.8367329140344921,-0.5476112038402312,2016-05-04,33.714285714285715
2016-05-04,35.5,38.0,34.6875,33.125,34.0625,32.8125,30.375,18.466666666666665,29.0625,6.49375,9.513333333333334,4.981249999999999,1004.3125,1002.2,1005.6875,34.65718210361068,1.7016041430918818,33.73781724228153,1.6857285010306724,32.94973137973138,1.9508444324923329,3.0,126.0,5.0,0.43388373911755823,-0.900968867902419,0.8271893372462497,-0.5619233046832195,2016-05-05,30.6
2016-05-05,33.714285714285715,35.5,38.0,34.15384615384615,34.0,32.3125,31.857142857142858,30.375,21.76923076923077,10.464285714285715,6.49375,11.823076923076922,1003.7857142857144,1004.3125,1004.6923076923076,34.74136577708007,1.6260690496280887,33.712944793301936,1.683136299317146,32.9797909035409,1.9555987673199589,4.0,127.0,5.0,-0.433883739117558,-0.9009688679024191,0.8174009818249189,-0.5760691233798758,2016-05-06,31.4375
2016-05-06,30.6,33.714285714285715,35.5,34.07142857142857,33.25,31.375,42.0,31.857142857142858,23.285714285714285,11.246666666666666,10.464285714285715,9.123076923076924,1007.4666666666668,1003.7857142857144,1005.7142857142856,34.23367346938776,2.2681150089081203,33.470087650444796,1.8731017413692266,32.92270757020757,2.000232762402407,5.0,128.0,5.0,-0.9749279121818236,-0.2225209339563146,0.8073707443023492,-0.5900444739548627,2016-05-07,33.3125
2016-05-07,31.4375,30.6,33.714285714285715,33.0625,31.916666666666668,29.933333333333334,37.4375,42.0,25.5625,8.225,11.246666666666666,5.2125,1007.0,1007.4666666666668,1004.8125,33.85739795918367,2.5055689310262577,33.34062336473051,1.9505216600215234,32.9247909035409,1.9985970476315225,6.0,129.0,5.0,-0.7818314824680299,0.6234898018587334,0.7971015927871943,-0.6038452208771035,2016-05-08,35.13333333333333
2016-05-08,33.3125,31.4375,30.6,34.6875,31.3125,29.266666666666666,37.1875,37.4375,23.375,4.65,8.225,8.575,1005.5625,1007.0,1002.4375,33.89311224489796,2.4941055998000556,33.44032574568289,1.9073324513512344,33.03742979242979,1.917776990519936,0.0,130.0,5.0,0.0,1.0,0.7865965660866021,-0.6174672802835514,2016-05-09,33.53333333333333
2016-05-09,35.13333333333333,33.3125,31.4375,38.0,31.75,30.73333333333333,36.333333333333336,37.1875,18.466666666666665,7.293333333333332,4.65,9.513333333333334,1005.9333333333332,1005.5625,1002.2,33.95680272108844,2.523294062766835,33.71324241234956,1.8520006901132005,33.23298534798535,1.8164486649405214,1.0,131.0,5.0,0.7818314824680298,0.6234898018587336,0.7758587728069828,-0.6309066211876704,2016-05-10,34.0
2016-05-10,33.53333333333333,35.13333333333333,33.3125,35.5,33.4375,32.25,40.6,36.333333333333336,30.375,18.425,7.293333333333332,6.49375,1006.0625,1005.9333333333332,1004.3125,33.3187074829932,1.7880995926390237,33.84062336473051,1.7659094200785688,33.32631868131868,1.7544593646415803,2.0,132.0,5.0,0.9749279121818236,-0.22252093395631434,0.7648913904341225,-0.6441592666722685,2016-05-11,32.5
2016-05-11,34.0,33.53333333333333,35.13333333333333,33.714285714285715,33.125,29.8,39.75,40.6,31.857142857142858,10.55625,18.425,10.464285714285715,1006.5625,1006.0625,1003.7857142857144,33.10442176870748,1.55823055615047,33.880801936159074,1.7624275447679596,33.38465201465201,1.7465138032686427,3.0,133.0,5.0,0.43388373911755823,-0.900968867902419,0.753697664392914,-0.6572212950663319,2016-05-12,35.375
2016-05-12,32.5,34.0,33.53333333333333,30.6,34.15384615384615,30.2,49.9375,39.75,42.0,7.774999999999999,10.55625,11.246666666666666,1006.0625,1006.5625,1007.4666666666668,32.93095238095238,1.5465685155466107,33.83615907901622,1.790733341221779,33.474652014652015,1.620439304059758,4.0,134.0,5.0,-0.433883739117558,-0.9009688679024191,0.742280907086982,-0.6700888411055113,2016-05-13,37.294117647058826
2016-05-13,35.375,32.5,34.0,31.4375,34.07142857142857,31.75,40.0,49.9375,37.4375,5.1,7.774999999999999,8.225,1002.25,1006.0625,1007.0,33.613095238095234,1.3924823552878598,33.9233843537415,1.8365525294502387,33.647152014652015,1.532905419788152,5.0,135.0,5.0,-0.9749279121818236,-0.2225209339563146,0.7306444969184916,-0.6827580970759147,2016-05-14,36.5625
2016-05-14,37.294117647058826,35.375,32.5,33.3125,33.0625,33.125,28.11764705882353,40.0,37.1875,8.07058823529412,5.1,4.65,1001.3529411764706,1002.25,1005.5625,34.44975490196078,1.6099046680896256,34.15357643057223,2.046500124369552,33.831955936220645,1.6275724426793277,6.0,136.0,5.0,-0.7818314824680299,0.6234898018587334,0.7187918772884232,-0.6952253139408722,2016-05-15,37.25
2016-05-15,36.5625,37.294117647058826,35.375,35.13333333333333,34.6875,33.625,31.875,28.11764705882353,36.333333333333336,4.16875,8.07058823529412,7.293333333333332,1003.125,1001.3529411764706,1005.9333333333332,34.914040616246496,1.693722370394427,34.40357643057223,2.115575587318871,33.94653926955398,1.6956635727750955,0.0,137.0,5.0,0.0,1.0,0.7067265555776158,-0.7074868024503348,2016-05-16,37.21428571428572
2016-05-16,37.25,36.5625,37.294117647058826,33.53333333333333,38.0,35.6875,29.5,31.875,40.6,4.75,4.16875,18.425,1003.5625,1003.125,1006.0625,35.216421568627446,1.9140162865941623,34.586612144857945,2.2486930628022614,34.06737260288731,1.7980297461336,1.0,138.0,5.0,0.7818314824680298,0.6234898018587336,0.6944521021088763,-0.719538934232584,2016-05-17,37.5
2016-05-17,37.21428571428572,37.25,36.5625,34.0,35.5,34.666666666666664,23.5,29.5,39.75,9.019999999999998,4.75,10.55625,1000.8,1003.5625,1006.5625,35.742271908763506,1.8798845331233949,34.53048969587835,2.165204234583543,34.118265460030166,1.8657989407520055,2.0,139.0,5.0,0.9749279121818236,-0.22252093395631434,0.6819721490904629,-0.7313781428679254,2016-05-18,37.75
2016-05-18,37.5,37.21428571428572,37.25,32.5,33.714285714285715,34.625,25.8125,23.5,49.9375,9.6125,9.019999999999998,7.774999999999999,998.9375,1000.8,1006.0625,36.242271908763506,1.8031403987633652,34.6733468387355,2.296112916644013,34.212709904474615,1.9636591191887434,3.0,140.0,5.0,0.43388373911755823,-0.900968867902419,0.6692903895412567,-0.7430009249440493,2016-05-19,37.375
2016-05-19,37.75,37.5,37.21428571428572,35.375,30.6,34.0,27.625,25.8125,40.0,8.45,9.6125,5.1,997.8125,998.9375,1002.25,36.992271908763506,0.7998996545295047,34.961612144857945,2.4166153835800963,34.31687657114128,2.0664785490641084,4.0,141.0,5.0,-0.433883739117558,-0.9009688679024191,0.6564105761979381,-0.7544038410927472,2016-05-20,37.4
2016-05-20,37.375,37.75,37.5,37.294117647058826,31.4375,34.0625,40.5,27.625,28.11764705882353,9.3875,8.45,8.07058823529412,998.625,997.8125,1001.3529411764706,37.2779861944778,0.36481057582806775,35.445540716286516,2.1383414353504326,34.429376571141276,2.1392207319756427,5.0,142.0,5.0,-0.9749279121818236,-0.2225209339563146,0.6433365204044917,-0.765583517007675,2016-05-21,36.13333333333333
2016-05-21,37.4,37.375,37.75,36.5625,33.3125,34.0,44.2,40.5,31.875,8.413333333333334,9.3875,4.16875,996.9333333333332,998.625,1003.125,37.293112244897955,0.367773956976856,35.87143357342937,1.8534518269215576,34.540626571141274,2.205247684313645,6.0,143.0,5.0,-0.7818314824680299,0.6234898018587334,0.6300720909843687,-0.7765366444428655,2016-05-22,36.8
2016-05-22,36.13333333333333,37.4,37.375,37.25,35.13333333333333,33.25,45.4,44.2,29.5,10.873333333333331,8.413333333333334,4.75,995.9333333333332,996.9333333333332,1003.5625,37.231802721088435,0.5158370168844372,36.07292166866746,1.7009222359794642,34.61173768225239,2.2215491423403013,0.0,144.0,5.0,0.0,1.0,0.6166212130956382,-0.7872599821916922,2016-05-23,32.214285714285715
2016-05-23,36.8,36.13333333333333,37.4,37.21428571428572,33.53333333333333,31.916666666666668,44.8,45.4,23.5,6.553333333333333,10.873333333333331,9.019999999999998,996.4666666666668,995.9333333333332,1000.8,37.16751700680272,0.5406355589304765,36.19196928771508,1.6883806043895992,34.73007101558572,2.2409758979903036,1.0,145.0,5.0,0.7818314824680298,0.6234898018587336,0.6029878670694714,-0.7977503570459932,2016-05-24,31.526315789473685
2016-05-24,32.214285714285715,36.8,36.13333333333333,37.5,34.0,31.3125,47.92857142857143,44.8,25.8125,14.95,6.553333333333333,9.6125,999.5714285714286,996.4666666666668,998.9375,36.453231292517,1.9457048936577224,36.09775160064026,1.8746799050918381,34.739991650506354,2.228716929223641,2.0,146.0,5.0,0.9749279121818236,-0.22252093395631434,0.5891760872322963,-0.8080046647350754,2016-05-25,33.21739130434783
2016-05-25,31.526315789473685,32.214285714285715,36.8,37.75,32.5,31.75,53.526315789473685,47.92857142857143,27.625,8.494736842105263,14.95,8.45,1000.7368421052632,999.5714285714286,997.8125,35.599847833870385,2.60753822451825,35.92105987131695,2.179412513674379,34.74711884348881,2.217692844211444,3.0,147.0,5.0,0.43388373911755823,-0.900968867902419,0.5751899607119775,-0.8180198708443174,2016-05-26,35.26923076923077
2016-05-26,33.21739130434783,31.526315789473685,32.214285714285715,37.375,35.375,33.4375,46.60869565217392,53.526315789473685,40.5,10.160869565217393,8.494736842105263,9.3875,997.4782608695652,1000.7368421052632,998.625,34.95233230592008,2.546682280240246,35.9723021073418,2.0997677180002645,34.79603188696707,2.164862465919576,4.0,148.0,5.0,-0.433883739117558,-0.9009688679024191,0.5610336262283677,-0.8277930117131022,2016-05-27,38.27272727272727
2016-05-27,35.26923076923077,33.21739130434783,31.526315789473685,37.4,37.294117647058826,33.125,44.57692307692308,46.60869565217392,44.2,15.17692307692308,10.160869565217393,8.413333333333334,999.1538461538462,997.4782608695652,996.9333333333332,34.651508130095905,2.327773736345735,35.96474716228685,2.1022709062516873,34.85708957927476,2.151011970619038,5.0,149.0,5.0,-0.9749279121818236,-0.2225209339563146,0.5467112728685939,-0.8373211953118121,2016-05-28,36.0625
2016-05-28,38.27272727272727,35.26923076923077,33.21739130434783,36.13333333333333,36.5625,34.15384615384615,26.09090909090909,44.57692307692308,45.4,15.31818181818182,15.17692307692308,10.873333333333331,999.9545454545456,999.1538461538462,995.9333333333332,34.77618345477123,2.5153328596720765,36.03464784983459,2.1652002810411823,35.02868048836567,2.212518192206276,6.0,150.0,5.0,-0.7818314824680299,0.6234898018587334,0.5322271388474397,-0.8466016020976267,2016-05-29,31.5
2016-05-29,36.0625,38.27272727272727,35.26923076923077,36.8,37.25,34.07142857142857,37.25,26.09090909090909,44.8,14.405555555555551,15.31818181818182,6.553333333333333,999.8333333333334,999.9545454545456,996.4666666666668,34.76606440715218,2.5090979144389647,35.99893356412031,2.1599410613085643,35.092302283237466,2.2139361223440055,0.0,151.0,5.0,0.0,1.0,0.5175855102531889,-0.8556314858488706,2016-05-30,26.8125
2016-05-30,31.5,36.0625,38.27272727272727,32.214285714285715,37.21428571428572,33.0625,57.0625,37.25,47.92857142857143,11.68125,14.405555555555551,14.95,1001.25,999.8333333333334,999.5714285714286,34.008921550009326,2.5913593485018445,35.58821927840602,2.433154313813394,35.006587997523184,2.3028163106419073,1.0,152.0,5.0,0.7818314824680298,0.6234898018587336,0.5027907197793043,-0.8644081744776648,2016-05-31,32.642857142857146
2016-05-31,26.8125,31.5,36.0625,31.526315789473685,37.5,34.6875,74.8125,57.0625,53.526315789473685,9.4875,11.68125,8.494736842105263,1003.8125,1001.25,1000.7368421052632,33.237237876539936,3.7569969199190596,34.84523458452847,3.323620686928825,34.79825466418985,2.728189007078021,2.0,153.0,6.0,0.9749279121818236,-0.22252093395631434,0.4878471454423119,-0.8729290708206411,2016-06-01,36.0
2016-06-01,32.642857142857146,26.8125,31.5,33.21739130434783,37.75,38.0,51.21428571428572,74.8125,46.60869565217392,7.4071428571428575,9.4875,10.160869565217393,1002.3076923076924,1003.8125,997.4782608695652,33.39674378416614,3.695449775608656,34.498295809018266,3.2783844978729655,34.73009990228509,2.756444250167218,3.0,154.0,6.0,0.43388373911755823,-0.900968867902419,0.47275920928627757,-0.881191653407483,2016-06-02,37.5625
2016-06-02,36.0,32.642857142857146,26.8125,35.26923076923077,37.375,35.5,42.2,51.21428571428572,44.57692307692308,9.133333333333336,7.4071428571428575,15.17692307692308,1002.7333333333332,1002.3076923076924,999.1538461538462,33.79425931211646,3.820487309947208,34.373295809018266,3.1766485633832438,34.66343323561842,2.6982026488905815,4.0,155.0,6.0,-0.433883739117558,-0.9009688679024191,0.4575313760742512,-0.8891934772070711,2016-06-03,37.5625
2016-06-03,37.5625,36.0,32.642857142857146,38.27272727272727,37.4,33.714285714285715,35.3125,42.2,26.09090909090909,11.93125,9.133333333333336,15.31818181818182,1002.0,1002.7333333333332,999.9545454545456,34.12186920222634,4.058931286160609,34.38668866616113,3.190641765672357,34.73218323561842,2.7461042988078566,5.0,156.0,6.0,-0.9749279121818236,-0.2225209339563146,0.44216815196707204,-0.8969321743510065,2016-06-04,38.2
2016-06-04,37.5625,37.5625,36.0,36.0625,36.13333333333333,30.6,40.6875,35.3125,37.25,2.7812500000000004,11.93125,14.405555555555551,1002.25,1002.0,999.8333333333334,34.02040816326531,3.9451615151304207,34.39829580901827,3.202719753726991,34.86045704514223,2.7864977913484927,6.0,157.0,6.0,-0.7818314824680299,0.6234898018587334,0.42667408318992467,-0.9044054548343001,2016-06-05,36.16666666666666
2016-06-05,38.2,37.5625,37.5625,31.5,36.8,31.4375,42.06666666666667,40.6875,57.0625,3.2066666666666666,2.7812500000000004,11.68125,1001.8666666666668,1002.25,1001.25,34.32576530612245,4.203806692391646,34.54591485663732,3.3337885569485897,35.113790378475564,2.73072080843525,0.0,158.0,6.0,0.0,1.0,0.4110537546870351,-0.9116111071930239,2016-06-06,35.42857142857143
2016-06-06,36.16666666666666,38.2,37.5625,26.8125,32.214285714285715,33.3125,51.75,42.06666666666667,74.8125,8.5,3.2066666666666666,9.4875,1002.8333333333334,1001.8666666666668,1003.8125,34.99243197278911,4.048143635973534,34.50067676139922,3.3050216530685055,35.27142926736446,2.64637803765746,1.0,159.0,6.0,0.7818314824680298,0.6234898018587336,0.3953117887649151,-0.9185469991587165,2016-06-07,34.625
2016-06-07,35.42857142857143,36.16666666666666,38.2,32.642857142857146,31.526315789473685,35.13333333333333,45.71428571428572,51.75,51.21428571428572,11.0,8.5,7.4071428571428575,1001.5714285714286,1002.8333333333334,1002.3076923076924,36.22329931972789,1.8707614737476297,34.73026859813392,3.2450745681415176,35.34196498165017,2.6204383418670094,2.0,160.0,6.0,0.9749279121818236,-0.22252093395631434,0.37945284372454435,-0.925211078289358,2016-06-08,36.07142857142857
2016-06-08,34.625,35.42857142857143,36.16666666666666,36.0,33.21739130434783,33.53333333333333,59.1875,45.71428571428572,42.2,21.30625,11.0,9.133333333333336,1002.0625,1001.5714285714286,1002.7333333333332,36.50646258503401,1.3020634546586984,34.951603184600074,3.1127101507762402,35.325020537205724,2.62347567693477,3.0,161.0,6.0,0.43388373911755823,-0.900968867902419,0.36348161248290634,-0.9316013725767187,2016-06-09,35.733333333333334
2016-06-09,36.07142857142857,34.625,35.42857142857143,37.5625,35.26923076923077,34.0,44.642857142857146,59.1875,35.3125,8.485714285714284,21.30625,11.93125,999.2142857142856,1002.0625,1002.0,36.516666666666666,1.2977054634833385,35.15546298939156,3.0837194430768675,35.4096237118089,2.6045607558667014,4.0,162.0,6.0,-0.433883739117558,-0.9009688679024191,0.3474028211842774,-0.9377159910299093,2016-06-10,36.13333333333333
2016-06-10,35.733333333333334,36.07142857142857,34.625,37.5625,38.27272727272727,32.5,43.73333333333333,44.642857142857146,40.6875,9.26,8.485714285714284,2.7812500000000004,938.0666666666668,999.2142857142856,1002.25,36.25535714285714,1.234645826346706,35.18861317254174,3.0875287452864484,35.46740148958667,2.5914046647692857,5.0,163.0,6.0,-0.9749279121818236,-0.2225209339563146,0.3312212278016865,-0.9435531242349544,2016-06-11,33.4375
2016-06-11,36.13333333333333,35.733333333333334,36.07142857142857,38.2,36.0625,35.375,41.86666666666667,43.73333333333333,42.06666666666667,10.08125,9.26,3.2066666666666666,998.25,938.0666666666668,1001.8666666666668,36.05119047619048,1.0924422994494678,35.03579931972789,2.9739981656050496,35.58851260069778,2.532164962650235,6.0,164.0,6.0,-0.7818314824680299,0.6234898018587334,0.31494162072895193,-0.9491110448902284,2016-06-12,35.5
2016-06-12,33.4375,36.13333333333333,35.733333333333334,36.16666666666666,31.5,37.294117647058826,49.9375,41.86666666666667,51.75,8.812500000000002,10.08125,8.5,999.0,998.25,1002.8333333333334,35.37083333333333,1.0111359707951897,34.84829931972789,2.9870091175192366,35.52392926736445,2.562326932177488,0.0,165.0,6.0,0.0,1.0,0.2985688173637202,-0.9543881083175908,2016-06-13,36.0
2016-06-13,35.5,33.4375,36.13333333333333,35.42857142857143,26.8125,36.5625,37.125,49.9375,45.71428571428572,9.1625,8.812500000000002,11.0,998.8125,999.0,1001.5714285714286,35.27559523809524,0.9534338797610149,35.13401360544218,2.8292381875580785,35.46412534579583,2.540430118026328,1.0,166.0,6.0,0.7818314824680298,0.6234898018587336,0.2821076626819194,-0.9593827529490743,2016-06-14,32.625
2016-06-14,36.0,35.5,33.4375,34.625,32.642857142857146,37.25,43.3125,37.125,59.1875,12.85,9.1625,21.30625,998.1875,998.8125,1002.0625,35.35722789115646,0.992381839511541,35.79026360544218,1.5072312940820016,35.445375345795824,2.5341118163944056,2.0,167.0,6.0,0.9749279121818236,-0.22252093395631434,0.26556302780405594,-0.9640935007889755,2016-06-15,34.733333333333334
2016-06-15,32.625,36.0,35.5,36.07142857142857,36.0,37.21428571428572,55.125,43.3125,44.642857142857146,11.859999999999998,12.85,8.485714285714284,997.8125,998.1875,999.2142857142856,35.07151360544218,1.429825938447932,35.788988095238096,1.51010452349468,35.291208679129156,2.5610799470278724,3.0,168.0,6.0,0.43388373911755823,-0.900968867902419,0.24893980855376657,-0.9685189578512204,2016-06-16,33.5
2016-06-16,34.733333333333334,32.625,36.0,35.733333333333334,37.5625,37.5,48.86666666666667,55.125,43.73333333333333,10.513333333333332,11.859999999999998,9.26,996.1333333333332,997.8125,938.0666666666668,34.88035714285714,1.3616879041882102,35.6985119047619,1.5342420206284229,35.20851026643074,2.5367819225274184,4.0,169.0,6.0,-0.433883739117558,-0.9009688679024191,0.23224292400907015,-0.9726578145718654,2016-06-17,34.1875
2016-06-17,33.5,34.733333333333334,32.625,36.13333333333333,37.5625,37.75,51.285714285714285,48.86666666666667,41.86666666666667,11.39285714285714,10.513333333333332,10.08125,999.0,996.1333333333332,998.25,34.56130952380953,1.3898705855973637,35.40833333333333,1.5387515929371778,35.07517693309741,2.517232757787719,5.0,170.0,6.0,-0.9749279121818236,-0.2225209339563146,0.21547731504673012,-0.976508846196619,2016-06-18,35.857142857142854
2016-06-18,34.1875,33.5,34.733333333333334,33.4375,38.2,37.375,52.25,51.285714285714285,49.9375,7.425,11.39285714285714,8.812500000000002,999.4285714285714,999.0,999.0,34.28333333333333,1.205405936696004,35.1672619047619,1.436267008884706,34.95642693309741,2.4702897147753813,6.0,171.0,6.0,-0.7818314824680299,0.6234898018587334,0.19864794288017112,-0.9800709131432666,2016-06-19,35.625
2016-06-19,35.857142857142854,34.1875,33.5,35.5,36.16666666666666,37.4,50.57142857142857,52.25,37.125,10.857142857142858,7.425,9.1625,1000.8571428571428,999.4285714285714,998.8125,34.62899659863945,1.267746134675832,34.9999149659864,1.1669679111612896,34.90583169500217,2.434327805860419,0.0,172.0,6.0,0.0,1.0,0.18175978759137534,-0.9833429613388902,2016-06-20,30.9375
2016-06-20,35.625,35.857142857142854,34.1875,36.0,35.42857142857143,36.13333333333333,53.25,50.57142857142857,43.3125,9.387499999999998,10.857142857142858,12.85,1001.375,1000.8571428571428,998.1875,34.6468537414966,1.2828500353637127,34.96122448979592,1.1338175067267031,34.846665028335515,2.3928334870745496,1.0,173.0,6.0,0.7818314824680298,0.6234898018587336,0.16481784665719793,-0.9863240225317866,2016-06-21,32.875
2016-06-21,30.9375,35.625,35.857142857142854,32.625,34.625,36.8,73.9375,53.25,55.125,7.643750000000001,9.387499999999998,11.859999999999998,1000.6875,1001.375,997.8125,33.923639455782315,1.7388335812942908,34.64043367346939,1.550267940616101,34.67347058389107,2.482838178744982,2.0,174.0,6.0,0.9749279121818236,-0.22252093395631434,0.14782713347053048,-0.9890132145779883,2016-06-22,33.125
2016-06-22,32.875,30.9375,35.625,34.733333333333334,36.07142857142857,32.214285714285715,62.1875,73.9375,48.86666666666667,8.91875,7.643750000000001,10.513333333333332,999.9375,1000.6875,996.1333333333332,33.9593537414966,1.710044104757762,34.51543367346939,1.6205665390480841,34.54263725055773,2.470298917298572,3.0,175.0,6.0,0.43388373911755823,-0.900968867902419,0.13079267585675922,-0.9914097417023038,2016-06-23,33.84615384615385
2016-06-23,33.125,32.875,30.9375,33.5,35.733333333333334,31.526315789473685,60.8125,62.1875,51.285714285714285,7.418750000000001,8.91875,11.39285714285714,1001.5625,999.9375,999.0,33.72959183673469,1.6967160962926524,34.30497448979592,1.5940550497978128,34.572994393414874,2.4461775480252625,4.0,176.0,6.0,-0.433883739117558,-0.9009688679024191,0.11371951458594969,-0.9935128947338007,2016-06-24,36.4375
2016-06-24,33.84615384615385,33.125,32.875,34.1875,36.13333333333333,33.21739130434783,51.61538461538461,60.8125,52.25,5.875000000000001,7.418750000000001,7.425,999.6923076923076,1001.5625,999.4285714285714,33.779042386185246,1.693951487950062,34.17017595499738,1.5429509162780717,34.65032232863754,2.382380812055667,5.0,177.0,6.0,-0.9749279121818236,-0.2225209339563146,0.0966127018812031,-0.9953220513156602,2016-06-25,35.42857142857143
2016-06-25,36.4375,33.84615384615385,33.125,35.857142857142854,33.4375,35.26923076923077,46.5625,51.61538461538461,50.57142857142857,7.762499999999999,5.875000000000001,10.857142857142858,998.3125,999.6923076923076,1000.8571428571428,34.100470957613815,1.9745959433776816,34.19190214547357,1.5745385390050761,34.757659285159285,2.3881278753195083,6.0,178.0,6.0,-0.7818314824680299,0.6234898018587334,0.07947729992362097,-0.9968366760893436,2016-06-26,34.86666666666667
2016-06-26,35.42857142857143,36.4375,33.84615384615385,35.625,35.5,38.27272727272727,55.92857142857143,46.5625,53.25,9.664285714285713,7.762499999999999,9.387499999999998,1000.0714285714286,998.3125,1001.375,34.0392464678179,1.9168503014463183,34.334121533228675,1.590991231897561,34.762970640470634,2.3894816861393813,0.0,179.0,6.0,0.0,1.0,0.062318379354325076,-0.998056320853012,2016-06-27,34.3125
2016-06-27,34.86666666666667,35.42857142857143,36.4375,30.9375,36.0,36.0625,57.46666666666667,55.92857142857143,73.9375,7.660000000000001,9.664285714285713,7.643750000000001,1000.375,1000.0714285714286,1000.6875,33.93091313448456,1.831836401528357,34.28888343799058,1.5640669675287735,34.64943528693529,2.2960589328957184,1.0,180.0,6.0,0.7818314824680298,0.6234898018587336,0.04514101777397193,-0.9989806246941579,2016-06-28,30.785714285714285
2016-06-28,34.3125,34.86666666666667,35.42857142857143,32.875,32.625,31.5,61.25,57.46666666666667,62.1875,7.993749999999999,7.660000000000001,8.91875,998.8666666666668,1000.375,999.9375,34.41305599162742,1.2709315357352626,34.16834772370486,1.4850849512414928,34.59110195360196,2.281102291373069,2.0,181.0,6.0,0.9749279121818236,-0.22252093395631434,0.02795029824021032,-0.999609314096404,2016-06-29,35.375
2016-06-29,30.785714285714285,34.3125,34.86666666666667,33.125,34.733333333333334,26.8125,75.07142857142857,61.25,60.8125,5.435714285714285,7.993749999999999,7.418750000000001,1001.5,998.8666666666668,1001.5625,34.11458660387232,1.8193407964262653,34.036970172684455,1.6981857058009868,34.56729242979243,2.3179097261596904,3.0,182.0,6.0,0.43388373911755823,-0.900968867902419,0.01075130776352193,-0.9999422030204416,2016-06-30,35.46666666666667
2016-06-30,35.375,30.785714285714285,34.3125,33.84615384615385,33.5,32.642857142857146,58.875,75.07142857142857,51.61538461538461,8.449999999999998,5.435714285714285,5.875000000000001,1001.1875,1001.5,999.6923076923076,34.43601517530089,1.8141183165248678,34.08280350601779,1.7268433502755918,34.852709096459094,1.7992351357865588,4.0,183.0,7.0,-0.433883739117558,-0.9009688679024191,-0.00645086419810515,-0.9999791929590823,2016-07-01,32.125
2016-07-01,35.46666666666667,35.375,30.785714285714285,36.4375,34.1875,36.0,60.2,58.875,46.5625,6.793333333333333,8.449999999999998,7.762499999999999,997.8666666666668,1001.1875,998.3125,34.667517006802726,1.8296313846062306,34.22327969649398,1.7555404802770591,34.94683608058608,1.7529076013629994,5.0,184.0,7.0,-0.9749279121818236,-0.2225209339563146,-0.023651127245231586,-0.9997202729664083,2016-07-02,28.4
2016-07-02,32.125,35.46666666666667,35.375,35.42857142857143,35.857142857142854,37.5625,73.4,60.2,55.92857142857143,8.35,6.793333333333333,9.664285714285713,1002.5625,997.8666666666668,1000.0714285714286,34.051445578231295,1.8601098049656302,34.07595826792256,1.843129403282887,34.81766941391941,1.8143199590440042,6.0,185.0,7.0,-0.7818314824680299,0.6234898018587334,-0.04084439154329611,-0.9991655196610109,2016-07-03,29.5625
2016-07-03,28.4,32.125,35.46666666666667,34.86666666666667,35.625,37.5625,80.0,73.4,57.46666666666667,5.231250000000001,8.35,7.660000000000001,998.375,1002.5625,1000.375,33.04736394557823,2.700159037291187,33.543305206698065,2.307753681557908,34.51225274725275,2.0870285430984086,0.0,186.0,7.0,0.0,1.0,-0.05802556932878035,-0.9983150972033183,2016-07-04,30.6875
2016-07-04,29.5625,28.4,32.125,34.3125,30.9375,38.2,78.125,80.0,61.25,1.96875,5.231250000000001,7.993749999999999,998.25,998.375,998.8666666666668,32.28962585034014,2.844890101609001,33.11026949241235,2.4514129297050924,34.24558608058609,2.1922879457412257,1.0,187.0,7.0,0.7818314824680298,0.6234898018587336,-0.07518957641475855,-0.9971692572470178,2016-07-05,33.25
2016-07-05,30.6875,29.5625,28.4,30.785714285714285,32.875,36.16666666666666,76.3125,78.125,75.07142857142857,3.481250000000001,1.96875,5.435714285714285,997.125,998.25,1001.5,31.771768707482995,2.7434149465433855,33.092412349555204,2.469303078813952,33.99516941391941,2.1537377179724477,2.0,188.0,7.0,0.9749279121818236,-0.22252093395631434,-0.09233133369539122,-0.9957283388645872,2016-07-06,33.266666666666666
2016-07-06,33.25,30.6875,29.5625,35.375,33.125,35.42857142857143,68.6875,76.3125,58.875,5.3375,3.481250000000001,8.449999999999998,995.5625,997.125,1001.1875,32.12380952380953,2.7538847921458736,33.11919806384092,2.468797139849802,33.89794719169719,2.1178658003350423,3.0,189.0,7.0,0.43388373911755823,-0.900968867902419,-0.10944576864891556,-0.993992768446958,2016-07-07,33.5
2016-07-07,33.266666666666666,33.25,30.6875,35.46666666666667,33.84615384615385,34.625,64.06666666666666,68.6875,60.2,8.878571428571428,5.3375,6.793333333333333,996.8666666666668,995.5625,997.8666666666668,31.822619047619046,2.435985827351589,33.12931711145997,2.469113059770926,33.8258836996337,2.1006995635999286,4.0,190.0,7.0,-0.433883739117558,-0.9009688679024191,-0.12652781683868314,-0.9919630595773397,2016-07-08,30.8
2016-07-08,33.5,33.266666666666666,33.25,32.125,36.4375,36.07142857142857,63.0,64.06666666666666,73.4,5.91875,8.878571428571428,8.35,997.6875,996.8666666666668,1002.5625,31.541666666666664,2.0242754190627834,33.10459183673469,2.463108465643392,33.7883836996337,2.0959784717153704,5.0,191.0,7.0,-0.9749279121818236,-0.2225209339563146,-0.1435724234118113,-0.9896398128792412,2016-07-09,33.25
2016-07-09,30.8,33.5,33.266666666666666,28.4,35.42857142857143,35.733333333333334,75.86666666666666,63.0,80.0,5.433333333333335,5.91875,5.231250000000001,997.4,997.6875,998.375,31.35238095238095,2.022586377577353,32.701913265306125,2.3337409608175332,33.61266941391941,2.1188198146888046,6.0,192.0,7.0,-0.7818314824680299,0.6234898018587334,-0.16057454459499376,-0.9870237158387383,2016-07-10,32.5625
2016-07-10,33.25,30.8,33.5,29.5625,34.86666666666667,36.13333333333333,66.0625,75.86666666666666,78.125,6.73125,5.433333333333335,1.96875,996.75,997.4,998.25,32.0452380952381,1.6365197599182202,32.546301020408166,2.2071427976065348,33.529891636141635,2.081289998155923,0.0,193.0,7.0,0.0,1.0,-0.17752914918703497,-0.984115542601034,2016-07-11,31.5
2016-07-11,32.5625,33.25,30.8,30.6875,34.3125,33.4375,65.6875,66.0625,76.3125,4.7,6.73125,3.481250000000001,996.0625,996.75,997.125,32.47380952380952,1.2170345578819877,32.38171768707483,2.1043210036163216,33.41086385836386,2.028709316092471,1.0,194.0,7.0,0.7818314824680298,0.6234898018587336,-0.19443122004766195,-0.9809161537413774,2016-07-12,30.5
2016-07-12,31.5,32.5625,33.25,33.25,30.785714285714285,35.5,71.9375,65.6875,68.6875,8.046666666666665,4.7,5.3375,997.75,996.0625,995.5625,32.58988095238095,1.0448392163844566,32.18082482993197,2.0390545339308535,33.34628052503053,2.0584539241670026,2.0,195.0,7.0,0.9749279121818236,-0.22252093395631434,-0.2112757555821793,-0.9774264960104055,2016-07-13,31.25
2016-07-13,30.5,31.5,32.5625,33.266666666666666,35.375,36.0,80.1875,71.9375,64.06666666666666,5.5625,8.046666666666665,8.878571428571428,999.0625,997.75,996.8666666666668,32.197023809523806,1.2517735434046686,32.16041666666667,2.0554556274800064,33.17961385836386,2.0803615078469746,3.0,196.0,7.0,0.43388373911755823,-0.900968867902419,-0.2280577712215198,-0.9736476020539838,2016-07-14,30.4375
2016-07-14,31.25,30.5,31.5,33.5,35.46666666666667,32.625,76.3125,80.1875,63.0,6.806666666666667,5.5625,5.91875,998.4375,999.0625,997.6875,31.90892857142857,1.195362442545033,31.86577380952381,1.8439836180920701,33.02128052503053,2.038643602629569,4.0,197.0,7.0,-0.433883739117558,-0.9009688679024191,-0.24477230089725957,-0.9695805901076308,2016-07-15,31.0
2016-07-15,30.4375,31.25,30.5,30.8,32.125,34.733333333333334,80.4375,76.3125,75.86666666666666,5.21875,6.806666666666667,5.433333333333335,998.375,998.4375,997.4,31.47142857142857,1.0698207181800135,31.506547619047616,1.5558947688538192,32.94836385836386,2.0917353194829973,5.0,198.0,7.0,-0.9749279121818236,-0.2225209339563146,-0.2614143985111562,-0.965226663665613,2016-07-16,27.125
2016-07-16,31.0,30.4375,31.25,33.25,28.4,33.5,78.0625,80.4375,66.0625,7.271428571428571,5.21875,6.73125,998.625,998.375,996.75,31.5,1.0514127400785964,31.426190476190474,1.5505387716197605,32.82391941391941,2.092933561245284,6.0,199.0,7.0,-0.7818314824680299,0.6234898018587334,-0.2779791393987801,-0.9605871111248129,2016-07-17,28.125
2016-07-17,27.125,31.0,30.4375,32.5625,29.5625,34.1875,93.875,78.0625,65.6875,4.371428571428571,7.271428571428571,4.7,999.875,998.625,996.0625,30.625,1.7005666947617368,31.33511904761905,1.7646204846435314,32.611419413919414,2.3319125337687856,0.0,200.0,7.0,0.0,1.0,-0.2944616217868012,-0.9556633054034704,2016-07-18,27.666666666666668
2016-07-18,28.125,27.125,31.0,31.5,30.6875,35.857142857142854,86.5625,93.875,71.9375,6.6000000000000005,4.371428571428571,8.046666666666665,1001.3333333333334,999.875,997.75,29.991071428571427,1.6849628192872488,31.232440476190476,1.911415031174194,32.40933608058608,2.4503023376065913,1.0,201.0,7.0,0.7818314824680298,0.6234898018587336,-0.3108569682435036,-0.9504567035349151,2016-07-19,32.3125
2016-07-19,27.666666666666668,28.125,27.125,30.5,33.25,35.625,91.26666666666668,86.5625,80.1875,7.653333333333333,6.6000000000000005,5.5625,1000.8,1001.3333333333334,999.0625,29.44345238095238,1.7350016296134563,31.01666666666667,2.1350835418713223,32.13632020757021,2.508501932521271,2.0,202.0,7.0,0.9749279121818236,-0.22252093395631434,-0.3271603271220951,-0.9449688462364056,2016-07-20,34.1875
2016-07-20,32.3125,27.666666666666668,28.125,31.25,33.266666666666666,30.9375,69.125,91.26666666666668,76.3125,13.656249999999998,7.653333333333333,6.806666666666667,999.875,1000.8,998.4375,29.702380952380956,2.0292534449028925,30.94970238095238,2.073462168454379,32.02590354090354,2.421023393150269,3.0,203.0,7.0,0.43388373911755823,-0.900968867902419,-0.34336687399638804,-0.939201357453208,2016-07-21,34.13333333333333
2016-07-21,34.1875,32.3125,27.666666666666668,30.4375,33.5,32.875,59.5625,69.125,80.4375,12.9625,13.656249999999998,5.21875,999.625,999.875,998.375,30.122023809523814,2.6202952926405865,31.015476190476193,2.165190219686078,32.13423687423687,2.443252972110229,4.0,204.0,7.0,-0.433883739117558,-0.9009688679024191,-0.3594718130884232,-0.9331559438780432,2016-07-22,34.125
2016-07-22,34.13333333333333,34.1875,32.3125,31.0,30.8,33.125,56.86666666666667,59.5625,78.0625,11.48,12.9625,7.271428571428571,999.2666666666668,999.625,998.625,30.650000000000002,3.034124019352925,31.060714285714287,2.226832119437129,32.176181318681316,2.467093389883003,5.0,205.0,7.0,-0.9749279121818236,-0.2225209339563146,-0.3754703786876202,-0.9268343944460494,2016-07-23,31.875
2016-07-23,34.125,34.13333333333333,34.1875,27.125,33.25,33.84615384615385,56.125,56.86666666666667,93.875,8.687500000000002,11.48,4.371428571428571,999.3333333333334,999.2666666666668,999.875,31.09642857142857,3.311431893284536,31.298214285714288,2.3696209408978293,32.20951465201465,2.4870301362997536,6.0,206.0,7.0,-0.7818314824680299,0.6234898018587334,-0.3913578365610259,-0.9202385798054075,2016-07-24,31.4375
2016-07-24,31.875,34.125,34.13333333333333,28.125,32.5625,36.4375,66.0,56.125,86.5625,7.768750000000001,8.687500000000002,6.6000000000000005,1001.625,999.3333333333334,1001.3333333333334,31.775000000000002,2.8108184273412453,31.2,2.3102532976160624,32.14380952380952,2.468267892962649,0.0,207.0,7.0,0.0,1.0,-0.4071294853542516,-0.9133704517637858,2016-07-25,31.9375
2016-07-25,31.4375,31.875,34.125,27.666666666666668,31.5,35.42857142857143,72.25,66.0,91.26666666666668,2.43125,7.768750000000001,7.653333333333333,946.3125,1001.625,1000.8,32.24821428571429,2.331955020916225,31.119642857142857,2.2785641920226554,31.977142857142855,2.333473120037873,1.0,208.0,7.0,0.7818314824680298,0.6234898018587336,-0.4227806579826773,-0.9062320427107697,2016-07-26,30.3125
2016-07-26,31.9375,31.4375,31.875,32.3125,30.5,34.86666666666667,69.125,72.25,69.125,2.9125000000000005,2.43125,13.656249999999998,1001.875,946.3125,999.875,32.858333333333334,1.2334459408051155,31.150892857142857,2.287165847442271,31.86077380952381,2.2406185027520853,2.0,209.0,7.0,0.9749279121818236,-0.22252093395631434,-0.4383067230125192,-0.898825465016444,2016-07-27,28.3125
2016-07-27,30.3125,31.9375,31.4375,34.1875,31.25,34.3125,82.0,69.125,59.5625,6.485714285714287,2.9125000000000005,12.9625,1003.125,1001.875,999.625,32.57261904761905,1.5673883849276318,31.1375,2.291814680534862,31.70896825396825,2.183489607305189,3.0,210.0,7.0,0.43388373911755823,-0.900968867902419,-0.45370308603134424,-0.8911529104063088,2016-07-28,29.53333333333333
2016-07-28,28.3125,30.3125,31.9375,34.13333333333333,30.4375,30.785714285714285,88.25,82.0,56.86666666666667,4.293750000000001,6.485714285714287,11.48,1004.625,1003.125,999.2666666666668,31.73333333333333,2.055488925346436,30.927678571428572,2.412037236484918,31.508968253968252,2.2114030352003136,4.0,211.0,7.0,-0.433883739117558,-0.9009688679024191,-0.46896519100763184,-0.8832166493127127,2016-07-29,27.375
2016-07-29,29.53333333333333,28.3125,30.3125,34.125,31.0,35.375,81.33333333333333,88.25,56.125,5.186666666666667,4.293750000000001,8.687500000000002,1002.0666666666668,1004.625,999.3333333333334,31.076190476190476,1.8888864087284158,30.863095238095237,2.438135111835654,31.467222222222222,2.23719770248979,5.0,212.0,7.0,-0.9749279121818236,-0.2225209339563146,-0.48408852163897587,-0.8750190302029955,2016-07-30,27.33333333333333
2016-07-30,27.375,29.53333333333333,28.3125,31.875,27.125,35.46666666666667,92.4375,81.33333333333333,66.0,2.43125,5.186666666666667,7.768750000000001,1000.9375,1002.0666666666668,1001.625,30.11190476190476,1.7935994558250696,30.604166666666664,2.608978375225378,31.200555555555557,2.232122659642251,6.0,213.0,7.0,-0.7818314824680299,0.6234898018587334,-0.4990686026885319,-0.8665624788845385,2016-07-31,29.266666666666666
2016-07-31,27.33333333333333,27.375,29.53333333333333,31.4375,28.125,32.125,92.26666666666668,92.4375,72.25,1.86,2.43125,2.43125,1001.2,1000.9375,946.3125,29.46309523809524,1.869370296177894,30.61904761904762,2.588118352910006,30.929444444444446,2.1896263429433227,0.0,214.0,8.0,0.0,1.0,-0.5139010013093103,-0.8578494977869301,2016-08-01,29.125
2016-08-01,29.266666666666666,27.33333333333333,27.375,31.9375,27.666666666666668,28.4,83.13333333333334,92.26666666666668,69.125,4.7,1.86,2.9125000000000005,1000.6666666666666,1001.2,1001.875,29.15297619047619,1.6550108297410748,30.70059523809524,2.5205951133165425,30.834166666666665,2.1979817022028096,1.0,215.0,8.0,0.7818314824680298,0.6234898018587336,-0.5285813283559292,-0.8488826652214553,2016-08-02,30.6875
2016-08-02,29.125,29.266666666666666,27.33333333333333,30.3125,32.3125,29.5625,84.25,83.13333333333334,82.0,5.9125000000000005,4.7,6.485714285714287,999.125,1000.6666666666666,1003.125,28.751190476190477,1.1218699107116665,30.804761904761904,2.4134250236817745,30.858333333333334,2.1741518031679306,2.0,216.0,8.0,0.9749279121818236,-0.22252093395631434,-0.5431052396834317,-0.8396646346181327,2016-08-03,32.5625
2016-08-03,30.6875,29.125,29.266666666666666,28.3125,34.1875,30.6875,72.125,84.25,88.25,6.375,5.9125000000000005,4.293750000000001,310.4375,999.125,1004.625,28.804761904761904,1.2140202110140854,30.688690476190477,2.3740896976635906,30.895833333333332,2.1606908085413146,3.0,217.0,8.0,0.43388373911755823,-0.900968867902419,-0.5574684374327892,-0.8301981337405212,2016-08-04,33.111111111111114
2016-08-04,32.5625,30.6875,29.125,29.53333333333333,34.13333333333333,33.25,63.5625,72.125,81.33333333333333,5.45,6.375,5.186666666666667,998.5,310.4375,1002.0666666666668,29.41190476190476,1.8321657086251388,30.572619047619046,2.224907994283936,30.958333333333332,2.181474871490046,4.0,218.0,8.0,-0.433883739117558,-0.9009688679024191,-0.5716666713027052,-0.8204859638785327,2016-08-05,33.8
2016-08-05,33.111111111111114,32.5625,30.6875,27.375,34.125,33.266666666666666,63.888888888888886,63.5625,92.4375,7.927777777777779,5.45,2.43125,998.7777777777778,998.5,1000.9375,29.923015873015874,2.3087416429703365,30.499603174603173,2.1130258992792204,30.953703703703702,2.17658558042574,5.0,219.0,8.0,-0.9749279121818236,-0.2225209339563146,-0.5856957398073508,-0.8105309990194823,2016-08-06,30.066666666666663
2016-08-06,33.8,33.111111111111114,32.5625,27.33333333333333,31.875,33.5,61.66666666666666,63.888888888888886,92.26666666666668,4.319999999999999,7.927777777777779,1.86,999.3333333333334,998.7777777777778,1001.2,30.84087301587302,2.4021905535296195,30.476388888888888,2.071509896817308,30.971481481481483,2.1981994382188987,6.0,220.0,8.0,-0.7818314824680299,0.6234898018587334,-0.5995514915196489,-0.8003361849976323,2016-08-07,33.11764705882353
2016-08-07,30.066666666666663,33.8,33.111111111111114,29.266666666666666,31.4375,30.8,76.0,61.66666666666666,83.13333333333334,6.926666666666667,4.319999999999999,4.7,1000.8,999.3333333333334,1000.6666666666666,31.231349206349204,1.9084188914762708,30.34722222222222,2.033624561718592,30.85703703703704,2.1508835422720134,0.0,221.0,8.0,0.0,1.0,-0.6132298262997502,-0.7899045386224707,2016-08-08,33.80952380952381
2016-08-08,33.11764705882353,30.066666666666663,33.8,29.125,31.9375,33.25,65.17647058823529,76.0,84.25,7.852941176470587,6.926666666666667,5.9125000000000005,1000.529411764706,1000.8,999.125,31.781489262371615,1.7996267913975412,30.4672327264239,2.1492053630122134,30.93429193899782,2.1900303510003614,1.0,222.0,8.0,0.7818314824680298,0.6234898018587336,-0.6267266965083301,-0.7792391467859886,2016-08-09,31.615384615384617
2016-08-09,33.80952380952381,33.11764705882353,30.066666666666663,30.6875,30.3125,32.5625,62.38095238095238,65.17647058823529,72.125,9.440909090909091,7.852941176470587,6.375,999.6363636363636,1000.529411764706,310.4375,32.45070694944645,1.491808872051304,30.600948712818457,2.300618517492499,30.952942732648616,2.2126967018204367,2.0,223.0,8.0,0.9749279121818236,-0.22252093395631434,-0.6400381082043503,-0.7683431655492202,2016-08-10,32.0
2016-08-10,31.615384615384617,33.80952380952381,33.11764705882353,32.5625,28.3125,31.5,71.65384615384616,62.38095238095238,63.5625,9.55,9.440909090909091,5.45,998.5,999.6363636363636,998.5,32.58326189450139,1.3428099409684788,30.694011899631647,2.314363498899747,30.921372219828104,2.1956306757606243,3.0,224.0,8.0,0.43388373911755823,-0.900968867902419,-0.65316012232693,-0.7572198192083127,2016-08-11,28.107142857142858
2016-08-11,32.0,31.615384615384617,33.80952380952381,33.111111111111114,29.53333333333333,30.5,71.25925925925925,71.65384615384616,63.888888888888886,10.159259259259262,9.55,7.927777777777779,999.3703703703704,998.5,998.7777777777778,32.502904751644245,1.3609674080006158,30.957404756774505,2.230804685706589,30.93803888649477,2.2020626875157947,4.0,225.0,8.0,-0.433883739117558,-0.9009688679024191,-0.666088855860977,-0.7458723993404063,2016-08-12,29.035714285714285
2016-08-12,28.107142857142858,32.0,31.615384615384617,33.8,27.375,31.25,89.46428571428571,71.25925925925925,61.66666666666666,7.82142857142857,10.159259259259262,4.319999999999999,1001.6071428571428,999.3703703703704,999.3333333333334,31.788052143934497,2.1011545086788006,30.855534008475185,2.3311451540691173,30.85827698173286,2.261023248154132,5.0,226.0,8.0,-0.9749279121818236,-0.2225209339563146,-0.6788204829862355,-0.734304263829602,2016-08-13,30.321428571428573
2016-08-13,29.035714285714285,28.107142857142858,32.0,30.066666666666663,27.33333333333333,30.4375,85.0,89.46428571428571,76.0,3.848148148148149,7.82142857142857,6.926666666666667,1002.2857142857144,1001.6071428571428,1000.8,31.107439899036535,2.112419620994586,30.974156457454775,2.1776084151230206,30.784467457923338,2.2838217381355848,6.0,227.0,8.0,-0.7818314824680299,0.6234898018587334,-0.6913512362094071,-0.722518835873311,2016-08-14,28.933333333333334
2016-08-14,30.321428571428573,29.035714285714285,28.107142857142858,33.11764705882353,29.266666666666666,31.0,77.07142857142857,85.0,65.17647058823529,3.2296296296296303,3.848148148148149,7.852941176470587,1001.0714285714286,1002.2857142857144,1000.529411764706,31.14383445685967,2.093610631979034,31.187591831604436,1.9251056868472542,30.78059841030429,2.2845280182846706,0.0,228.0,8.0,0.0,1.0,-0.7036774074790128,-0.7105196029692745,2016-08-15,31.678571428571427
2016-08-15,28.933333333333334,30.321428571428573,29.035714285714285,33.80952380952381,29.125,27.125,83.7,77.07142857142857,62.38095238095238,6.369999999999998,3.2296296296296303,9.440909090909091,633.9,1001.0714285714286,999.6363636363636,30.546075353218214,2.0325845729657304,31.163782307794914,1.9525566307499158,30.711709521415404,2.3087155748430823,1.0,229.0,8.0,0.7818314824680298,0.6234898018587336,-0.7157953492826642,-0.6983101158835584,2016-08-16,31.33333333333333
2016-08-16,31.678571428571427,28.933333333333334,30.321428571428573,31.615384615384617,30.6875,28.125,67.64285714285714,83.7,71.65384615384616,12.725,6.369999999999998,9.55,999.2857142857144,633.9,998.5,30.241653584510725,1.5690837835307785,31.346180266978585,1.8647502302288799,30.863495235701116,2.212457131669868,2.0,230.0,8.0,0.9749279121818236,-0.22252093395631434,-0.7277014757264236,-0.6858939875998223,2016-08-17,29.928571428571427
2016-08-17,31.33333333333333,31.678571428571427,28.933333333333334,32.0,32.5625,27.666666666666668,66.41666666666667,67.64285714285714,71.25925925925925,14.66666666666667,12.725,10.159259259259262,-3.0416666666666665,999.2857142857144,999.3703703703704,30.20136054421769,1.5310892932575104,31.392311219359538,1.855165904205662,30.97043968014556,2.1522426834137485,3.0,231.0,8.0,0.43388373911755823,-0.900968867902419,-0.7393922635959241,-0.673274892250183,2016-08-18,29.88888888888889
2016-08-18,29.928571428571427,31.33333333333333,31.678571428571427,28.107142857142858,33.111111111111114,32.3125,72.5,66.41666666666667,89.46428571428571,6.325,14.66666666666667,7.82142857142857,999.5185185185184,-3.0416666666666665,1001.6071428571428,29.905442176870746,1.309690980877533,31.204173464257497,1.8609132973215319,31.04583650554239,2.0705849695826153,4.0,232.0,8.0,-0.433883739117558,-0.9009688679024191,-0.7508642533989489,-0.6604565640279754,2016-08-19,32.07142857142857
2016-08-19,29.88888888888889,29.928571428571427,31.33333333333333,29.035714285714285,33.8,34.1875,79.81481481481481,72.5,85.0,1.7222222222222223,6.325,3.848148148148149,999.9230769230768,999.5185185185184,1002.2857142857144,30.159977324263036,1.0491758171341774,30.97401473409877,1.8053535271132606,30.965049468505352,2.06673686153896,5.0,233.0,8.0,-0.9749279121818236,-0.2225209339563146,-0.7621140503891487,-0.6474427960827475,2016-08-20,33.18518518518518
2016-08-20,32.07142857142857,29.88888888888889,29.928571428571427,30.321428571428573,30.066666666666663,34.13333333333333,68.28571428571429,79.81481481481481,77.07142857142857,1.917857142857143,1.7222222222222223,3.2296296296296303,999.8928571428572,999.9230769230768,1001.0714285714286,30.593650793650795,1.1312079911642694,30.850545346343665,1.6496063960248422,30.894513754219638,1.9875584144287937,6.0,234.0,8.0,-0.7818314824680299,0.6234898018587334,-0.7731383255706026,-0.6342374393978054,2016-08-21,31.59259259259259
2016-08-21,33.18518518518518,32.07142857142857,29.88888888888889,28.933333333333334,33.11764705882353,34.125,66.48148148148148,68.28571428571429,83.7,10.366666666666667,1.917857142857143,6.369999999999998,1000.16,999.8928571428572,633.9,31.002758881330305,1.4803236520011462,31.073296669094987,1.7434942736909058,30.86290881594803,1.941280436376902,0.0,235.0,8.0,0.0,1.0,-0.7839338166829201,-0.620844401650647,2016-08-22,32.18518518518518
2016-08-22,31.59259259259259,33.18518518518518,32.07142857142857,31.678571428571427,33.80952380952381,31.875,68.07407407407408,66.48148148148148,67.64285714285714,10.022222222222224,10.366666666666667,12.725,1001.1923076923076,1000.16,999.2857142857144,31.382653061224488,1.1692799266258462,30.964364207221347,1.651135075166557,30.77849523570112,1.8473275402876979,1.0,236.0,8.0,0.7818314824680298,0.6234898018587336,-0.7944973291665992,-0.6072676460566135,2016-08-23,31.48
2016-08-23,32.18518518518518,31.59259259259259,33.18518518518518,31.33333333333333,31.615384615384617,31.4375,65.55555555555556,68.07407407407408,66.41666666666667,8.237037037037037,10.022222222222224,14.66666666666667,1002.8888888888888,1001.1923076923076,-3.0416666666666665,31.455026455026452,1.205758271365893,30.84834001976859,1.4844895419590145,30.78883474187396,1.854530323905526,2.0,237.0,8.0,0.9749279121818236,-0.22252093395631434,-0.8048257371083452,-0.593511190196115,2016-08-24,30.178571428571427
2016-08-24,31.48,32.18518518518518,31.59259259259259,29.928571428571427,32.0,31.9375,70.08,65.55555555555556,72.5,6.084,8.237037037037037,6.325,1003.24,1002.8888888888888,999.5185185185184,31.47597883597884,1.2045648937833473,30.83866969009826,1.4795411790747575,30.790251408540623,1.8550590801529216,3.0,238.0,8.0,0.43388373911755823,-0.900968867902419,-0.8149159841660791,-0.5795791048257612,2016-08-25,31.52
2016-08-25,30.178571428571427,31.48,32.18518518518518,29.88888888888889,28.107142857142858,30.3125,79.28571428571429,70.08,79.81481481481481,8.419230769230769,6.084,1.7222222222222223,1002.5,1003.24,999.9230769230768,31.51169312169312,1.1536700297224989,30.708567649281935,1.4493398327233977,30.73162045615967,1.84531958679485,4.0,239.0,8.0,-0.433883739117558,-0.9009688679024191,-0.8247650844733614,-0.5654755126737576,2016-08-26,31.22222222222222
2016-08-26,31.52,30.178571428571427,31.48,32.07142857142857,29.035714285714285,28.3125,72.44,79.28571428571429,68.28571428571429,6.276923076923075,8.419230769230769,1.917857142857143,1004.4230769230768,1002.5,999.8928571428572,31.744708994708994,0.9103321620483763,30.952343159486016,1.2516652869961777,30.77187045615967,1.8490277540132507,5.0,240.0,8.0,-0.9749279121818236,-0.2225209339563146,-0.8343701235229538,-0.5512045872199277,2016-08-27,31.785714285714285
2016-08-27,31.22222222222222,31.52,30.178571428571427,33.18518518518518,30.321428571428573,29.53333333333333,73.81481481481481,72.44,66.48148148148148,4.392592592592593,6.276923076923075,10.366666666666667,1005.2222222222222,1004.4230769230768,1000.16,31.62339380196523,0.9161016123804708,31.108522297808012,1.1240222904303634,30.86886119690041,1.790976452771804,6.0,241.0,8.0,-0.7818314824680299,0.6234898018587334,-0.8437282590292712,-0.5367705514607103,2016-08-28,33.4
2016-08-28,31.785714285714285,31.22222222222222,31.52,31.59259259259259,28.933333333333334,27.375,70.28571428571429,73.81481481481481,68.07407407407408,7.15,4.392592592592593,10.022222222222224,1006.1428571428572,1005.2222222222222,1001.1923076923076,31.4234693877551,0.6248760143953982,31.213114134542703,1.1132233013956672,30.94394056197978,1.7802380754908276,0.0,242.0,8.0,0.0,1.0,-0.8528367217694595,-0.522177676659508,2016-08-29,29.571428571428573
2016-08-29,33.4,31.785714285714285,31.22222222222222,32.18518518518518,31.678571428571427,27.33333333333333,66.24,70.28571428571429,65.55555555555556,7.2719999999999985,7.15,8.237037037037037,1006.2,1006.1428571428572,1002.8888888888888,31.681670445956154,0.9793038596994862,31.53216175359032,1.0477246212593267,31.14477389531311,1.7018554879307706,1.0,243.0,8.0,0.7818314824680298,0.6234898018587336,-0.8616928164028522,-0.5074302810827518,2016-08-30,30.04
2016-08-30,29.571428571428573,33.4,31.785714285714285,31.48,31.33333333333333,29.266666666666666,82.32142857142857,66.24,70.08,5.825,7.2719999999999985,6.084,1003.6071428571428,1006.2,1003.24,31.30827664399093,1.2232367891990603,31.381651549508693,1.1693634620580466,31.219377069916284,1.573206897118124,2.0,244.0,8.0,0.9749279121818236,-0.22252093395631434,-0.8702939222685674,-0.49253272872205434,2016-08-31,27.25925925925926
2016-08-31,30.04,29.571428571428573,33.4,30.178571428571427,29.928571428571427,29.125,76.8,82.32142857142857,79.28571428571429,8.903846153846153,5.825,8.419230769230769,1002.1923076923076,1003.6071428571428,1002.5,31.10256235827664,1.3077115901429592,31.289270597127736,1.223316948940872,31.24515484769406,1.5462115641511913,3.0,245.0,9.0,0.43388373911755823,-0.900968867902419,-0.8786374941610001,-0.4774894280028391,2016-09-01,27.96
2016-09-01,27.25925925925926,30.04,29.571428571428573,31.52,29.88888888888889,30.6875,89.55555555555556,76.8,72.44,6.729629629629631,8.903846153846153,6.276923076923075,1003.0370370370372,1002.1923076923076,1004.4230769230768,30.68551776266062,1.9562035394941448,31.098605442176872,1.6013239951322504,31.182963489669373,1.6672154148474723,4.0,246.0,9.0,-0.433883739117558,-0.9009688679024191,-0.886721063082993,-0.46230483047981086,2016-09-02,30.73913043478261
2016-09-02,27.96,27.25925925925926,30.04,31.22222222222222,32.07142857142857,32.5625,87.24,89.55555555555556,73.81481481481481,4.148,6.729629629629631,4.392592592592593,1002.44,1003.0370370370372,1005.2222222222222,30.17694633408919,2.1556888269570806,30.96082766439909,1.7857722514728132,31.092046823002704,1.766573190881134,5.0,247.0,9.0,-0.9749279121818236,-0.2225209339563146,-0.8945422369764496,-0.4469834295196741,2016-09-03,30.894736842105264
2016-09-03,30.73913043478261,27.96,27.25925925925926,31.785714285714285,33.18518518518518,33.111111111111114,71.73913043478261,87.24,70.28571428571429,13.204347826086956,4.148,7.15,1001.2727272727273,1002.44,1006.1428571428572,30.107933221597815,2.124149850524341,30.865663511781523,1.7573078450028314,31.03126783749546,1.7454782883942168,6.0,248.0,9.0,-0.7818314824680299,0.6234898018587334,-0.9020987014301837,-0.43152975897147144,2016-09-04,31.692307692307693
2016-09-04,30.894736842105264,30.73913043478261,27.96,33.4,31.59259259259259,33.8,62.68421052631579,71.73913043478261,66.24,13.263157894736842,13.204347826086956,7.2719999999999985,1001.157894736842,1001.2727272727273,1006.2,29.98065072965367,2.0315339169267586,30.702060058704387,1.6265026286846296,30.957388695195267,1.7007431240115034,0.0,249.0,9.0,0.0,1.0,-0.9093882203647925,-0.4159483918249421,2016-09-05,31.07692307692308
2016-09-05,31.692307692307693,30.894736842105264,30.73913043478261,29.571428571428573,32.18518518518518,30.066666666666663,59.30769230769231,62.68421052631579,82.32142857142857,11.12307692307692,13.263157894736842,5.825,1002.9230769230768,1001.157894736842,1003.6071428571428,29.736694685697632,1.6116243668655021,30.709182565826893,1.6309146177474443,30.88713228493885,1.6209285977270191,1.0,250.0,9.0,0.7818314824680298,0.6234898018587336,-0.9164086366943458,-0.4002439388573056,2016-09-06,30.375
2016-09-06,31.07692307692308,31.692307692307693,30.894736842105264,30.04,31.48,33.11764705882353,60.30769230769231,59.30769230769231,76.8,13.961538461538463,11.12307692307692,8.903846153846153,1003.2307692307692,1002.9230769230768,1002.1923076923076,29.9517653293397,1.6846913752511055,30.63002098666531,1.5798585610379419,30.920807498614067,1.6137738183014538,2.0,251.0,9.0,0.9749279121818236,-0.22252093395631434,-0.9231578729647039,-0.38442104726885545,2016-09-07,31.1
2016-09-07,30.375,31.07692307692308,31.692307692307693,27.25925925925926,30.178571428571427,33.80952380952381,55.0,60.30769230769231,89.55555555555556,13.437499999999998,13.961538461538463,6.729629629629631,1003.75,1003.2307692307692,1003.0370370370372,29.999622472196847,1.6923563585308135,30.551092415236745,1.561625022867697,30.829385929986618,1.5618818980292815,3.0,252.0,9.0,0.43388373911755823,-0.900968867902419,-0.9296339319682695,-0.3684843993077793,2016-09-08,31.916666666666668
2016-09-08,31.1,30.375,31.07692307692308,27.96,31.52,31.615384615384617,57.7,55.0,87.24,9.1,13.437499999999998,4.148,1003.4545454545456,1003.75,1002.44,30.548299720874095,1.209568336771338,30.616908741767357,1.5641322948173553,30.739068469669157,1.458531024377108,4.0,253.0,9.0,-0.433883739117558,-0.9009688679024191,-0.9358348973349941,-0.35243871088460327,2016-09-09,30.55555555555556
2016-09-09,31.916666666666668,31.1,30.375,30.73913043478261,31.22222222222222,32.0,58.0,57.7,71.73913043478261,10.808333333333332,9.1,13.204347826086956,1005.1666666666666,1003.4545454545456,1001.2727272727273,31.11353781611219,0.5346349675278532,30.64524207510069,1.5852004439558427,30.749111204711888,1.4657921425956777,5.0,254.0,9.0,-0.9749279121818236,-0.2225209339563146,-0.9417589340994617,-0.33628873017668287,2016-09-10,31.23076923076923
2016-09-10,30.55555555555556,31.916666666666668,31.1,30.894736842105264,31.785714285714285,28.107142857142858,56.66666666666666,58.0,62.68421052631579,11.52222222222222,10.808333333333332,13.263157894736842,1004.3333333333334,1005.1666666666666,1001.157894736842,31.08731283336547,0.5599637427075655,30.597623027481642,1.5765243506768296,30.700963056563744,1.4468878044295452,6.0,255.0,9.0,-0.7818314824680299,0.6234898018587334,-0.9474042892438845,-0.32003923622313857,2016-09-11,31.0
2016-09-11,31.23076923076923,30.55555555555556,31.916666666666668,31.692307692307693,33.4,29.035714285714285,58.23076923076923,56.66666666666666,59.30769230769231,11.969230769230771,11.52222222222222,11.12307692307692,1005.2307692307692,1004.3333333333334,1002.9230769230768,31.135317460317463,0.5550855001659698,30.557984094985567,1.551125973530136,30.805083935684625,1.3638004944454156,0.0,256.0,9.0,0.0,1.0,-0.9527692922168511,-0.30369503751065885,2016-09-12,31.642857142857142
2016-09-12,31.0,31.23076923076923,30.55555555555556,31.07692307692308,29.571428571428573,30.321428571428573,56.4,58.23076923076923,60.30769230769231,8.15,11.969230769230771,13.961538461538463,1003.8,1005.2307692307692,1003.2307692307692,31.036416361416364,0.49804989374464237,30.386555523556996,1.3296844130897338,30.87056012616081,1.3224495458617864,1.0,257.0,9.0,0.7818314824680298,0.6234898018587336,-0.9578523554276669,-0.28726097055059635,2016-09-13,32.53333333333333
2016-09-13,31.642857142857142,31.0,31.23076923076923,30.375,30.04,28.933333333333334,55.5,56.4,55.0,10.85,8.15,13.437499999999998,1005.0714285714286,1003.8,1003.75,31.11726408512123,0.5490442189766217,30.534514707230464,1.3471383696129071,30.914607745208432,1.3255318083623953,2.0,258.0,9.0,0.9749279121818236,-0.22252093395631434,-0.9626519747161487,-0.2707418984477642,2016-09-14,30.857142857142858
2016-09-14,32.53333333333333,31.642857142857142,31.0,31.1,27.25925925925926,31.678571428571427,57.06666666666667,55.5,57.7,8.526666666666666,10.85,9.1,1006.4,1005.0714285714286,1003.4545454545456,31.42559741845456,0.6579649634681767,30.712609945325706,1.4384511847074475,31.03460774520843,1.302740174546339,3.0,259.0,9.0,0.43388373911755823,-0.900968867902419,-0.9671667297977312,-0.2541427094613622,2016-09-15,31.727272727272727
2016-09-15,30.857142857142858,32.53333333333333,31.642857142857142,31.916666666666668,27.96,31.33333333333333,70.35714285714286,57.06666666666667,58.0,4.235714285714287,8.526666666666666,10.808333333333332,1006.9285714285714,1006.4,1005.1666666666666,31.39090354090354,0.68388700483647,30.969601630888814,1.0403208148519458,31.007226792827478,1.2973599183346938,4.0,260.0,9.0,-0.433883739117558,-0.9009688679024191,-0.97139528468375,-0.23746831555846842,2016-09-16,31.4
2016-09-16,31.727272727272727,30.857142857142858,32.53333333333333,30.55555555555556,30.73913043478261,29.928571428571427,59.63636363636363,70.35714285714286,56.66666666666666,11.9,4.235714285714287,11.52222222222222,1004.75,1006.9285714285714,1004.3333333333334,31.363847263847266,0.6630487265320458,31.238692539979727,0.5930430547515253,31.020358105958792,1.3027568606844884,5.0,261.0,9.0,-0.9749279121818236,-0.2225209339563146,-0.9753363880767837,-0.2207236509605022,2016-09-17,32.30769230769231
2016-09-17,31.4,31.727272727272727,30.857142857142858,31.23076923076923,30.894736842105264,29.88888888888889,58.0,59.63636363636363,58.23076923076923,3.5200000000000005,11.9,11.969230769230771,1004.4,1004.75,1005.2307692307692,31.484482184482182,0.5603427118940584,31.285897508923824,0.5762853402922241,31.06940572500641,1.2878483453033702,6.0,262.0,9.0,-0.7818314824680299,0.6234898018587334,-0.9789888737409319,-0.20391367068311472,2016-09-18,32.25
2016-09-18,32.30769230769231,31.4,31.727272727272727,31.0,31.692307692307693,32.07142857142857,58.0,58.0,56.4,2.707692307692308,3.5200000000000005,8.15,1003.1538461538462,1004.4,1003.8,31.638328338328336,0.62336825650893,31.3868228993229,0.6242421359726578,31.15003250563319,1.2871079688708482,0.0,263.0,9.0,0.0,1.0,-0.9823516608469237,-0.18704334906991657,2016-09-19,32.375
2016-09-19,32.25,32.30769230769231,31.4,31.642857142857142,31.07692307692308,33.18518518518518,58.833333333333336,58.0,55.5,17.908333333333335,2.707692307692308,10.85,1005.0,1003.1538461538462,1005.0714285714286,31.816899766899763,0.5880749339728264,31.426658064158065,0.6618944349709934,31.155984886585575,1.2919199243337443,1.0,264.0,9.0,0.7818314824680298,0.6234898018587336,-0.9854237542919524,-0.17011767832049052,2016-09-20,33.44444444444444
2016-09-20,32.375,32.25,32.30769230769231,32.53333333333333,30.375,31.59259259259259,59.458333333333336,58.833333333333336,57.06666666666667,2.0875,17.908333333333335,8.526666666666666,1004.7083333333334,1005.0,1006.4,31.92149160363446,0.6163875454107666,31.519377844377846,0.6990122491804894,31.12897871374607,1.2560079017648644,2.0,265.0,9.0,0.9749279121818236,-0.22252093395631434,-0.9882042449941422,-0.15314166701312007,2016-09-21,33.36
2016-09-21,33.44444444444444,32.375,32.25,30.857142857142858,31.1,32.18518518518518,54.07407407407408,59.458333333333336,70.35714285714286,2.56923076923077,2.0875,4.235714285714287,1003.5185185185184,1004.7083333333334,1006.9285714285714,32.05165033379319,0.8272492192702765,31.738623876123878,0.7881503599439477,31.190707108807796,1.3232829018072922,3.0,266.0,9.0,0.43388373911755823,-0.900968867902419,-0.9906923101615609,-0.13612033862266704,2016-09-22,30.03703703703704
2016-09-22,33.36,33.44444444444444,32.375,31.727272727272727,31.916666666666668,31.48,58.96,54.07407407407408,59.63636363636363,6.0920000000000005,2.56923076923077,11.9,1005.4,1003.5185185185184,1004.75,32.40920135420135,0.7633347055983358,31.900052447552444,0.8740508864313679,31.229867602634954,1.3702767173763646,4.0,267.0,9.0,-0.433883739117558,-0.9009688679024191,-0.9928872135356962,-0.11905873003404988,2016-09-23,31.0
2016-09-23,30.03703703703704,33.36,33.44444444444444,31.4,30.55555555555556,30.178571428571427,67.62962962962963,58.96,58.0,8.107407407407404,6.0920000000000005,3.5200000000000005,1008.7777777777778,1005.4,1004.4,32.16773911273911,1.1726101962192668,31.76579318829319,1.0057426296681673,31.181768837202856,1.3864238789089438,5.0,268.0,9.0,-0.9749279121818236,-0.2225209339563146,-0.994788305609327,-0.10196189005174576,2016-09-24,31.24
2016-09-24,31.0,30.03703703703704,33.36,32.30769230769231,31.23076923076923,31.52,66.10714285714286,67.62962962962963,58.0,3.571428571428573,8.107407407407404,2.707692307692308,1005.3214285714286,1008.7777777777778,1003.1538461538462,32.110596255596256,1.2248416347293252,31.79753922003922,0.9710181735926309,31.209149789583808,1.3739837292761643,6.0,269.0,9.0,-0.7818314824680299,0.6234898018587334,-0.9963950238187231,-0.08483487790576538,2016-09-25,31.130434782608692
2016-09-25,31.24,31.0,30.03703703703704,32.25,31.0,31.22222222222222,66.48,66.10714285714286,58.833333333333336,5.496153846153845,3.571428571428573,17.908333333333335,1352.6153846153843,1005.3214285714286,1005.0,31.95806878306878,1.262118639324066,31.79819856069856,0.9706067685785552,31.199816456250474,1.3727497939887312,0.0,270.0,9.0,0.0,1.0,-0.9977068927101168,-0.06768276175455162,2016-09-26,31.48
2016-09-26,31.130434782608692,31.24,31.0,32.375,31.642857142857142,31.785714285714285,62.30434782608695,66.48,59.458333333333336,3.1478260869565218,5.496153846153845,2.0875,1004.782608695652,1352.6153846153843,1004.7083333333334,31.798130894870024,1.28959645271325,31.807515330884893,0.962951383862307,31.196756874930028,1.3728004209510731,1.0,271.0,9.0,0.7818314824680298,0.6234898018587336,-0.9987235240803972,-0.050510617185222886,2016-09-27,32.18518518518518
2016-09-27,31.48,31.130434782608692,31.24,33.44444444444444,32.53333333333333,33.4,60.88,62.30434782608695,54.07407407407408,2.986956521739131,3.1478260869565218,2.56923076923077,1006.76,1004.782608695652,1003.5185185185184,31.670273752012886,1.2670405955127428,31.795882677823673,0.9660721143773954,31.18656639873955,1.3694082454586232,2.0,272.0,9.0,0.9749279121818236,-0.22252093395631434,-0.9994446170919858,-0.033323525711631344,2016-09-28,32.44
2016-09-28,32.18518518518518,31.48,31.130434782608692,33.36,30.857142857142858,29.571428571428573,57.81481481481482,60.88,58.96,1.7807692307692309,2.986956521739131,6.0920000000000005,1006.7037037037036,1006.76,1005.4,31.4903795721187,1.0426944223559693,31.771014952955944,0.9499758949522334,31.146072571579055,1.3187225795349227,3.0,273.0,9.0,0.43388373911755823,-0.900968867902419,-0.9998699583618592,-0.016126573270657762,2016-09-29,32.22727272727273
2016-09-29,32.44,32.18518518518518,31.48,30.03703703703704,31.727272727272727,30.04,55.28,57.81481481481482,67.62962962962963,2.5200000000000005,1.7807692307692309,8.107407407407404,1005.28,1006.7037037037036,1008.7777777777778,31.358951000690126,0.7967281089407208,31.884076177445742,0.9267529598538791,31.241691619198104,1.3045319203647427,4.0,274.0,9.0,-0.433883739117558,-0.9009688679024191,-0.9999994220246925,0.001075151282798226,2016-09-30,32.214285714285715
2016-09-30,32.22727272727273,32.44,32.18518518518518,31.0,31.4,27.25925925925926,61.31818181818182,55.28,66.10714285714286,3.963636363636364,2.5200000000000005,3.571428571428573,1005.5909090909092,1005.28,1005.3214285714286,31.671841813580944,0.5958013574830348,31.91979046316003,0.9298743934508643,31.314600710107197,1.2961499715416125,5.0,275.0,10.0,-0.9749279121818236,-0.2225209339563146,-0.999832969770105,0.018276557681691223,2016-10-01,32.541666666666664
2016-10-01,32.214285714285715,32.22727272727273,32.44,31.24,32.30769230769231,27.96,59.35714285714285,61.31818181818182,66.48,2.582142857142858,3.963636363636364,5.496153846153845,1005.5714285714286,1005.5909090909092,1352.6153846153843,31.84531120133604,0.5419268260861766,31.977953728466154,0.9202778363938876,31.479768258608075,1.054798018980941,6.0,276.0,10.0,-0.7818314824680299,0.6234898018587334,-0.9993706508539969,0.03547255575312556,2016-10-02,32.81481481481482
2016-10-02,32.541666666666664,32.214285714285715,32.22727272727273,31.130434782608692,32.25,30.73913043478261,61.91666666666666,59.35714285714285,62.30434782608695,3.170833333333334,2.582142857142858,3.1478260869565218,1007.5,1005.5714285714286,1004.782608695652,32.031263582288425,0.522584821942978,31.994666182678603,0.9288115363340966,31.6324904808303,0.8367528429313149,0.0,277.0,10.0,0.0,1.0,-0.9986126020839734,0.052658056924614005,2016-10-03,33.26923076923077
2016-10-03,32.81481481481482,32.541666666666664,32.214285714285715,31.48,32.375,30.894736842105264,61.81481481481482,61.91666666666666,60.88,4.122222222222223,3.170833333333334,2.986956521739131,1009.1111111111112,1007.5,1006.76,32.271889301175015,0.4154764791346081,32.03501009802252,0.95271445757769,31.701679960164707,0.8461003328006619,1.0,278.0,10.0,0.7818314824680298,0.6234898018587336,-0.9975590477788613,0.06982797572987089,2016-10-04,30.55555555555556
2016-10-04,33.26923076923077,32.81481481481482,32.541666666666664,32.18518518518518,33.44444444444444,31.692307692307693,59.57692307692308,61.81481481481482,57.81481481481482,3.992592592592593,4.122222222222223,1.7807692307692309,1007.1851851851852,1009.1111111111112,1006.7037037037036,32.52749369677941,0.3970705893387217,32.098883724396146,1.0057615813040455,31.780829757735553,0.8784548553028925,2.0,279.0,10.0,0.9749279121818236,-0.22252093395631434,-0.9962102997023297,0.0869772313136861,2016-10-05,28.83333333333333
2016-10-05,30.55555555555556,33.26923076923077,32.81481481481482,32.44,33.36,31.07692307692308,69.81481481481481,59.57692307692308,55.28,5.770370370370371,3.992592592592593,2.5200000000000005,1005.3703703703704,1007.1851851851852,1005.28,32.29468946397518,0.8502911812558899,31.89253451804694,1.0048130677853964,31.742938019843816,0.9064746463882798,3.0,280.0,10.0,0.43388373911755823,-0.900968867902419,-0.9945667569706337,0.1041007489354256,2016-10-06,30.703703703703702
2016-10-06,28.83333333333333,30.55555555555556,33.26923076923077,32.22727272727273,30.03703703703704,30.375,71.875,69.81481481481481,61.31818181818182,3.325,5.770370370370371,3.963636363636364,1005.25,1005.3703703703704,1005.5909090909092,31.779451368737085,1.5513193097752307,31.56920118471361,1.204704740114491,31.668151695057492,1.0452458207508504,4.0,281.0,10.0,-0.433883739117558,-0.9009688679024191,-0.9926289059345095,0.121193461470736,2016-10-07,30.96
2016-10-07,30.703703703703702,28.83333333333333,30.55555555555556,32.214285714285715,31.0,31.1,64.81481481481481,71.875,59.35714285714285,3.2333333333333325,3.325,2.582142857142858,1007.1481481481482,1005.25,1005.5714285714286,31.561798651084363,1.5845414550399977,31.616820232332653,1.1514836090075384,31.67910848518095,1.0328725099452678,5.0,282.0,10.0,-0.9749279121818236,-0.2225209339563146,-0.9903973200352558,0.1382503109109819,2016-10-08,30.6
2016-10-08,30.96,30.703703703703702,28.83333333333333,32.541666666666664,31.24,31.916666666666668,59.96,64.81481481481481,61.91666666666666,15.825,3.2333333333333325,3.170833333333334,1007.2,1007.1481481481482,1007.5,31.38261497761498,1.5693047538839981,31.61396308947551,1.1531802132978461,31.674441818514286,1.0358910885825223,6.0,283.0,10.0,-0.7818314824680299,0.6234898018587334,-0.9878726596350429,0.15526624985999563,2016-10-09,30.92
2016-10-09,30.6,30.96,30.703703703703702,32.81481481481482,31.130434782608692,30.55555555555556,57.96,59.96,61.81481481481482,8.76153846153846,15.825,4.122222222222223,1006.8461538461538,1007.2,1009.1111111111112,31.105234025234022,1.5003782022912713,31.568248803761225,1.1814832746663777,31.63055292962539,1.053025286758118,0.0,284.0,10.0,0.0,1.0,-0.9850556718215013,0.172236243027682,2016-10-10,29.77777777777778
2016-10-10,30.92,30.6,30.96,33.26923076923077,31.48,31.23076923076923,59.2,57.96,59.57692307692308,3.184000000000001,8.76153846153846,3.992592592592593,1005.96,1006.8461538461538,1007.1851851851852,30.834546194546196,1.2977898106452566,31.553217747860604,1.1887976409799128,31.64270107777354,1.04224300840407,1.0,285.0,10.0,0.7818314824680298,0.6234898018587336,-0.981947190186646,0.18915526872004093,2016-10-11,29.666666666666668
2016-10-11,29.77777777777778,30.92,30.6,30.55555555555556,32.18518518518518,31.0,51.11111111111112,59.2,69.81481481481481,4.807407407407408,3.184000000000001,5.770370370370371,1006.1481481481482,1005.96,1005.3703703703704,30.335767195767197,0.7695407111603442,31.4316304462733,1.2803838200878526,31.59426802934049,1.0944959858990182,2.0,286.0,10.0,0.9749279121818236,-0.22252093395631434,-0.9785481345802031,0.20601832032517084,2016-10-12,29.571428571428573
2016-10-12,29.666666666666668,29.77777777777778,30.92,28.83333333333333,32.44,31.642857142857142,51.14814814814815,51.11111111111112,71.875,8.922222222222224,4.807407407407408,3.325,1006.5925925925926,1006.1481481481482,1005.25,30.20878306878307,0.7999657547047084,31.251736266379122,1.3418173962378552,31.54982358489605,1.1453497537606705,3.0,287.0,10.0,0.43388373911755823,-0.900968867902419,-0.9748595108374125,0.22282040779479959,2016-10-13,29.96296296296296
2016-10-13,29.571428571428573,29.666666666666668,29.77777777777778,30.703703703703702,32.22727272727273,32.53333333333333,47.285714285714285,51.14814814814815,64.81481481481481,11.371428571428568,8.922222222222224,3.2333333333333325,1006.25,1006.5925925925926,1007.1481481481482,30.31422524565382,0.6159279806530743,31.04683830719545,1.3652235613089136,31.48077596584843,1.2006509738653524,4.0,288.0,10.0,-0.433883739117558,-0.9009688679024191,-0.9708824104813836,0.23955655912092708,2016-10-14,29.75
2016-10-14,29.96296296296296,29.571428571428573,29.666666666666668,30.96,32.214285714285715,30.857142857142858,44.0,47.285714285714285,59.96,13.022222222222224,11.371428571428568,15.825,1008.3333333333334,1006.25,1007.2,30.20840513983371,0.6013193996668238,30.885101895459037,1.3486460117745778,31.395096953502748,1.214580565824184,5.0,289.0,10.0,-0.9749279121818236,-0.2225209339563146,-0.9666180104000972,0.2562218218071163,2016-10-15,27.74074074074074
2016-10-15,29.75,29.96296296296296,29.571428571428573,30.6,32.541666666666664,31.727272727272727,47.875,44.0,57.96,8.934782608695652,13.022222222222224,8.76153846153846,1009.125,1008.3333333333334,1006.8461538461538,30.035547996976568,0.5172996259477931,30.709081487295773,1.3223801663773136,31.35819219159799,1.2478542010954061,6.0,290.0,10.0,-0.7818314824680299,0.6234898018587334,-0.9620675724981452,0.27281126433401914,2016-10-16,28.428571428571427
2016-10-16,27.74074074074074,29.75,29.96296296296296,30.92,32.81481481481482,31.4,54.14814814814815,47.875,59.2,6.662962962962963,8.934782608695652,3.184000000000001,1010.5185185185184,1009.125,1005.96,29.62708238851096,0.9473839968122147,30.36615820687249,1.4288050423608556,31.225307792046923,1.409047731218715,0.0,291.0,10.0,0.0,1.0,-0.957232443323312,0.28931997761869527,2016-10-17,28.6
2016-10-17,28.428571428571427,27.74074074074074,29.75,29.77777777777778,33.26923076923077,32.30769230769231,49.85714285714285,54.14814814814815,51.11111111111112,7.014285714285715,6.662962962962963,4.807407407407408,1011.8571428571428,1010.5185185185184,1006.1481481481482,29.27116402116402,0.8429379184324507,30.052855107855105,1.3279072526653888,31.126260172999306,1.4979751131722834,1.0,292.0,10.0,0.7818314824680298,0.6234898018587336,-0.9521140536681102,0.3057430764672831,2016-10-18,28.5
2016-10-18,28.6,28.428571428571427,27.74074074074074,29.666666666666668,30.55555555555556,32.25,49.24,49.85714285714285,51.14814814814815,7.1160000000000005,7.014285714285715,8.922222222222224,1010.56,1011.8571428571428,1006.5925925925926,29.102910052910055,0.8425065643730022,29.719338624338626,1.005057972851721,31.00267042940956,1.5492148131587158,2.0,293.0,10.0,0.9749279121818236,-0.22252093395631434,-0.9467139181463862,0.3220757010206104,2016-10-19,28.925925925925927
2016-10-19,28.5,28.6,28.428571428571427,29.571428571428573,28.83333333333333,32.375,48.458333333333336,49.24,47.285714285714285,7.668181818181818,7.1160000000000005,11.371428571428568,1009.4583333333334,1010.56,1006.25,28.936243386243387,0.827661206248338,29.57251322751323,1.023476730745788,30.87767042940956,1.5956914813136636,3.0,294.0,10.0,0.43388373911755823,-0.900968867902419,-0.9410336347451197,0.3383130181923076,2016-10-20,29.07692307692308
2016-10-20,28.925925925925927,28.5,28.6,29.96296296296296,30.703703703703702,33.44444444444444,49.18518518518518,48.458333333333336,44.0,6.459259259259259,7.668181818181818,13.022222222222224,1008.5555555555557,1009.4583333333334,1008.3333333333334,28.84402872260015,0.779664442259562,29.579126984126987,1.0186203292333755,30.76270129360709,1.6082918921560478,4.0,295.0,10.0,-0.433883739117558,-0.9009688679024191,-0.9350748843515574,0.3544502230989869,2016-10-21,28.40909090909091
2016-10-21,29.07692307692308,28.925925925925927,28.5,29.75,30.96,33.36,47.73076923076923,49.18518518518518,47.875,9.124,6.459259259259259,8.934782608695652,1007.5384615384615,1008.5555555555557,1009.125,28.71745159602302,0.6241438694129952,29.462928367928367,0.9721958565402967,30.617117248023042,1.5539243084991898,5.0,296.0,10.0,-0.9749279121818236,-0.2225209339563146,-0.9288394302558068,0.3704825404820963,2016-10-22,29.33333333333333
2016-10-22,28.40909090909091,29.07692307692308,28.925925925925927,27.74074074074074,30.6,30.03703703703704,50.40909090909091,47.73076923076923,54.14814814814815,10.695454545454549,9.124,6.662962962962963,1008.7272727272727,1007.5384615384615,1010.5185185185184,28.52589315446458,0.4300002072322364,29.280720575720576,0.9068837848402816,30.45208694499274,1.514990229108956,6.0,297.0,10.0,-0.7818314824680299,0.6234898018587334,-0.9223291176290545,0.3864052261209853,2016-10-23,27.5
2016-10-23,29.33333333333333,28.40909090909091,29.07692307692308,28.428571428571427,30.92,31.0,49.48148148148148,50.40909090909091,49.85714285714285,13.323076923076924,10.695454545454549,7.014285714285715,1009.3703703703704,1008.7272727272727,1011.8571428571428,28.75340638197781,0.36114644262855217,29.190244385244387,0.8245914288073987,30.428630154869285,1.5270379601676076,0.0,298.0,10.0,0.0,1.0,-0.9155458729775467,0.40221356823680365,2016-10-24,28.5
2016-10-24,27.5,29.33333333333333,28.40909090909091,28.6,29.77777777777778,31.24,54.96153846153846,49.48148148148148,49.24,11.546153846153846,13.323076923076924,7.1160000000000005,1009.3076923076924,1009.3703703703704,1010.56,28.620753320753323,0.5951039806904973,28.94595867095867,0.7780042401618606,30.31196348820262,1.6131526294671215,1.0,299.0,10.0,0.7818314824680298,0.6234898018587336,-0.9084917035725082,0.41790288888678667,2016-10-25,28.04
2016-10-25,28.5,27.5,29.33333333333333,28.5,29.666666666666668,31.130434782608692,51.42307692307692,54.96153846153846,48.458333333333336,11.188461538461535,11.546153846153846,7.668181818181818,1008.2692307692308,1009.3076923076924,1009.4583333333334,28.606467606467607,0.5968828164897109,28.85468882968883,0.74725710254779,30.220630154869287,1.6361992054207017,2.0,300.0,10.0,0.9749279121818236,-0.22252093395631434,-0.9011686968561569,0.4334685453485363,2016-10-26,27.57692307692308
2016-10-26,28.04,28.5,27.5,28.925925925925927,29.571428571428573,31.48,54.56,51.42307692307692,49.18518518518518,12.388461538461542,11.188461538461535,6.459259259259259,1008.9230769230768,1008.2692307692308,1008.5555555555557,28.540753320753318,0.6346831501158311,28.738498353498354,0.7376948510200049,30.11761566211566,1.6737973674882896,3.0,301.0,10.0,0.43388373911755823,-0.900968867902419,-0.8935790198239952,0.4489059314938798,2016-10-27,26.55555555555556
2016-10-27,27.57692307692308,28.04,28.5,29.07692307692308,29.96296296296296,32.18518518518518,56.19230769230769,54.56,47.73076923076923,5.699999999999998,12.388461538461542,9.124,1011.7307692307692,1008.9230769230768,1007.5384615384615,28.34803862803863,0.6997111713503885,28.596033675319394,0.7568078611808566,29.987513098013096,1.715422523679576,4.0,302.0,10.0,-0.433883739117558,-0.9009688679024191,-0.8857249183835637,0.4642104791518923,2016-10-28,25.51851851851852
2016-10-28,26.55555555555556,27.57692307692308,28.04,28.40909090909091,29.75,32.44,59.37037037037037,56.19230769230769,50.40909090909091,6.044444444444444,5.699999999999998,10.695454545454549,1014.6296296296296,1011.7307692307692,1008.7272727272727,27.987843267843267,0.886106886201648,28.352647431933146,0.8279536866891462,29.799858777025445,1.7736549469328744,5.0,303.0,10.0,-0.9749279121818236,-0.2225209339563146,-0.8776087166898392,0.4793776594606945,2016-10-29,25.814814814814813
2016-10-29,25.51851851851852,26.55555555555556,27.57692307692308,29.33333333333333,27.74074074074074,32.22727272727273,58.77777777777778,59.37037037037037,49.48148148148148,7.277777777777777,6.044444444444444,13.323076923076924,1012.4074074074074,1014.6296296296296,1009.3703703703704,27.57490435490436,1.2541662439166832,28.05039875468447,1.0270318627637869,29.569142727642728,1.866144246570002,6.0,304.0,10.0,-0.7818314824680299,0.6234898018587334,-0.8692328164574792,0.49440298420761813,2016-10-30,24.82608695652174
2016-10-30,25.814814814814813,25.51851851851852,26.55555555555556,27.5,28.428571428571427,32.214285714285715,62.77777777777778,58.77777777777778,54.96153846153846,1.7148148148148148,7.277777777777777,11.546153846153846,1013.0,1012.4074074074074,1009.3076923076924,27.07225885225885,1.1309931485148954,27.912832617118333,1.1880602512710086,29.355394130560796,1.917712405361586,0.0,305.0,10.0,0.0,1.0,-0.8605996962501181,0.5092820071573356,2016-10-31,24.53846153846154
2016-10-31,24.82608695652174,25.814814814814813,25.51851851851852,28.5,28.6,32.541666666666664,71.04347826086956,62.77777777777778,51.42307692307692,2.0130434782608697,1.7148148148148148,11.188461538461535,1014.608695652174,1013.0,1008.2692307692308,26.690271274619104,1.385387860333485,27.65551229768621,1.4327046205026854,29.10912083863533,2.010085360861038,1.0,306.0,11.0,0.7818314824680298,0.6234898018587336,-0.8517119107469189,0.5240103253675756,2016-11-01,24.384615384615383
2016-11-01,24.53846153846154,24.82608695652174,25.814814814814813,28.04,28.5,32.81481481481482,66.8076923076923,71.04347826086956,54.56,1.6423076923076925,2.0130434782608697,12.388461538461542,1017.8076923076924,1014.608695652174,1008.9230769230768,26.124337208685034,1.330976749960788,27.36540240757632,1.6250445869370158,28.84234733436183,2.069035791425111,2.0,307.0,11.0,0.9749279121818236,-0.22252093395631434,-0.8425720899866032,0.5385835804920232,2016-11-02,23.727272727272727
2016-11-02,24.384615384615383,24.53846153846154,24.82608695652174,27.57692307692308,28.925925925925927,33.26923076923077,58.73076923076923,66.8076923076923,56.19230769230769,2.7153846153846155,1.6423076923076925,5.699999999999998,1016.3846153846154,1017.8076923076924,1011.7307692307692,25.602139406487233,1.1602463054879695,27.071446363620275,1.7697902140465607,28.561340686688514,2.083335341847888,3.0,308.0,11.0,0.43388373911755823,-0.900968867902419,-0.8331829385891785,0.5529974600700271,2016-11-03,25.64
2016-11-03,23.727272727272727,24.384615384615383,24.53846153846154,26.55555555555556,29.07692307692308,30.55555555555556,65.9090909090909,58.73076923076923,59.37037037037037,1.4318181818181817,2.7153846153846155,6.044444444444444,1016.5909090909092,1016.3846153846154,1014.6296296296296,25.05218935653718,0.9639560894320612,26.700113992287903,1.891926589598664,28.243275418623245,2.068126895456854,4.0,309.0,11.0,-0.433883739117558,-0.9009688679024191,-0.8235472349556007,0.5672476988027229,2016-11-04,24.814814814814813
2016-11-04,25.64,23.727272727272727,24.384615384615383,25.51851851851852,28.40909090909091,28.83333333333333,59.76,65.9090909090909,58.77777777777778,2.2320000000000007,1.4318181818181817,7.277777777777777,1016.24,1016.5909090909092,1012.4074074074074,24.92139570574353,0.7682155323345706,26.4546194867934,1.779431529498272,28.079423566771393,2.0733306322532123,5.0,310.0,11.0,-0.9749279121818236,-0.2225209339563146,-0.8136678304455991,0.5813300798152042,2016-11-05,23.115384615384617
2016-11-05,24.814814814814813,25.64,23.727272727272727,25.814814814814813,29.33333333333333,30.703703703703702,58.2962962962963,59.76,62.77777777777778,4.122222222222222,2.2320000000000007,1.7148148148148148,1012.6296296296296,1016.24,1013.0,24.82086660521443,0.7216868846809527,26.197885480059394,1.7344722829662473,27.945472949487442,2.1512891463080104,6.0,311.0,11.0,-0.7818314824680299,0.6234898018587334,-0.8035476485339116,0.5952404359043674,2016-11-06,22.925925925925927
2016-11-06,23.115384615384617,24.814814814814813,25.64,24.82608695652174,27.5,30.96,66.57692307692308,58.2962962962963,71.04347826086956,5.784615384615384,4.122222222222222,2.0130434782608697,1010.3461538461538,1012.6296296296296,1014.608695652174,24.435233719581543,0.816980056265964,25.753746285920197,1.6645227292910902,27.692528979876805,2.259201885382172,0.0,312.0,11.0,0.0,1.0,-0.7931896839451843,0.6089746507720486,2016-11-07,24.545454545454547
2016-11-07,22.925925925925927,23.115384615384617,24.814814814814813,24.53846153846154,28.5,30.6,63.851851851851855,66.57692307692308,66.8076923076923,2.411111111111111,5.784615384615384,1.6423076923076925,1011.5185185185184,1010.3461538461538,1017.8076923076924,24.16378214378214,0.9673141967283262,25.42702670920062,1.7424781936907416,27.424726510741,2.3334774593153202,1.0,313.0,11.0,0.7818314824680298,0.6234898018587336,-0.7825970017677834,0.6225286602431057,2016-11-08,23.73076923076923
2016-11-08,24.545454545454547,22.925925925925927,23.115384615384617,24.384615384615383,28.04,30.92,51.31818181818182,63.851851851851855,58.73076923076923,8.172727272727274,2.411111111111111,2.7153846153846155,1012.7727272727273,1011.5185185185184,1016.3846153846154,24.16478114478115,0.9677691458997415,25.14455917673309,1.5111882044040539,27.222908328922824,2.311100070230543,2.0,314.0,11.0,0.9749279121818236,-0.22252093395631434,-0.7717727365467836,0.6358984534680745,2016-11-09,23.0
2016-11-09,23.73076923076923,24.545454545454547,22.925925925925927,23.727272727272727,27.57692307692308,29.77777777777778,52.26923076923077,51.31818181818182,65.9090909090909,12.750000000000002,8.172727272727274,1.4318181818181817,1013.64,1012.7727272727273,1016.5909090909092,24.071374551374554,0.9745450584068327,24.83675697893089,1.300201197665791,26.983267303281796,2.287130686414031,3.0,315.0,11.0,0.43388373911755823,-0.900968867902419,-0.7607200913564104,0.6490800741100398,2016-11-10,23.51851851851852
2016-11-10,23.0,23.73076923076923,24.545454545454547,25.64,26.55555555555556,29.666666666666668,49.7037037037037,52.26923076923077,59.76,7.074074074074074,12.750000000000002,2.2320000000000007,1014.6666666666666,1013.64,1016.24,23.96747844747845,1.0529565507291283,24.509833902007813,1.1213201418680545,26.75734137735587,2.3358074024770117,4.0,316.0,11.0,-0.433883739117558,-0.9009688679024191,-0.7494423368521954,0.6620696215153815,2016-11-11,23.92
2016-11-11,23.51851851851852,23.0,23.73076923076923,24.814814814814813,25.51851851851852,29.571428571428573,50.14814814814815,49.7037037037037,58.2962962962963,3.225925925925927,7.074074074074074,4.122222222222222,1013.8148148148148,1014.6666666666666,1012.6296296296296,23.664409664409664,0.7542752426012667,24.292902685076598,0.9799751234168003,26.552403105750933,2.341453272850864,5.0,317.0,11.0,-0.9749279121818236,-0.2225209339563146,-0.7379428103031386,0.6748632518680403,2016-11-12,23.53846153846154
2016-11-12,23.92,23.51851851851852,23.0,23.115384615384617,25.814814814814813,29.96296296296296,54.04,50.14814814814815,66.57692307692308,2.968,3.225925925925927,5.784615384615384,1014.08,1013.8148148148148,1010.3461538461538,23.536578976578976,0.5832518703951657,24.178722790896703,0.9173108574175454,26.36402215336998,2.317401259225475,6.0,318.0,11.0,-0.7818314824680299,0.6234898018587334,-0.7262249146041543,0.6874571793269664,2016-11-13,24.296296296296298
2016-11-13,23.53846153846154,23.92,23.51851851851852,22.925925925925927,24.82608695652174,29.75,58.03846153846154,54.04,63.851851851851855,2.7846153846153854,2.968,2.411111111111111,1015.1538461538462,1014.08,1011.5185185185184,23.59701853701854,0.553492658305903,24.016126128300044,0.799133166614558,26.149872105886597,2.26970847166424,0.0,319.0,11.0,0.0,1.0,-0.7142921172691032,0.699847677146407,2016-11-14,23.346153846153847
2016-11-14,24.296296296296298,23.53846153846154,23.92,24.545454545454547,24.53846153846154,27.74074074074074,55.81481481481482,58.03846153846154,51.31818181818182,4.4,2.7846153846153854,8.172727272727274,1016.5185185185184,1015.1538461538462,1012.7727272727273,23.792785732785735,0.5177636629742172,23.978283938283937,0.7698346463181206,25.96808198242981,2.1883635265233976,1.0,320.0,11.0,0.7818314824680298,0.6234898018587336,-0.7021479494046978,0.7120310787787131,2016-11-15,22.24
2016-11-15,23.346153846153847,24.296296296296298,23.53846153846154,23.73076923076923,24.384615384615383,28.428571428571427,60.73076923076923,55.81481481481482,52.26923076923077,1.4961538461538462,4.4,12.750000000000002,1015.7307692307692,1016.5185185185184,1013.64,23.62145706145706,0.4155258454529098,23.8931191031191,0.7690472025268544,25.821595752610243,2.212562521344534,2.0,321.0,11.0,0.9749279121818236,-0.22252093395631434,-0.6897960046655887,0.7240037789593305,2016-11-16,21.76923076923077
2016-11-16,22.24,23.346153846153847,24.296296296296298,23.0,23.727272727272727,28.6,55.72,60.73076923076923,49.7037037037037,4.087999999999999,1.4961538461538462,7.074074074074074,1016.24,1015.7307692307692,1014.6666666666666,23.40849002849003,0.6601717114774535,23.73993228993229,0.8705146211991053,25.61531003832453,2.249309828993582,3.0,322.0,11.0,0.43388373911755823,-0.900968867902419,-0.6772399381909491,0.7357622347736527,2016-11-17,21.73076923076923
2016-11-17,21.76923076923077,22.24,23.346153846153847,23.51851851851852,25.64,28.5,53.23076923076923,55.72,50.14814814814815,7.138461538461537,4.087999999999999,3.225925925925927,1017.5384615384615,1016.24,1013.8148148148148,23.232665852665853,0.9054343305721669,23.60007215007215,1.0175761688157587,25.387617730632222,2.282248471352739,4.0,323.0,11.0,-0.433883739117558,-0.9009688679024191,-0.6644834655228552,0.7473029667054296,2016-11-18,21.73076923076923
2016-11-18,21.73076923076923,21.76923076923077,22.24,23.92,24.814814814814813,28.925925925925927,51.73076923076923,53.23076923076923,54.04,11.55,7.138461538461537,2.968,1350.2962962962963,1017.5384615384615,1014.08,22.9772730972731,1.0516868562466342,23.320841380841383,0.9487808625912552,25.161976704991197,2.298494903728197,5.0,324.0,11.0,-0.9749279121818236,-0.2225209339563146,-0.6515303615068021,0.75862255966641,2016-11-19,20.666666666666668
2016-11-19,21.73076923076923,21.73076923076923,21.76923076923077,23.53846153846154,23.115384615384617,29.07692307692308,53.61538461538461,51.73076923076923,58.03846153846154,7.7799999999999985,11.55,2.7846153846153854,1014.6923076923076,1350.2962962962963,1015.1538461538462,22.664525844525844,1.0501296292195523,23.10055241055241,0.933125361469751,24.922138148485978,2.2673809959971063,6.0,325.0,11.0,-0.7818314824680299,0.6234898018587334,-0.6383844591746642,0.7697176640069211,2016-11-20,22.25
2016-11-20,20.666666666666668,21.73076923076923,21.73076923076923,24.296296296296298,22.925925925925927,28.40909090909091,60.66666666666666,53.61538461538461,55.81481481481482,2.8400000000000003,7.7799999999999985,4.4,1012.4666666666668,1014.6923076923076,1016.5185185185184,22.254269434269435,1.2018138285742999,22.92564398564399,1.1372935702247415,24.641796268144095,2.2558623512364555,0.0,326.0,11.0,0.0,1.0,-0.6250496486104377,0.7805849965070866,2016-11-21,21.53846153846154
2016-11-21,22.25,20.666666666666668,21.73076923076923,23.346153846153847,24.545454545454547,29.33333333333333,59.9,60.66666666666666,60.73076923076923,2.5050000000000003,2.8400000000000003,1.4961538461538462,1013.35,1012.4666666666668,1015.7307692307692,21.961941391941394,0.8060287012905335,22.877363562363566,1.1515386819851587,24.436493237841066,2.180179001928976,1.0,327.0,11.0,0.7818314824680298,0.6234898018587336,-0.6115298757991053,0.7912213413483807,2016-11-22,22.57894736842105
2016-11-22,21.53846153846154,22.25,20.666666666666668,22.24,23.73076923076923,27.5,60.46153846153846,59.9,55.72,2.7153846153846155,2.5050000000000003,4.087999999999999,1013.0,1013.35,1016.24,21.70369963369963,0.5314387753749823,22.662578347578346,1.0955438000681086,24.176664178012004,2.0361935797559947,2.0,328.0,11.0,0.9749279121818236,-0.22252093395631434,-0.5978291414589552,0.801623551065242,2016-11-23,22.82608695652174
2016-11-23,22.57894736842105,21.53846153846154,22.25,21.76923076923077,23.0,28.5,50.1578947368421,60.46153846153846,53.23076923076923,7.999999999999998,2.7153846153846155,7.138461538461537,1012.8947368421052,1013.0,1017.5384615384615,21.752120686331214,0.5995263905378158,22.580305357410623,1.0515193908474405,24.012629090292705,1.9558696562134104,3.0,329.0,11.0,0.43388373911755823,-0.900968867902419,-0.5839514998576998,0.8117885474764613,2016-11-24,21.42105263157895
2016-11-24,22.82608695652174,22.57894736842105,21.53846153846154,21.73076923076923,23.51851851851852,28.04,51.43478260869565,50.1578947368421,51.73076923076923,6.604347826086956,7.999999999999998,11.55,1013.1739130434784,1012.8947368421052,1350.2962962962963,21.903100141658495,0.7245847754359689,22.567882997162176,1.0471982389739412,23.823498655510097,1.772740253294695,4.0,330.0,11.0,-0.433883739117558,-0.9009688679024191,-0.5699010576127624,0.8217133225960589,2016-11-25,23.6
2016-11-25,21.42105263157895,22.82608695652174,22.57894736842105,21.73076923076923,23.92,27.57692307692308,51.47368421052632,51.43478260869565,53.61538461538461,8.289473684210526,6.604347826086956,7.7799999999999985,1014.9473684210526,1013.1739130434784,1014.6923076923076,21.85885491320274,0.7460012241053169,22.418064005237916,1.0507647669276108,23.60286707656273,1.6365243517772816,5.0,331.0,11.0,-0.9749279121818236,-0.2225209339563146,-0.5556819724760489,0.8313949395234058,2016-11-26,24.294117647058822
2016-11-26,23.6,21.42105263157895,22.82608695652174,20.666666666666668,23.53846153846154,26.55555555555556,30.55,51.47368421052632,60.66666666666666,15.085000000000004,8.289473684210526,2.8400000000000003,1012.95,1014.9473684210526,1012.4666666666668,22.125887880235705,0.9878546612952669,22.395206862380775,1.018567335414404,23.470302973998628,1.4544561319389588,6.0,332.0,11.0,-0.7818314824680299,0.6234898018587334,-0.5412984521036173,0.8408305333122887,2016-11-27,23.63636363636364
2016-11-27,24.294117647058822,23.6,21.42105263157895,22.25,24.296296296296298,25.51851851851852,32.64705882352941,30.55,59.9,14.494117647058824,15.085000000000004,2.5050000000000003,1013.25,1012.95,1013.35,22.644095163148872,1.0446102340279217,22.449182298709154,1.1005340124636716,23.394921710382068,1.343403470201362,0.0,333.0,11.0,0.0,1.0,-0.5267547528105542,0.8500173118187018,2016-11-28,22.454545454545453
2016-11-28,23.63636363636364,24.294117647058822,23.6,21.53846153846154,23.346153846153847,25.814814814814813,33.63636363636363,32.64705882352941,60.46153846153846,12.45909090909091,14.494117647058824,2.7153846153846155,1013.5909090909092,1013.25,1013.0,22.84214711120082,1.0879626948754377,22.40204425157111,1.0270097720763016,23.332183214310238,1.2834194742835325,1.0,334.0,11.0,0.7818314824680298,0.6234898018587336,-0.5120551783114646,0.8589525565270845,2016-11-29,21.61111111111111
2016-11-29,22.454545454545453,23.63636363636364,24.294117647058822,22.57894736842105,22.24,24.82608695652174,37.31818181818182,33.63636363636363,50.1578947368421,9.185714285714289,12.45909090909091,7.999999999999998,12.045454545454543,1013.5909090909092,1012.8947368421052,22.97301624206995,0.951553888683852,22.33835793788479,0.9909734193920289,23.220174235634595,1.2034176747419492,2.0,335.0,11.0,0.9749279121818236,-0.22252093395631434,-0.4972040784469378,0.8676336233547726,2016-11-30,19.869565217391305
2016-11-30,21.61111111111111,22.454545454545453,23.63636363636364,22.82608695652174,21.76923076923077,24.53846153846154,53.72222222222222,37.31818181818182,51.43478260869565,1.238888888888889,9.185714285714289,6.604347826086956,1015.0,12.045454545454543,1013.1739130434784,22.8347539195971,1.0800006819642978,22.293437302964158,1.009848873238877,23.113008374120906,1.1986170437854045,3.0,336.0,12.0,0.43388373911755823,-0.900968867902419,-0.4822058478963526,0.8760579434344281,2016-12-01,19.75
2016-12-01,19.869565217391305,21.61111111111111,22.454545454545453,21.42105263157895,21.73076923076923,24.384615384615383,80.08695652173913,53.72222222222222,51.47368421052632,4.269565217391306,1.238888888888889,8.289473684210526,1016.608695652174,1015.0,1014.9473684210526,22.412393671149893,1.5568108697709084,22.157746906404192,1.1961453710634111,22.957378496751897,1.3054948690088313,4.0,337.0,12.0,-0.433883739117558,-0.9009688679024191,-0.46706492487743034,0.8842230238742036,2016-12-02,19.20833333333333
2016-12-02,19.75,19.869565217391305,21.61111111111111,23.6,21.73076923076923,23.727272727272727,84.0,80.08695652173913,30.55,2.704166666666667,4.269565217391306,15.085000000000004,1016.875,1016.608695652174,1012.95,22.173671866638617,1.837055016832582,22.016263389920677,1.3568804087376842,22.802891317264717,1.4014705548325113,5.0,338.0,12.0,-0.9749279121818236,-0.2225209339563146,-0.451785789832884,0.8921264484954345,2016-12-03,21.20833333333333
2016-12-03,19.20833333333333,19.75,19.869565217391305,24.294117647058822,20.666666666666668,25.64,75.875,84.0,32.64705882352941,4.945833333333334,2.704166666666667,14.494117647058824,1017.75,1016.875,1013.25,21.546290914257668,2.010480849052127,21.83608939724669,1.5512551917196002,22.652260004133403,1.5351641954147608,6.0,339.0,12.0,-0.7818314824680299,0.6234898018587334,-0.4363729641045924,0.8997658785476209,2016-12-04,18.9
2016-12-04,21.20833333333333,19.20833333333333,19.75,23.63636363636364,22.25,24.814814814814813,52.16666666666666,75.875,33.63636363636363,5.866666666666666,4.945833333333334,12.45909090909091,1019.3333333333334,1017.75,1013.5909090909092,21.10546458372545,1.6049697849495488,21.87477987343716,1.5264003789608618,22.504537781911186,1.4485286518206886,0.0,340.0,12.0,0.0,1.0,-0.42083100859565564,0.9071390534005044,2016-12-05,18.63636363636364
2016-12-05,18.9,21.20833333333333,19.20833333333333,22.454545454545453,21.53846153846154,23.115384615384617,55.25,52.16666666666666,37.31818181818182,5.666666666666666,5.866666666666666,9.185714285714289,1019.7,1019.3333333333334,12.045454545454543,20.428841207102074,1.3360050974500737,21.635494159151445,1.7140952654784962,22.307377288084023,1.523810641257701,1.0,341.0,12.0,0.7818314824680298,0.6234898018587336,-0.4051645224207563,0.9142437912130223,2016-12-06,18.53846153846154
2016-12-06,18.63636363636364,18.9,21.20833333333333,21.61111111111111,22.57894736842105,22.925925925925927,56.59090909090909,55.25,53.72222222222222,4.9523809523809526,5.666666666666666,1.238888888888889,1017.0454545454544,1019.7,1015.0,19.88338666164753,1.1355109890754203,21.428201451858744,1.8928890893806076,22.158076588783324,1.6556352220646544,2.0,342.0,12.0,0.9749279121818236,-0.22252093395631434,-0.3893781415452015,0.9210779895789526,2016-12-07,18.25
2016-12-07,18.53846153846154,18.63636363636364,18.9,19.869565217391305,22.82608695652174,24.545454545454547,69.92307692307692,56.59090909090909,80.08695652173913,2.5038461538461543,4.9523809523809526,4.269565217391306,1017.9615384615385,1017.0454545454544,1016.608695652174,19.444436722697592,0.93196599627164,21.139595321147343,2.0084370115564267,22.011827775867847,1.7749509047827199,3.0,343.0,12.0,0.43388373911755823,-0.900968867902419,-0.37347653741307074,0.9276396261490467,2016-12-08,16.9
2016-12-08,18.25,18.53846153846154,18.63636363636364,19.75,21.42105263157895,23.73076923076923,74.35,69.92307692307692,84.0,0.925,2.5038461538461543,2.704166666666667,1017.421052631579,1017.9615384615385,1016.875,19.21307026307026,1.0068594312915164,20.81273196711008,2.0838094172212442,21.801979291019357,1.836169764587824,4.0,344.0,12.0,-0.433883739117558,-0.9009688679024191,-0.3574644155648614,0.9339267592294762,2016-12-09,19.416666666666668
2016-12-09,16.9,18.25,18.53846153846154,19.20833333333333,23.6,23.0,73.3,74.35,75.875,1.765,0.925,4.945833333333334,1016.2,1017.421052631579,1017.75,18.805927405927406,1.2899766692287626,20.489799636283013,2.3192973950417355,21.574286983327053,2.0045458635711237,5.0,345.0,12.0,-0.9749279121818236,-0.2225209339563146,-0.34134651424503615,0.9399375283564133,2016-12-10,16.444444444444443
2016-12-10,19.416666666666668,16.9,18.25,21.20833333333333,24.294117647058822,23.51851851851852,68.125,73.3,52.16666666666666,1.3125,1.765,5.866666666666666,1013.4166666666666,1016.2,1019.3333333333334,18.83568931068931,1.3031442974781378,20.19099011247349,2.1511548510787892,21.454842538882605,2.0233343768976515,6.0,346.0,12.0,-0.7818314824680299,0.6234898018587334,-0.3251276029999093,0.9456701548465688,2016-12-11,20.041666666666668
2016-12-11,16.444444444444443,19.416666666666668,16.9,18.9,23.63636363636364,23.92,82.83333333333333,68.125,55.25,5.355555555555556,1.3125,5.666666666666666,1014.0,1013.4166666666666,1019.7,18.155133755133754,1.0828690027783996,19.630299169429602,2.0183157815014323,21.219040069746804,2.180634393644743,0.0,347.0,12.0,0.0,1.0,-0.30881248126625377,0.9511229423235357,2016-12-12,19.90909090909091
2016-12-12,20.041666666666668,16.444444444444443,19.416666666666668,18.63636363636364,22.454545454545453,23.53846153846154,69.58333333333333,82.83333333333333,56.59090909090909,4.716666666666667,5.355555555555556,4.9523809523809526,1013.2916666666666,1014.0,1017.0454545454544,18.318228993228992,1.281510304926711,19.373535100165533,1.6676668040891236,21.089762291969027,2.1293472018460373,1.0,348.0,12.0,0.7818314824680298,0.6234898018587336,-0.29240597695107734,0.9562942772197719,2016-12-13,19.05
2016-12-13,19.90909090909091,20.041666666666668,16.444444444444443,18.53846153846154,21.61111111111111,24.296296296296298,63.86363636363637,69.58333333333333,69.92307692307692,3.2818181818181817,4.716666666666667,2.5038461538461543,1014.181818181818,1013.2916666666666,1017.9615384615385,18.500047175047175,1.4172649126221935,19.19171691834735,1.4273657475954236,20.968783270990006,2.0881293796894047,2.0,349.0,12.0,0.9749279121818236,-0.22252093395631434,-0.27591294500296043,0.9611826292540837,2016-12-14,18.55555555555556
2016-12-14,19.05,19.90909090909091,20.041666666666668,18.25,19.869565217391305,23.346153846153847,62.35,63.86363636363637,74.35,3.4300000000000006,3.2818181818181817,0.925,1015.1,1014.181818181818,1017.421052631579,18.5731240981241,1.4326798772959441,19.008780410410846,1.2460381340063587,20.79390672778013,2.0183654792741046,3.0,350.0,12.0,0.43388373911755823,-0.900968867902419,-0.2593382659754056,0.9657865518844574,2016-12-15,18.166666666666668
2016-12-15,18.55555555555556,19.05,19.90909090909091,16.9,19.75,22.24,58.61111111111112,62.35,73.3,8.027777777777775,3.4300000000000006,1.765,1017.3333333333334,1015.1,1016.2,18.61677489177489,1.4258325937995793,18.914922577422576,1.2255320851939877,20.634220118093523,1.9988913586543835,4.0,351.0,12.0,-0.433883739117558,-0.9009688679024191,-0.2426868445825954,0.9701046827361175,2016-12-16,15.833333333333334
2016-12-16,18.166666666666668,18.55555555555556,19.05,19.416666666666668,19.20833333333333,21.76923076923077,56.625,58.61111111111112,68.125,9.879166666666666,8.027777777777775,1.3125,1016.6666666666666,1017.3333333333334,1013.4166666666666,18.797727272727276,1.239896941236283,18.80182733932734,1.2155575086823902,20.498442340315744,2.02423809511523,5.0,352.0,12.0,-0.9749279121818236,-0.2225209339563146,-0.22596360824801906,0.974135744004672,2016-12-17,17.5
2016-12-17,15.833333333333334,18.166666666666668,18.55555555555556,16.444444444444443,21.20833333333333,21.73076923076923,63.27777777777778,56.625,82.83333333333333,3.9166666666666674,9.879166666666666,5.355555555555556,1018.7777777777778,1016.6666666666666,1014.0,18.28582251082251,1.6224614328771338,18.560755910755912,1.4422640910658504,20.300579092452494,2.1798647456940206,6.0,353.0,12.0,-0.7818314824680299,0.6234898018587334,-0.20917350564635637,0.9778785428342386,2016-12-18,16.083333333333332
2016-12-18,17.5,15.833333333333334,18.166666666666668,20.041666666666668,18.9,21.73076923076923,63.388888888888886,63.27777777777778,69.58333333333333,6.731578947368422,3.9166666666666674,4.716666666666667,1016.9473684210526,1018.7777777777778,1013.2916666666666,18.436616161616165,1.4641242755985477,18.29587495837496,1.245759090103941,20.159553451426856,2.220621623551981,0.0,354.0,12.0,0.0,1.0,-0.19232150523909483,0.9813319716704275,2016-12-19,17.857142857142858
2016-12-19,16.083333333333332,17.5,15.833333333333334,19.90909090909091,18.63636363636364,20.666666666666668,64.54166666666667,63.388888888888886,63.86363636363637,6.420833333333331,6.731578947368422,3.2818181818181817,1018.0833333333334,1016.9473684210526,1014.181818181818,17.87113997113997,1.5047352512729741,18.094684482184483,1.3626498818388906,19.97130558817899,2.319983539923671,1.0,355.0,12.0,0.7818314824680298,0.6234898018587336,-0.17541259380427843,0.9844950085880858,2016-12-20,19.8
2016-12-20,17.857142857142858,16.083333333333332,17.5,19.05,18.53846153846154,22.25,56.095238095238095,64.54166666666667,62.35,10.414285714285716,6.420833333333331,3.4300000000000006,1017.4285714285714,1018.0833333333334,1015.1,17.578004535147393,1.2131791751018148,18.039025855097286,1.3547134373383973,19.877654794528198,2.3474889594633686,2.0,356.0,12.0,0.9749279121818236,-0.22252093395631434,-0.15845177496083632,0.9873667175937016,2016-12-21,18.05
2016-12-21,19.8,17.857142857142858,16.083333333333332,18.55555555555556,18.25,21.53846153846154,48.53333333333333,56.095238095238095,58.61111111111112,15.926666666666671,10.414285714285716,8.027777777777775,1015.2,1017.4285714285714,1017.3333333333334,17.68514739229025,1.385698278836711,18.129135745207172,1.4303347459202524,19.795988127861527,2.3043314026888764,3.0,357.0,12.0,0.43388373911755823,-0.900968867902419,-0.14144406768794202,0.9899462489023779,2016-12-22,17.285714285714285
2016-12-22,18.05,19.8,17.857142857142858,18.166666666666668,16.9,22.57894736842105,54.3,48.53333333333333,56.625,19.40476190476191,15.926666666666671,9.879166666666666,1015.6190476190476,1015.2,1016.6666666666666,17.612925170068028,1.3453594952540135,18.11485003092146,1.4300334709706697,19.67970607657948,2.3013861541253684,4.0,358.0,12.0,-0.433883739117558,-0.9009688679024191,-0.12439450483979998,0.9922328391893008,2016-12-23,15.55
2016-12-23,17.285714285714285,18.05,19.8,15.833333333333334,19.416666666666668,22.82608695652174,57.85714285714285,54.3,63.27777777777778,6.1809523809523785,19.40476190476191,3.9166666666666674,1016.1428571428572,1015.6190476190476,1018.7777777777778,17.487074829931974,1.3259915905853548,18.14240105132962,1.4083794049967366,19.503264973822585,2.2741927057654516,5.0,359.0,12.0,-0.9749279121818236,-0.2225209339563146,-0.10730813165636247,0.9942258118156161,2016-12-24,17.318181818181817
2016-12-24,15.55,17.285714285714285,18.05,17.5,16.444444444444443,21.42105263157895,74.7,57.85714285714285,63.388888888888886,1.205,6.1809523809523785,6.731578947368422,1014.25,1016.1428571428572,1016.9473684210526,17.446598639455782,1.3877711083504776,17.866210575139146,1.5144122234769641,19.26072874193853,2.2954908177509914,6.0,360.0,12.0,-0.7818314824680299,0.6234898018587334,-0.09019000427034513,0.9959245770286599,2016-12-25,14.0
2016-12-25,17.318181818181817,15.55,17.285714285714285,16.083333333333332,20.041666666666668,23.6,78.63636363636364,74.7,64.54166666666667,5.236363636363636,1.205,6.420833333333331,1011.318181818182,1014.25,1018.0833333333334,17.420624613481756,1.3883064334849917,17.92862038754896,1.4686247825899306,19.123966381491957,2.284539006412544,0.0,361.0,12.0,0.0,1.0,-0.07304518821104743,0.9973286321364752,2016-12-26,17.142857142857142
2016-12-26,14.0,17.318181818181817,15.55,17.857142857142858,19.90909090909091,24.294117647058822,94.3,78.63636363636364,56.095238095238095,9.085,5.236363636363636,10.414285714285716,1014.35,1011.318181818182,1017.4285714285714,17.12300556586271,1.8644326042789934,17.49707276850134,1.6733428193330806,18.803966381491954,2.308175800149193,1.0,362.0,12.0,0.7818314824680298,0.6234898018587336,-0.05587875690537313,0.9984375616565666,2016-12-27,16.85
2016-12-27,17.142857142857142,14.0,17.318181818181817,19.8,19.05,23.63636363636364,74.85714285714286,94.3,48.53333333333333,8.784210526315787,9.085,15.926666666666671,1016.952380952381,1014.35,1015.2,17.020964749536176,1.8368997359988637,17.299484642341785,1.5232064544067725,18.565591031351904,2.0795840844503486,2.0,363.0,12.0,0.9749279121818236,-0.22252093395631434,-0.03869579017652689,0.9992510374388481,2016-12-28,17.217391304347824
2016-12-28,16.85,17.142857142857142,14.0,18.05,18.55555555555556,22.454545454545453,67.55,74.85714285714286,54.3,8.335,8.784210526315787,19.40476190476191,1017.2,1016.952380952381,1015.6190476190476,16.599536178107606,1.3728426455852552,17.142341785198926,1.4399271048935598,18.33937891013978,1.8672383168576003,3.0,364.0,12.0,0.43388373911755823,-0.900968867902419,-0.021501372740813793,0.999768818762748,2016-12-29,15.238095238095235
2016-12-29,17.217391304347824,16.85,17.142857142857142,17.285714285714285,18.166666666666668,21.61111111111111,68.04347826086956,67.55,57.85714285714285,3.547826086956522,8.335,6.1809523809523785,1015.5652173913044,1017.2,1016.1428571428572,16.480592078728726,1.2574476360328974,17.046758624398375,1.3821561800064635,18.164807105133193,1.707193604282122,4.0,365.0,12.0,-0.433883739117558,-0.9009688679024191,-0.004300592702981974,0.9999907524084426,2016-12-30,14.095238095238097
2016-12-30,15.238095238095235,17.217391304347824,16.85,15.55,15.833333333333334,19.869565217391305,87.85714285714286,68.04347826086956,74.7,6.0,3.547826086956522,1.205,1016.904761904762,1015.5652173913044,1014.25,16.188075071926004,1.2769534434288856,16.83757495092899,1.4207009123197551,17.952373242699327,1.659409707534532,5.0,366.0,12.0,-0.9749279121818236,-0.2225209339563146,0.012901459949419653,0.9999167727021953,2016-12-31,15.052631578947368
2016-12-31,14.095238095238097,15.238095238095235,17.217391304347824,17.318181818181817,17.5,19.75,89.66666666666667,87.85714285714286,78.63636363636364,6.266666666666667,6.0,5.236363636363636,1017.904761904762,1016.904761904762,1011.318181818182,15.980251942674302,1.497450846289801,16.713425291065043,1.5819950972502272,17.759895671960894,1.7611322256177557,6.0,1.0,1.0,-0.7818314824680299,0.6234898018587334,0.017201575418260506,0.9998520419557735,2017-01-01,15.91304347826087
2017-01-01,15.052631578947368,14.095238095238097,15.238095238095235,14.0,16.083333333333332,19.20833333333333,87.0,89.66666666666667,94.3,7.325,6.266666666666667,9.085,1016.1,1017.904761904762,1014.35,15.656601908497953,1.4018637592738796,16.538613260989855,1.6230767762269778,17.603316724592467,1.786725664422174,0.0,2.0,1.0,0.0,1.0,0.03439806061360801,0.9994082116062598,2017-01-02,18.5
2017-01-02,15.91304347826087,15.052631578947368,14.095238095238097,17.142857142857142,17.857142857142858,21.20833333333333,85.8695652173913,87.0,74.85714285714286,2.743478260869565,7.325,8.784210526315787,59.0,1016.1,1016.952380952381,15.92989383396379,1.1965189131520044,16.52644969991325,1.627383536878455,17.493473729423386,1.7859436819955947,1.0,3.0,1.0,0.7818314824680298,0.6234898018587336,0.051584366869408364,0.9986686402879997,2017-01-03,17.11111111111111
2017-01-03,18.5,15.91304347826087,15.052631578947368,16.85,19.8,18.9,77.22222222222223,85.8695652173913,67.55,2.8944444444444444,2.743478260869565,8.335,1018.2777777777778,59.0,1017.2,16.1237713849842,1.4978312788623729,16.57236806726019,1.676157254582797,17.40319595164561,1.6553639162798897,2.0,4.0,1.0,0.9749279121818236,-0.22252093395631434,0.06875540848113941,0.9976335468520451,2017-01-04,18.7
2017-01-04,17.11111111111111,18.5,15.91304347826087,17.217391304347824,18.05,18.63636363636364,81.88888888888889,77.22222222222223,68.04347826086956,4.016666666666667,2.8944444444444444,3.547826086956522,1018.3333333333334,1018.2777777777778,1015.5652173913044,16.161072972285787,1.5219879059005381,16.380304575196696,1.4109391207348856,17.343566322015977,1.63163638589301,3.0,5.0,1.0,0.43388373911755823,-0.900968867902419,0.08590610426133272,0.9963032375991965,2017-01-05,18.38888888888889
2017-01-05,18.7,17.11111111111111,18.5,15.238095238095235,17.285714285714285,18.53846153846154,70.05,81.88888888888889,87.85714285714286,4.545,4.016666666666667,6.0,1015.7,1018.3333333333334,1016.904761904762,16.37287421452181,1.7755284088670367,16.426733146625267,1.4791542571108143,17.34568753413719,1.6334154403019643,4.0,6.0,1.0,-0.433883739117558,-0.9009688679024191,0.10303137904317879,0.9946781061893646,2017-01-06,19.318181818181817
2017-01-06,18.38888888888889,18.7,17.11111111111111,14.095238095238097,15.55,18.25,74.94444444444444,70.05,89.66666666666667,3.3000000000000003,4.545,6.266666666666667,1014.3333333333334,1015.7,1017.904761904762,16.82298759320662,1.8381777321752621,16.50553133256631,1.555831301769593,17.340701779151438,1.6298735674095475,5.0,7.0,1.0,-0.9749279121818236,-0.2225209339563146,0.1201261651823505,0.9927586335250793,2017-01-07,14.708333333333334
2017-01-07,19.318181818181817,18.38888888888889,18.7,15.052631578947368,17.318181818181817,16.9,79.31818181818181,74.94444444444444,87.0,8.681818181818182,3.3000000000000003,7.325,1011.7727272727273,1014.3333333333334,1016.1,17.569122410770007,1.5896404722037965,16.774687176722157,1.6973209202666202,17.376307839757494,1.6617784182578397,6.0,8.0,1.0,-0.7818314824680299,0.6234898018587334,0.13718540405660057,0.9905453876091833,2017-01-08,15.68421052631579
2017-01-08,14.708333333333334,19.318181818181817,18.38888888888889,15.91304347826087,14.0,19.416666666666668,95.83333333333331,79.31818181818181,85.8695652173913,10.041666666666664,8.681818181818182,2.743478260869565,1011.375,1011.7727272727273,59.0,17.51993694711086,1.6830624149297937,16.588269427804406,1.7745982792235502,17.303252284201943,1.7302065176020613,0.0,9.0,1.0,0.0,1.0,0.1542040475626894,0.988039023376751,2017-01-09,14.571428571428571
2017-01-09,15.68421052631579,14.708333333333334,19.318181818181817,18.5,17.142857142857142,16.444444444444443,83.52631578947368,95.83333333333331,77.22222222222223,1.95,10.041666666666664,2.8944444444444444,1015.55,1011.375,1018.2777777777778,17.48724652540442,1.72126401138663,16.708570179684106,1.6374266808698088,17.17883707952358,1.7070363992254998,1.0,10.0,1.0,0.7818314824680298,0.6234898018587336,0.17117705961019986,0.985240282501282,2017-01-10,12.11111111111111
2017-01-10,14.571428571428571,15.68421052631579,14.708333333333334,17.11111111111111,16.85,20.041666666666668,80.80952380952381,83.52631578947368,81.88888888888889,6.542857142857142,1.95,4.016666666666667,1015.952380952381,1015.55,1018.3333333333334,16.9260220356085,1.9599325254611963,16.52489671029635,1.7267494058595827,17.116403217089715,1.7679866959089199,2.0,11.0,1.0,0.9749279121818236,-0.22252093395631434,0.18809941761179758,0.9821499931752291,2017-01-11,11.0
2017-01-11,12.11111111111111,14.571428571428571,15.68421052631579,18.7,17.217391304347824,19.90909090909091,71.94444444444444,80.80952380952381,70.05,9.361111111111107,6.542857142857142,4.545,1016.8888888888888,1015.952380952381,1015.7,16.211736321322785,2.6653859539070286,16.186404646804288,2.085358492077039,16.852051365237866,1.9032355166185677,3.0,12.0,1.0,0.43388373911755823,-0.900968867902419,0.20496611396949532,0.9787690698649216,2017-01-12,11.789473684210526
2017-01-12,11.0,12.11111111111111,14.571428571428571,18.38888888888889,15.238095238095235,19.05,72.11111111111111,71.94444444444444,74.94444444444444,9.77222222222222,9.361111111111107,3.3000000000000003,1016.7777777777778,1016.8888888888888,1014.3333333333334,15.111736321322786,3.0311283115939904,15.7423052679223,2.4746107787510816,16.555081668268166,2.09516801977035,4.0,13.0,1.0,-0.433883739117558,-0.9009688679024191,0.22177215755648186,0.975098513039961,2017-01-13,13.235294117647058
2017-01-13,11.789473684210526,11.0,12.11111111111111,19.318181818181817,14.095238095238097,18.55555555555556,74.57894736842105,72.11111111111111,79.31818181818181,6.626315789473684,9.77222222222222,8.681818181818182,1016.3684210526316,1016.7777777777778,1011.7727272727273,14.16896272065445,2.8636334347615815,15.495975156930532,2.6908567555694223,16.313064124408516,2.213059741239916,5.0,14.0,1.0,-0.9749279121818236,-0.2225209339563146,0.23851257519407648,0.9711394088771653,2017-01-14,13.2
2017-01-14,13.235294117647058,11.789473684210526,11.0,14.708333333333334,15.052631578947368,18.166666666666668,67.05882352941177,74.57894736842105,95.83333333333331,6.435294117647059,6.626315789473684,10.041666666666664,1017.529411764706,1016.3684210526316,1011.375,13.299978763435197,1.7451707945392427,15.434550587102605,2.7347482486214334,16.135722076478235,2.2401644295209615,6.0,15.0,1.0,-0.7818314824680299,0.6234898018587334,0.2551824131233728,0.9668929289391521,2017-01-15,16.434782608695652
2017-01-15,13.2,13.235294117647058,11.789473684210526,15.68421052631579,15.91304347826087,15.833333333333334,74.28,67.05882352941177,83.52631578947368,5.276,6.435294117647059,1.95,1018.84,1017.529411764706,1015.55,13.084502572959007,1.6317296472673029,15.302219760034934,2.7987252278332013,15.970166520922678,2.2682458085344157,0.0,16.0,1.0,0.0,1.0,0.2717767384711357,0.9623603298276545,2017-01-16,14.65
2017-01-16,16.434782608695652,13.2,13.235294117647058,14.571428571428571,18.5,17.5,72.56521739130434,74.28,80.80952380952381,3.630434782608696,5.276,6.542857142857142,1018.1304347826087,1018.84,1015.952380952381,13.191727156156132,1.8421303313936535,15.339486840780276,2.8109315046377747,15.990214830101422,2.269652252999673,1.0,17.0,1.0,0.7818314824680298,0.6234898018587336,0.2882906407095177,0.9575429528116719,2017-01-17,11.72222222222222
2017-01-17,14.65,16.434782608695652,13.2,12.11111111111111,17.11111111111111,16.083333333333332,78.45,72.56521739130434,71.94444444444444,10.38,3.630434782608696,9.361111111111107,1017.15,1018.1304347826087,1016.8888888888888,13.202951645952052,1.8521504040183676,15.064486840780276,2.6623466468361308,15.895214830101423,2.2639170637028725,2.0,18.0,1.0,0.9749279121818236,-0.22252093395631434,0.3047192331091634,0.9524422234305676,2017-01-18,13.041666666666666
2017-01-18,11.72222222222222,14.65,16.434782608695652,11.0,18.7,17.857142857142858,84.44444444444444,78.45,72.11111111111111,8.038888888888888,10.38,9.77222222222222,1018.3888888888888,1017.15,1016.7777777777778,13.147396090396494,1.8956795461055784,14.679566205859642,2.732326889820686,15.749844459731055,2.3880362446357983,3.0,19.0,1.0,0.43388373911755823,-0.900968867902419,0.321057654185271,0.9470596510722283,2017-01-19,14.61904761904762
2017-01-19,13.041666666666666,11.72222222222222,14.65,11.789473684210526,18.38888888888889,19.8,78.33333333333333,84.44444444444444,74.57894736842105,6.029166666666664,8.038888888888888,6.626315789473684,1021.9583333333334,1018.3888888888888,1016.3684210526316,13.43906275706316,1.6515643230999417,14.275399539192975,2.5005361011665324,15.589328586715178,2.4032977065542873,4.0,20.0,1.0,-0.433883739117558,-0.9009688679024191,0.3373010691361842,0.9413968285264122,2017-01-20,15.263157894736842
2017-01-20,14.61904761904762,13.041666666666666,11.72222222222222,13.235294117647058,19.318181818181817,18.05,75.14285714285714,78.33333333333333,67.05882352941177,10.33809523809524,6.029166666666664,6.435294117647059,1022.809523809524,1021.9583333333334,1017.529411764706,13.843287604897032,1.5216999458945593,14.006125162775742,2.209542730759525,15.416630174016767,2.2729011180203798,5.0,21.0,1.0,-0.9749279121818236,-0.2225209339563146,0.3534446712740877,0.9354554315134164,2017-01-21,15.391304347826088
2017-01-21,15.263157894736842,14.61904761904762,13.041666666666666,13.2,14.708333333333334,17.285714285714285,66.47368421052632,75.14285714285714,74.28,11.226315789473684,10.33809523809524,5.276,1021.7894736842104,1022.809523809524,1018.84,14.13298243019557,1.5786248376784187,13.716480596815385,1.6561005581321016,15.32373543717466,2.2178456416296206,6.0,22.0,1.0,-0.7818314824680299,0.6234898018587334,0.3694836834473831,0.9292372181882051,2017-01-22,18.44
2017-01-22,15.391304347826088,15.263157894736842,14.61904761904762,16.434782608695652,15.68421052631579,15.55,70.8695652173913,66.47368421052632,72.56521739130434,13.695652173913045,11.226315789473684,3.630434782608696,1020.4782608695652,1021.7894736842104,1018.1304347826087,14.446025908456443,1.5800465482159831,13.765264240707724,1.6971161669509731,15.260588439245055,2.1868093405683577,0.0,23.0,1.0,0.0,1.0,0.38541335945432564,0.9227440286201427,2017-01-23,18.11764705882353
2017-01-23,18.44,15.391304347826088,15.263157894736842,14.65,14.571428571428571,17.318181818181817,76.24,70.8695652173913,78.45,5.867999999999999,13.695652173913045,10.38,1021.04,1020.4782608695652,1017.15,14.732485535785633,2.0976790575825843,13.96210634597088,2.058210329091725,15.35692177257839,2.2623485901384695,1.0,24.0,1.0,0.7818314824680298,0.6234898018587336,0.4012289854475009,0.9159777842484877,2017-01-24,18.347826086956523
2017-01-24,18.11764705882353,18.44,15.391304347826088,11.72222222222222,12.11111111111111,14.0,76.0,76.24,84.44444444444444,6.752941176470588,5.867999999999999,8.038888888888888,1019.8235294117648,1021.04,1018.3888888888888,15.227863687046137,2.4541211140970614,14.215407666499093,2.3381447293517463,15.383570613933113,2.290777397582801,2.0,25.0,1.0,0.9749279121818236,-0.22252093395631434,0.4169258813287287,0.908940487313808,2017-01-25,21.0
2017-01-25,18.347826086956523,18.11764705882353,18.44,13.041666666666666,11.0,17.142857142857142,68.1304347826087,76.0,78.33333333333333,3.3913043478260865,6.752941176470588,6.029166666666664,1018.8695652173913,1019.8235294117648,1021.9583333333334,16.174378524865325,2.1334507878638376,14.66088730763091,2.4952332793606864,15.528498150164998,2.337288398062976,3.0,26.0,1.0,0.43388373911755823,-0.900968867902419,0.4324994021339788,0.901634220265486,2017-01-26,16.178571428571427
2017-01-26,21.0,18.347826086956523,18.11764705882353,14.61904761904762,11.789473684210526,16.85,69.96,68.1304347826087,75.14285714285714,8.755999999999998,3.3913043478260865,10.33809523809524,1018.4,1018.8695652173913,1022.809523809524,17.311283286770085,2.2998023667521164,15.375173021916623,2.7815305034916005,15.657069578736424,2.527502882320328,4.0,27.0,1.0,-0.433883739117558,-0.9009688679024191,0.44794493940789115,0.8940611451454876,2017-01-27,16.5
2017-01-27,16.178571428571427,21.0,18.347826086956523,15.263157894736842,13.235294117647058,17.217391304347824,91.64285714285714,69.96,66.47368421052632,8.467857142857143,8.755999999999998,11.226315789473684,1017.7857142857144,1018.4,1021.7894736842104,17.534072402416346,2.058397592364249,15.688680003656687,2.5868313215071996,15.634688626355473,2.519535450904079,5.0,28.0,1.0,-0.9749279121818236,-0.2225209339563146,0.4632579225674917,0.88622350294858,2017-01-28,14.863636363636363
2017-01-28,16.5,16.178571428571427,21.0,15.391304347826088,13.2,15.238095238095235,77.04166666666667,91.64285714285714,70.8695652173913,14.358333333333333,8.467857142857143,13.695652173913045,1018.125,1017.7857142857144,1020.4782608695652,17.710764131739655,1.8759760637810539,15.921873280967612,2.494145176265234,15.610775582877212,2.5073709872232137,6.0,29.0,1.0,-0.7818314824680299,0.6234898018587334,0.4784338202547012,0.8781236129591848,2017-01-29,15.666666666666666
2017-01-29,14.863636363636363,16.5,16.178571428571427,18.44,16.434782608695652,14.095238095238097,82.77272727272727,77.04166666666667,76.24,9.690909090909091,14.358333333333333,5.867999999999999,1019.6363636363636,1018.125,1021.04,17.63538299114112,1.9917406029017108,16.04070444979878,2.3920294159126687,15.598293620395248,2.5102206329147134,0.0,30.0,1.0,0.0,1.0,0.49346814167723735,0.8697638720650646,2017-01-30,16.444444444444443
2017-01-30,15.666666666666666,14.863636363636363,16.5,18.11764705882353,14.65,15.052631578947368,81.77777777777777,82.77272727272727,76.0,10.294444444444444,9.690909090909091,6.752941176470588,1017.3888888888888,1019.6363636363636,1019.8235294117648,17.239192514950645,2.0789360643055876,15.985839025368138,2.3911041078002317,15.650674572776202,2.4941186487552502,1.0,31.0,1.0,0.7818314824680298,0.6234898018587336,0.5083564379375122,0.8611467540480452,2017-01-31,16.125
2017-01-31,16.444444444444443,15.666666666666666,14.863636363636363,18.347826086956523,11.72222222222222,15.91304347826087,77.55555555555556,81.77777777777777,68.1304347826087,4.322222222222222,10.294444444444444,3.3913043478260865,1015.8333333333334,1017.3888888888888,1018.8695652173913,17.000163570039344,2.0571764310662526,16.114013628542743,2.3619056180344224,15.697068334959436,2.4955550204286183,2.0,32.0,2.0,0.9749279121818236,-0.22252093395631434,0.5230943033491326,0.8522748088519838,2017-02-01,15.25
2017-02-01,16.125,16.444444444444443,15.666666666666666,21.0,13.041666666666666,18.5,76.0,77.55555555555556,69.96,4.625,4.322222222222222,8.755999999999998,1015.5,1015.8333333333334,1018.4,16.682616986188414,1.9847634366014293,16.42849775552687,1.997102923824174,15.704133552350742,2.496487419722336,3.0,33.0,2.0,0.43388373911755823,-0.900968867902419,0.5376773767406141,0.8431506618282,2017-02-02,17.09090909090909
2017-02-02,15.25,16.125,16.444444444444443,16.178571428571427,14.61904761904762,17.11111111111111,78.625,76.0,91.64285714285714,5.1000000000000005,4.625,8.467857142857143,1017.5,1015.5,1017.7857142857144,15.861188414759843,0.6225078916597075,16.586235850764965,1.784966170551515,15.595800219017407,2.440875467765689,4.0,34.0,2.0,-0.433883739117558,-0.9009688679024191,0.5521013427459208,0.8337770129585915,2017-02-03,15.636363636363637
2017-02-03,17.09090909090909,15.25,16.125,16.5,15.263157894736842,18.7,66.54545454545455,78.625,77.04166666666667,3.027272727272727,5.1000000000000005,14.358333333333333,1018.9090909090908,1017.5,1018.125,15.991522366522364,0.7764952073355332,16.762797384469355,1.6954188245410877,15.595126818344006,2.4404457497034837,5.0,35.0,2.0,-0.9749279121818236,-0.2225209339563146,0.5663619330814524,0.8241566360566663,2017-02-04,18.7
2017-02-04,15.636363636363637,17.09090909090909,15.25,14.863636363636363,15.391304347826088,18.38888888888889,78.18181818181819,66.54545454545455,82.77272727272727,1.8545454545454545,3.027272727272727,9.690909090909091,1017.7272727272727,1018.9090909090908,1019.6363636363636,15.868145743145742,0.7504115008425378,16.789454937442695,1.6728090266602165,15.493005606222797,2.3690976676142883,6.0,36.0,2.0,-0.7818314824680299,0.6234898018587334,0.580454927809098,0.8142923779467267,2017-02-05,18.63157894736842
2017-02-05,18.7,15.636363636363637,17.09090909090909,15.666666666666666,18.44,19.318181818181817,77.6,78.18181818181819,81.77777777777777,9.82,1.8545454545454545,10.294444444444444,1014.4,1017.7272727272727,1017.3888888888888,16.41619769119769,1.175197671158431,17.025790341169404,1.693679788958371,15.503375976593166,2.3828520705934504,0.0,37.0,2.0,0.0,1.0,0.5943761565849831,0.804187157621448,2017-02-06,16.88888888888889
2017-02-06,18.63157894736842,18.7,15.636363636363637,16.444444444444443,18.11764705882353,14.708333333333334,77.63157894736842,77.6,77.55555555555556,8.099999999999998,9.82,4.322222222222222,1014.2105263157896,1014.4,1015.8333333333334,16.839756588440796,1.3770039805799905,17.039474551695722,1.7067087633999314,15.480489214232717,2.347990570240575,1.0,38.0,2.0,0.7818314824680298,0.6234898018587336,0.6081214998935418,0.7938439653781019,2017-02-07,15.125
2017-02-07,16.88888888888889,18.63157894736842,18.7,16.125,18.347826086956523,15.68421052631579,69.66666666666667,77.63157894736842,76.0,9.044444444444444,8.099999999999998,4.625,1016.0,1014.2105263157896,1015.5,16.903248651932863,1.3659406631859854,16.951706110986105,1.6783574006929807,15.553174399417905,2.3569969399642434,2.0,39.0,2.0,0.9749279121818236,-0.22252093395631434,0.6216868902665479,0.7832658619336791,2017-02-08,15.7
2017-02-08,15.125,16.88888888888889,18.63157894736842,15.25,21.0,14.571428571428571,63.75,69.66666666666667,78.625,7.637500000000001,9.044444444444444,5.1000000000000005,1016.125,1016.0,1017.5,16.76039150907572,1.506010376960617,16.721504247632065,1.6930920733770352,15.534534048540712,2.358135891819719,3.0,40.0,2.0,0.43388373911755823,-0.900968867902419,0.6350683134867438,0.7724559775191742,2017-02-09,15.375
2017-02-09,15.7,15.125,16.88888888888889,17.09090909090909,16.178571428571427,12.11111111111111,68.4,63.75,66.54545454545455,4.08,7.637500000000001,3.027272727272727,1015.6,1016.125,1018.9090909090908,16.82467722336143,1.4389013519280176,16.34293281906064,1.1765924217380432,15.572153096159758,2.3512336650560863,4.0,41.0,2.0,-0.433883739117558,-0.9009688679024191,0.6482618097757122,0.7614175109532997,2017-02-10,14.666666666666666
2017-02-10,15.375,15.7,15.125,15.636363636363637,16.5,11.0,68.375,68.4,78.18181818181819,7.875000000000002,4.08,1.8545454545454545,1016.375,1015.6,1017.7272727272727,16.579547353231565,1.529307396367572,16.285534859876964,1.2044967785843423,15.680949392456055,2.259277053895642,5.0,42.0,2.0,-0.9749279121818236,-0.2225209339563146,0.6612634749656386,0.7501537286959042,2017-02-11,15.625
2017-02-11,14.666666666666666,15.375,15.7,18.7,14.863636363636363,11.789473684210526,71.77777777777777,68.375,77.6,9.066666666666666,7.875000000000002,9.82,1015.6666666666666,1016.375,1014.4,16.441019214703424,1.6667270000726488,16.154582478924585,1.276871836549144,15.803171614678279,2.0901656877607127,6.0,43.0,2.0,-0.7818314824680299,0.6234898018587334,0.6740694616546161,0.7386679638813748,2017-02-12,16.25
2017-02-12,15.625,14.666666666666666,15.375,18.63157894736842,15.666666666666666,13.235294117647058,64.0,71.77777777777777,77.63157894736842,3.95,9.066666666666666,8.099999999999998,1016.625,1015.6666666666666,1014.2105263157896,16.00173350041771,1.3465983659839822,16.2089655958077,1.233123998145186,15.93102249187126,1.948709423587121,0.0,44.0,2.0,0.0,1.0,0.6866759803451553,0.726963615332308,2017-02-13,16.333333333333332
2017-02-13,16.25,15.625,14.666666666666666,16.88888888888889,16.444444444444443,13.2,70.375,64.0,69.66666666666667,1.625,3.95,9.044444444444444,1019.625,1016.625,1016.0,15.661507936507936,0.7320334800207428,16.25063226247437,1.2232058280362765,16.031512687949693,1.8814743934918363,1.0,45.0,2.0,0.7818314824680298,0.6234898018587336,0.6990793005655562,0.7150441465537444,2017-02-14,16.875
2017-02-14,16.333333333333332,16.25,15.625,15.125,16.125,16.434782608695652,67.0,70.375,63.75,6.377777777777778,1.625,7.637500000000001,1021.5555555555557,1019.625,1016.125,15.582142857142856,0.593861901177552,16.24269575453786,1.2222116441948399,16.135957132394136,1.804255537069185,2.0,46.0,2.0,0.9749279121818236,-0.22252093395631434,0.7112757519738152,0.7029130847082615,2017-02-15,17.571428571428573
2017-02-15,16.875,16.333333333333332,16.25,15.7,15.25,14.65,65.5,67.0,68.4,6.9625,6.377777777777778,4.08,1021.375,1021.5555555555557,1015.6,15.832142857142856,0.7235366549136002,16.296267183109286,1.2330448472234432,16.150631045437613,1.8085546832937762,3.0,47.0,2.0,0.43388373911755823,-0.900968867902419,0.7232617254437388,0.6905740195722293,2017-02-16,20.25
2017-02-16,17.571428571428573,16.875,16.333333333333332,15.375,17.09090909090909,11.72222222222222,67.71428571428571,65.5,68.375,5.557142857142857,6.9625,7.875000000000002,1020.5714285714286,1021.375,1016.375,16.09948979591837,0.970254614996968,16.4620835096399,1.2376039359065385,16.248011997818566,1.8036123886875042,4.0,48.0,2.0,-0.433883739117558,-0.9009688679024191,0.7350336741329413,0.6780306024735382,2017-02-17,21.3
2017-02-17,20.25,17.571428571428573,16.875,14.666666666666666,15.636363636363637,13.041666666666666,56.75,67.71428571428571,71.77777777777777,10.4375,5.557142857142857,9.066666666666666,1017.625,1020.5714285714286,1015.6666666666666,16.79591836734694,1.7774103030166903,16.687732860289252,1.596912127109767,16.532271257077824,1.7364901867595917,5.0,49.0,2.0,-0.9749279121818236,-0.2225209339563146,0.746588114532413,0.6652865452111116,2017-02-18,21.125
2017-02-18,21.3,20.25,17.571428571428573,15.625,18.7,14.61904761904762,64.4,56.75,64.0,9.279999999999998,10.4375,3.95,1016.5,1017.625,1016.625,17.74353741496599,2.1764761214900927,17.092278314834704,1.9812214767306584,16.807549034855604,1.8167812405460215,6.0,50.0,2.0,-0.7818314824680299,0.6234898018587334,0.7579216274973472,0.6523456189565257,2017-02-19,22.363636363636363
2017-02-19,21.125,21.3,20.25,16.25,18.63157894736842,15.263157894736842,70.75,64.4,70.375,6.25,9.279999999999998,1.625,1016.25,1016.5,1019.625,18.529251700680273,2.2747508914327694,17.265492600548992,2.2237551668701094,17.024414114220683,1.9312320412198483,0.0,51.0,2.0,0.0,1.0,0.7690308592589181,0.6392116531380588,2017-02-20,23.375
2017-02-20,22.363636363636363,21.125,21.3,16.333333333333332,16.88888888888889,15.391304347826088,66.0909090909091,70.75,67.0,6.054545454545456,6.25,6.377777777777778,1013.0,1016.25,1021.5555555555557,19.402628324056895,2.4226349309886723,17.532068130282415,2.5931290022163664,17.26109672985067,2.1325455863319593,1.0,52.0,2.0,0.7818314824680298,0.6234898018587336,0.7799125224167177,0.6258885343075018,2017-02-21,21.83333333333333
2017-02-21,23.375,22.363636363636363,21.125,16.875,15.125,18.44,60.125,66.0909090909091,65.5,6.937499999999999,6.054545454545456,6.9625,1005.375,1013.0,1021.375,20.40858070500928,2.3975871098400514,17.995361781076067,3.0145459345447896,17.52721991825646,2.3754768142662717,2.0,53.0,2.0,0.9749279121818236,-0.22252093395631434,0.7905633969115482,0.612380204990065,2017-02-22,19.125
2017-02-22,21.83333333333333,23.375,22.363636363636363,17.571428571428573,15.7,18.11764705882353,69.41666666666667,60.125,67.71428571428571,12.341666666666669,6.937499999999999,5.557142857142857,1007.4166666666666,1005.375,1020.5714285714286,21.116914038342607,1.849419655412287,18.47452844774273,3.0560655028307706,17.640331029367577,2.498064314904342,3.0,54.0,2.0,0.43388373911755823,-0.900968867902419,0.8009803309782905,0.5986906625177214,2017-02-23,18.625
2017-02-23,19.125,21.83333333333333,23.375,20.25,15.375,18.347826086956523,57.125,69.41666666666667,56.75,7.4125,12.341666666666669,10.4375,1012.25,1007.4166666666666,1017.625,21.338852813852814,1.3889189423477764,18.719171304885588,2.9521983464210906,17.673909460740123,2.5114360526457458,4.0,55.0,2.0,-0.433883739117558,-0.9009688679024191,0.8111602420785621,0.5848239578463322,2017-02-24,19.125
2017-02-24,18.625,19.125,21.83333333333333,21.3,14.666666666666666,21.0,42.875,57.125,64.4,14.35,7.4125,9.279999999999998,1015.25,1012.25,1016.5,21.106709956709956,1.701800001598271,18.951314162028446,2.792463734748039,17.68314859117491,2.5145087207710732,5.0,56.0,2.0,-0.9749279121818236,-0.2225209339563146,0.8211001178128892,0.5707841943569036,2017-02-25,19.0
2017-02-25,19.125,18.625,19.125,21.125,15.625,16.178571428571427,40.375,42.875,70.75,16.6625,14.35,6.25,1016.125,1015.25,1016.25,20.79599567099567,1.8525095237226596,19.269766542980825,2.505751752302966,17.62064859117491,2.451741912889024,6.0,57.0,2.0,-0.7818314824680299,0.6234898018587334,0.8307970168121247,0.5565755266413303,2017-02-26,18.75
2017-02-26,19.0,19.125,18.625,22.363636363636363,16.25,16.5,50.42857142857143,40.375,66.0909090909091,11.928571428571429,16.6625,6.054545454545456,1014.2857142857144,1016.125,1013.0,20.492424242424242,1.960570347667408,19.510837971552256,2.280336155004236,17.714696210222527,2.4486293769326877,0.0,58.0,2.0,0.0,1.0,0.8402480696078469,0.5422021592729844,2017-02-27,19.875
2017-02-27,18.75,19.0,19.125,23.375,16.333333333333332,14.863636363636363,59.0,50.42857142857143,60.125,11.1125,11.928571428571429,6.937499999999999,1012.375,1014.2857142857144,1005.375,19.976190476190474,1.858859097095732,19.689409400123683,2.0957559735453675,17.789696210222527,2.444595770799788,1.0,59.0,2.0,0.7818314824680298,0.6234898018587336,0.8494504794814806,0.527668345562516,2017-02-28,23.33333333333333
2017-02-28,19.875,18.75,19.0,21.83333333333333,16.875,15.666666666666666,58.375,59.0,69.41666666666667,5.1000000000000005,11.1125,12.341666666666669,1014.25,1012.375,1007.4166666666666,19.476190476190474,1.1135885079677177,19.942385590599876,1.8599782933364188,17.956741664767982,2.408712248234717,2.0,60.0,3.0,0.9749279121818236,-0.22252093395631434,0.8584015232918917,0.512978386299228,2017-03-01,24.46153846153846
2017-03-01,23.33333333333333,19.875,18.75,19.125,17.571428571428573,16.444444444444443,51.66666666666666,58.375,57.125,3.911111111111112,5.1000000000000005,7.4125,1013.1111111111112,1014.25,1012.25,19.690476190476186,1.65531850864955,20.403695114409402,1.8414904463045498,18.212297220323535,2.559357283027437,3.0,61.0,3.0,0.43388373911755823,-0.900968867902419,0.8670985522812081,0.4981366284784055,2017-03-02,23.75
2017-03-02,24.46153846153846,23.33333333333333,19.875,18.625,20.25,16.125,47.92307692307692,51.66666666666666,42.875,6.415384615384617,3.911111111111112,14.35,1012.9230769230768,1013.1111111111112,1015.25,20.45283882783883,2.4088507123695435,20.895845820845825,1.944173113519402,18.47953368756,2.777646201090055,4.0,62.0,3.0,-0.433883739117558,-0.9009688679024191,0.8755389928586302,0.4831474640149687,2017-03-03,20.5
2017-03-03,23.75,24.46153846153846,23.33333333333333,19.125,21.3,15.25,54.25,47.92307692307692,40.375,5.930000000000001,6.415384615384617,16.6625,1012.15,1012.9230769230768,1016.125,21.184981684981686,2.5361853047012213,21.145845820845825,2.0753423720027944,18.733700354226666,2.9008928445177142,5.0,63.0,3.0,-0.9749279121818236,-0.2225209339563146,0.8837203473619977,0.4680153284438345,2017-03-04,19.125
2017-03-04,20.5,23.75,24.46153846153846,19.0,21.125,17.09090909090909,42.5,54.25,50.42857142857143,7.4125,5.930000000000001,11.928571428571429,1010.625,1012.15,1014.2857142857144,21.381410256410255,2.3996180765308144,21.088702963702964,2.081775065825968,18.908700354226667,2.8412302814005073,6.0,64.0,3.0,-0.7818314824680299,0.6234898018587334,0.8916401947968874,0.45274469960737107,2017-03-05,19.75
2017-03-05,19.125,20.5,23.75,18.75,22.363636363636363,15.636363636363637,43.125,42.5,59.0,8.350000000000001,7.4125,11.1125,1010.0,1010.625,1012.375,21.399267399267398,2.3793220943622075,20.945845820845822,2.1467029118041325,18.976503384529696,2.820550195646532,0.0,65.0,3.0,0.0,1.0,0.8992961915530253,0.4373400963303323,2017-03-06,20.0
2017-03-06,19.75,19.125,20.5,19.875,23.375,18.7,41.25,43.125,58.375,9.9625,8.350000000000001,5.1000000000000005,1010.5,1010.0,1014.25,21.542124542124544,2.2183195528345716,20.75915750915751,2.1274816447557017,19.11362459665091,2.751722316152552,1.0,66.0,3.0,0.7818314824680298,0.6234898018587336,0.9066860720977985,0.4218060770826634,2017-03-07,22.625
2017-03-07,20.0,19.75,19.125,23.33333333333333,21.83333333333333,18.63157894736842,42.44444444444444,41.25,51.66666666666666,9.666666666666664,9.9625,3.911111111111112,1010.3333333333334,1010.5,1013.1111111111112,21.559981684981686,2.2031137643700553,20.51808608058608,1.9953867573716793,19.156957929984245,2.7552178596288868,2.0,67.0,3.0,0.9749279121818236,-0.22252093395631434,0.9138076496466615,0.4061472386305789,2017-03-08,21.545454545454547
2017-03-08,22.625,20.0,19.75,24.46153846153846,19.125,16.88888888888889,41.5,42.44444444444444,47.92307692307692,6.025,9.666666666666664,6.415384615384617,1007.375,1010.3333333333334,1012.9230769230768,21.458791208791208,2.1228939723818883,20.5746336996337,2.0461000823763613,19.290071965071963,2.824555201482459,3.0,68.0,3.0,0.43388373911755823,-0.900968867902419,0.9206588168102428,0.3903682146763026,2017-03-09,20.785714285714285
2017-03-09,21.545454545454547,22.625,20.0,23.75,18.625,15.125,52.72727272727273,41.5,54.25,10.263636363636364,6.025,5.930000000000001,1008.9090909090908,1007.375,1012.15,21.042207792207794,1.674131624508974,20.747523310023308,2.0162306019009617,19.445290820290822,2.8159859798859275,4.0,69.0,3.0,-0.433883739117558,-0.9009688679024191,0.9272375462179537,0.374473674486883,2017-03-10,19.9375
2017-03-10,20.785714285714285,21.545454545454547,22.625,20.5,19.125,15.7,69.07142857142857,52.72727272727273,42.5,8.342857142857143,10.263636363636364,7.4125,1007.3571428571428,1008.9090909090908,1010.625,20.618738404452692,1.1757739436090344,20.90186004471719,1.9217438331272438,19.633981296481295,2.703938593142827,5.0,70.0,3.0,-0.9749279121818236,-0.2225209339563146,0.9335418911179212,0.35846832151248087,2017-03-11,18.53333333333333
2017-03-11,19.9375,20.785714285714285,21.545454545454547,19.125,19.0,15.375,67.75,69.07142857142857,43.125,11.4625,8.342857142857143,8.350000000000001,1006.875,1007.3571428571428,1010.0,20.53838126159555,1.2041215512405554,20.959895759002904,1.8756721121854159,19.775231296481294,2.600030513325265,6.0,71.0,3.0,-0.7818314824680299,0.6234898018587334,0.9395699859530622,0.342356891994542,2017-03-12,17.375
2017-03-12,18.53333333333333,19.9375,20.785714285714285,19.75,18.75,14.666666666666666,60.4,67.75,41.25,5.566666666666666,11.4625,9.9625,1009.8,1006.875,1010.5,20.453857452071738,1.3336674338289898,20.92656242566957,1.9168755548377614,19.880509074259074,2.476735714674444,0.0,72.0,3.0,0.0,1.0,0.945320046913132,0.3261441535642696,2017-03-13,17.444444444444443
2017-03-13,17.375,18.53333333333333,19.9375,20.0,19.875,15.625,56.625,60.4,42.44444444444444,7.637499999999999,5.566666666666666,9.666666666666664,1014.75,1009.8,1010.3333333333334,20.114571737786026,1.7724821235698518,20.828348139955285,2.066369570662581,19.97078685203685,2.3248381105310147,1.0,73.0,3.0,0.7818314824680298,0.6234898018587336,0.9507903724625832,0.3098349038318025,2017-03-14,18.0
2017-03-14,17.444444444444443,17.375,18.53333333333333,22.625,23.33333333333333,16.25,49.333333333333336,56.625,41.5,9.055555555555554,7.637499999999999,6.025,1014.8888888888888,1014.75,1007.375,19.74949237270666,2.0426139197177857,20.654737028844174,2.24685150184056,20.031435000185,2.2293302815744127,2.0,74.0,3.0,0.9749279121818236,-0.22252093395631434,0.9559793438440766,0.2934339689665273,2017-03-15,19.875
2017-03-15,18.0,17.444444444444443,17.375,21.545454545454547,24.46153846153846,16.333333333333332,56.333333333333336,49.333333333333336,52.72727272727273,4.522222222222222,9.055555555555554,10.263636363636364,1016.5555555555557,1014.8888888888888,1008.9090909090908,19.08877808699237,1.6718256301748406,20.27378464789179,2.2095848239561917,20.089768333518332,2.148398648167692,3.0,75.0,3.0,0.43388373911755823,-0.900968867902419,0.9608854255574977,0.27694620226893646,2017-03-16,24.0
2017-03-16,19.875,18.0,17.444444444444443,20.785714285714285,23.75,16.875,54.75,56.333333333333336,69.07142857142857,7.175000000000001,4.522222222222222,8.342857142857143,1014.125,1016.5555555555557,1007.3571428571428,18.850141723356007,1.3511883721895201,19.9461747577819,1.8519968029474676,20.207823889073886,2.0288445318027883,4.0,76.0,3.0,-0.433883739117558,-0.9009688679024191,0.9655071658143364,0.2603764827344581,2017-03-17,20.9
2017-03-17,24.0,19.875,18.0,19.9375,20.5,17.571428571428573,49.2,54.75,67.75,5.5600000000000005,7.175000000000001,11.4625,1011.1,1014.125,1006.875,19.309325396825393,2.318509280634851,19.964031900639043,1.8922625120993313,20.445323889073887,2.0422333192150743,5.0,77.0,3.0,-0.9749279121818236,-0.2225209339563146,0.969843196967294,0.24372971360968387,2017-03-18,24.692307692307693
2017-03-18,20.9,24.0,19.875,18.53333333333333,19.125,20.25,59.7,49.2,60.4,11.489999999999998,5.5600000000000005,5.566666666666666,1010.7,1011.1,1009.8,19.446825396825396,2.389428464349119,19.992603329210475,1.903961301705845,20.55627627002627,1.969849758993082,6.0,78.0,3.0,-0.7818314824680299,0.6234898018587334,0.9738922359149924,0.22701082094141847,2017-03-19,24.666666666666668
2017-03-19,24.692307692307693,20.9,24.0,17.375,19.75,21.3,46.30769230769231,59.7,56.625,7.123076923076924,11.489999999999998,7.637499999999999,1009.8461538461538,1010.7,1014.75,20.326678876678876,3.041869821275892,20.390268164375307,2.2574058523174156,20.70435319310319,2.1081457912290738,0.0,79.0,3.0,0.0,1.0,0.9776530844816641,0.2102247521189836,2017-03-20,23.33333333333333
2017-03-20,24.666666666666668,24.692307692307693,20.9,17.444444444444443,20.0,21.125,52.27777777777778,46.30769230769231,49.333333333333336,9.161111111111111,7.123076923076924,9.055555555555554,1011.8888888888888,1009.8461538461538,1014.8888888888888,21.368345543345544,3.1103438119880473,20.741458640565785,2.517590571087175,20.816575415325417,2.227193995890816,1.0,80.0,3.0,0.7818314824680298,0.6234898018587336,0.981124629771712,0.19337647441020586,2017-03-21,25.0
2017-03-21,23.33333333333333,24.666666666666668,24.692307692307693,18.0,22.625,22.363636363636363,54.66666666666666,52.27777777777778,56.333333333333336,10.077777777777778,9.161111111111111,4.522222222222222,1012.5555555555557,1011.8888888888888,1016.5555555555557,22.209615384615383,2.6317125074960437,20.979553878661022,2.5983990988660195,20.890186526436526,2.273746616366345,2.0,81.0,3.0,0.9749279121818236,-0.22252093395631434,0.984305844499033,0.17647097349152166,2017-03-22,27.25
2017-03-22,25.0,23.33333333333333,24.666666666666668,19.875,21.545454545454547,23.375,49.0,54.66666666666666,54.75,9.2625,10.077777777777778,7.175000000000001,1011.75,1012.5555555555557,1014.125,23.209615384615386,2.0257035381998145,21.14919673580388,2.7849237621313105,20.978065314315312,2.3810720456569006,3.0,82.0,3.0,0.43388373911755823,-0.900968867902419,0.9871957872910085,0.15951325197263655,2017-03-23,28.0
2017-03-23,27.25,25.0,23.33333333333333,24.0,20.785714285714285,21.83333333333333,45.0,49.0,49.2,10.187500000000002,9.2625,5.5600000000000005,1009.75,1011.75,1011.1,24.263186813186817,1.9172813973288867,21.556664268271412,3.229238631961606,21.10723198098198,2.609709763836062,4.0,83.0,3.0,-0.433883739117558,-0.9009688679024191,0.9897936029670716,0.14250832791617088,2017-03-24,28.916666666666668
2017-03-24,28.0,27.25,25.0,20.9,19.9375,19.125,49.75,45.0,59.7,3.4875000000000003,10.187500000000002,11.489999999999998,1008.875,1009.75,1010.7,24.834615384615386,2.3687056573880088,22.07197039072039,3.6455284910367802,21.312787536537535,2.8960282057702957,5.0,84.0,3.0,-0.9749279121818236,-0.2225209339563146,0.992098522791769,0.12546123335273648,2017-03-25,26.5
2017-03-25,28.916666666666668,28.0,27.25,24.692307692307693,18.53333333333333,18.625,37.66666666666666,49.75,46.30769230769231,10.033333333333337,3.4875000000000003,7.123076923076924,1010.5833333333334,1008.875,1009.8461538461538,25.97985347985348,2.068234002275224,22.713339438339435,4.012512711833892,21.63917642542642,3.1789125987636986,6.0,85.0,3.0,-0.7818314824680299,0.6234898018587334,0.9941098647022418,0.10837701279187609,2017-03-26,29.1
2017-03-26,26.5,28.916666666666668,28.0,24.666666666666668,17.375,19.125,39.375,37.66666666666666,52.27777777777778,10.425,10.033333333333337,9.161111111111111,1009.875,1010.5833333333334,1011.8888888888888,26.238095238095237,1.9921306824812584,23.28238705738706,3.9383351801638167,21.901676425426423,3.2458686356994964,0.0,86.0,3.0,0.0,1.0,0.9958270335100595,0.09126072172931188,2017-03-27,29.5
2017-03-27,29.1,26.5,28.916666666666668,23.33333333333333,17.444444444444443,19.0,37.1,39.375,54.66666666666666,17.59,10.425,10.077777777777778,1010.2,1009.875,1012.5555555555557,26.87142857142857,2.1104834070986733,24.119887057387057,3.8306858483263726,22.234176425426423,3.4557472150680053,1.0,87.0,3.0,0.7818314824680298,0.6234898018587336,0.9972495210773451,0.07411742515094437,2017-03-28,29.88888888888889
2017-03-28,29.5,29.1,26.5,25.0,18.0,18.75,38.625,37.1,49.0,13.65,17.59,9.2625,1009.5,1010.2,1011.75,27.75238095238095,1.6167648472883147,24.980998168498168,3.560109238259849,22.584176425426424,3.6435146478560427,2.0,88.0,3.0,0.9749279121818236,-0.22252093395631434,0.998376906467142,0.056952196034039754,2017-03-29,31.0
2017-03-29,29.88888888888889,29.5,29.1,27.25,19.875,19.875,40.66666666666666,38.625,45.0,8.844444444444445,13.65,10.187500000000002,1009.0,1009.5,1009.75,28.45079365079365,1.2421872244262377,25.83020451770452,3.1625676911421707,22.95547272172272,3.8033690047766413,3.0,89.0,3.0,0.43388373911755823,-0.900968867902419,0.9992088560679753,0.03977011384605572,2017-03-30,29.285714285714285
2017-03-30,31.0,29.88888888888889,29.5,28.0,24.0,23.33333333333333,34.5,40.66666666666666,49.75,13.2,8.844444444444445,3.4875000000000003,1007.125,1009.0,1008.875,28.986507936507934,1.4321192717313347,26.624847374847377,2.9410329152173524,23.326306055056055,4.028358285938158,4.0,90.0,3.0,-0.433883739117558,-0.9009688679024191,0.9997451236925734,0.022576263041545485,2017-03-31,30.625
2017-03-31,29.285714285714285,31.0,29.88888888888889,28.916666666666668,20.9,24.46153846153846,36.85714285714285,34.5,37.66666666666666,10.585714285714284,13.2,10.033333333333337,1007.1428571428572,1007.125,1010.5833333333334,29.170181405895693,1.365404004797327,27.00239839525554,2.917329285270259,23.524718753468754,4.172718922696144,5.0,91.0,4.0,-0.9749279121818236,-0.2225209339563146,0.9999855506507186,0.005375731557583884,2017-04-01,31.375
2017-04-01,30.625,29.285714285714285,31.0,26.5,24.692307692307693,23.75,37.625,36.85714285714285,39.375,6.949999999999999,10.585714285714284,10.425,1007.5,1007.1428571428572,1009.875,29.414229024943314,1.4618071757306161,27.697041252398396,2.477112253125658,23.730167471417474,4.367615937589075,6.0,92.0,4.0,-0.7818314824680299,0.6234898018587334,0.9999300657962057,-0.011826390691832589,2017-04-02,29.75
2017-04-02,31.375,30.625,29.285714285714285,29.1,24.666666666666668,20.5,35.125,37.625,37.1,9.0375,6.949999999999999,17.59,1005.0,1007.5,1010.2,30.110657596371883,0.89238295546192,28.17437641723356,2.4973552046622727,23.98433413808414,4.585250155240027,0.0,93.0,4.0,0.0,1.0,0.9995786855478958,-0.029025013321975237,2017-04-03,30.5
2017-04-03,29.75,31.375,30.625,29.5,23.33333333333333,19.125,33.75,35.125,38.625,9.2625,9.0375,13.65,1004.25,1005.0,1009.5,30.20351473922903,0.7985791566957262,28.537471655328797,2.310694319407767,24.292667471417474,4.653368397007749,1.0,94.0,4.0,0.7818314824680298,0.6234898018587336,0.9989315138848577,-0.046215046983708354,2017-04-04,30.933333333333334
2017-04-04,30.5,29.75,31.375,29.88888888888889,25.0,19.75,29.75,33.75,40.66666666666666,6.9375,9.2625,8.844444444444445,1004.25,1004.25,1009.0,30.34637188208617,0.7389728677628586,29.04937641723356,1.8083315328732827,24.67183413808414,4.681122967621325,2.0,95.0,4.0,0.9749279121818236,-0.22252093395631434,0.9979887423155984,-0.06339140486951038,2017-04-05,29.23076923076923
2017-04-05,30.933333333333334,30.5,29.75,31.0,27.25,20.0,31.866666666666667,29.75,34.5,14.32,6.9375,13.2,1007.2,1004.25,1007.125,30.495578231292516,0.7366456304785723,29.473185941043084,1.4450993909086909,25.044611915861918,4.720781195007343,3.0,96.0,4.0,0.43388373911755823,-0.900968867902419,0.9967506498213929,-0.08054900421874167,2017-04-06,31.22222222222222
2017-04-06,29.23076923076923,30.933333333333334,30.5,29.285714285714285,28.0,22.625,46.0,31.866666666666667,36.85714285714285,14.384615384615389,14.32,10.585714285714284,1005.0,1007.2,1007.1428571428572,30.242830978545268,0.8320670025182993,29.6146694575266,1.3004148208498663,25.352304223554224,4.6813019285459045,4.0,97.0,4.0,-0.433883739117558,-0.9009688679024191,0.9952176027737294,-0.09768276782171598,2017-04-07,27.0
2017-04-07,31.22222222222222,29.23076923076923,30.933333333333334,30.625,28.916666666666668,21.545454545454547,26.0,46.0,37.625,13.577777777777776,14.384615384615389,6.949999999999999,1002.8888888888888,1005.0,1007.5,30.519474969474967,0.781176947576708,29.84482818768533,1.2776019917430002,25.6388782976283,4.770878082359283,5.0,98.0,4.0,-0.9749279121818236,-0.2225209339563146,0.9933900548258936,-0.11478762552212701,2017-04-08,25.625
2017-04-08,27.0,31.22222222222222,29.23076923076923,31.375,26.5,20.785714285714285,29.875,26.0,35.125,4.65,13.577777777777776,9.0375,1007.375,1002.8888888888888,1005.0,30.001617826617824,1.5362161808801433,29.70792342578057,1.4725339712856051,25.82069647944648,4.713084689281924,6.0,99.0,4.0,-0.7818314824680299,0.6234898018587334,0.9912685467787256,-0.13185851571739118,2017-04-09,27.125
2017-04-09,25.625,27.0,31.22222222222222,29.75,29.1,19.9375,29.375,29.875,33.75,8.337499999999999,4.65,9.2625,1010.375,1007.375,1004.25,29.18018925518925,2.1097058107225277,29.64542342578057,1.6293801405345214,25.982006003256004,4.616643354096155,0.0,100.0,4.0,0.0,1.0,0.9888537064205885,-0.1488903868564548,2017-04-10,27.857142857142858
2017-04-10,27.125,25.625,27.0,30.5,29.5,18.53333333333333,21.125,29.375,29.75,14.125,8.337499999999999,6.9375,1010.625,1010.375,1004.25,28.80518925518925,2.221857152493603,29.50435199720914,1.7604603159224745,26.221589336589336,4.476516722945644,1.0,101.0,4.0,0.7818314824680298,0.6234898018587336,0.986146248341595,-0.16587819893463143,2017-04-11,29.25
2017-04-11,27.857142857142858,27.125,25.625,30.933333333333334,29.88888888888889,17.375,19.428571428571427,21.125,31.866666666666667,19.314285714285717,14.125,14.32,1008.5714285714286,1010.625,1007.2,28.42763823478109,2.1074665018123024,29.38700505843363,1.8146913610408177,26.532382987382984,4.241847480144069,2.0,102.0,4.0,0.9749279121818236,-0.22252093395631434,0.9831469737221499,-0.1828169249850199,2017-04-12,29.25
2017-04-12,29.25,27.857142857142858,27.125,29.23076923076923,31.0,17.444444444444443,17.75,19.428571428571427,46.0,15.5125,19.314285714285717,14.384615384615389,1006.25,1008.5714285714286,1005.0,28.1871620443049,1.8547892825623746,29.34137013779871,1.8091240746856803,26.92821632071632,3.897975113222051,3.0,103.0,4.0,0.43388373911755823,-0.900968867902419,0.9798567700958665,-0.1997015525660636,2017-04-13,29.666666666666668
2017-04-13,29.25,29.25,27.857142857142858,31.22222222222222,29.285714285714285,18.0,26.0,17.75,26.0,9.4875,15.5125,13.577777777777776,1005.875,1006.25,1002.8888888888888,28.18990929705215,1.856606017481542,29.21637013779871,1.7450288604884778,27.321734839234843,3.481156839205994,4.0,104.0,4.0,-0.433883739117558,-0.9009688679024191,0.9762766110869321,-0.21652708524481437,2017-04-14,30.5
2017-04-14,29.666666666666668,29.25,29.25,27.0,30.625,19.875,29.11111111111111,26.0,29.875,4.944444444444445,9.4875,4.65,1006.7777777777778,1005.875,1007.375,27.967687074829936,1.490085403878116,29.24358102215245,1.7491586265988746,27.71062372812373,3.0257633010225535,5.0,105.0,4.0,-0.9749279121818236,-0.2225209339563146,0.9724075561219968,-0.23328854407545518,2017-04-15,31.22222222222222
2017-04-15,30.5,29.666666666666668,29.25,25.625,31.375,24.0,37.625,29.11111111111111,29.375,1.3875000000000002,4.944444444444445,8.337499999999999,1004.625,1006.7777777777778,1010.375,28.467687074829936,1.6856412005175851,29.23465245072388,1.741868600916797,28.064790394790396,2.6789258205268034,6.0,106.0,4.0,-0.7818314824680299,0.6234898018587334,0.9682507501166718,-0.2499809690726521,2017-04-16,31.0
2017-04-16,31.22222222222222,30.5,29.666666666666668,27.125,29.75,20.9,30.444444444444443,37.625,21.125,5.966666666666667,1.3875000000000002,14.125,1002.4444444444443,1004.625,1010.625,29.267290249433106,1.418881892915468,29.223739752311182,1.7278501458403446,28.305531135531137,2.6250177974332574,0.0,107.0,4.0,0.0,1.0,0.9638074231367307,-0.26659942067929354,2017-04-17,32.55555555555556
2017-04-17,31.0,31.22222222222222,30.5,27.857142857142858,30.5,24.692307692307693,34.25,30.444444444444443,19.428571428571427,2.1,5.966666666666667,19.314285714285717,1003.25,1002.4444444444443,1008.5714285714286,29.820861678004537,1.1794872641278997,29.313025466596894,1.788372769621583,28.642197802197803,2.265549886796445,1.0,108.0,4.0,0.7818314824680298,0.6234898018587336,0.9590788900341131,-0.28313898122818354,2017-04-18,34.0
2017-04-18,32.55555555555556,31.0,31.22222222222222,29.25,30.933333333333334,24.666666666666668,38.44444444444444,34.25,17.75,5.366666666666666,2.1,15.5125,1004.4444444444443,1003.25,1006.25,30.492063492063494,1.2121549067381345,29.459850863422293,1.968617011534233,28.904306064306066,2.247607825582218,2.0,109.0,4.0,0.9749279121818236,-0.22252093395631434,0.9540665500578387,-0.2995947563972602,2017-04-19,33.5
2017-04-19,34.0,32.55555555555556,31.0,29.25,29.23076923076923,23.33333333333333,27.33333333333333,38.44444444444444,26.0,7.811111111111111,5.366666666666666,9.4875,1003.1111111111112,1004.4444444444443,1005.875,31.17063492063492,1.6510400584307785,29.67889848246991,2.2896245200538274,29.215417175417176,2.2864314350553916,3.0,110.0,4.0,0.43388373911755823,-0.900968867902419,0.9487718864399473,-0.31596187665790293,2017-04-20,34.5
2017-04-20,33.5,34.0,32.55555555555556,29.666666666666668,31.22222222222222,25.0,24.125,27.33333333333333,29.11111111111111,9.025,7.811111111111111,4.944444444444445,1000.875,1003.1111111111112,1006.7777777777778,31.77777777777778,1.6079150930633104,29.983843537414966,2.4999855680561573,29.554306064306065,2.1328195826676812,4.0,111.0,4.0,-0.433883739117558,-0.9009688679024191,0.9431964659565866,-0.33223549871590435,2017-04-21,34.25
2017-04-21,34.5,33.5,34.0,30.5,27.0,27.25,27.5,24.125,37.625,5.5625,9.025,1.3875000000000002,998.625,1000.875,1004.625,32.46825396825397,1.5879099363317688,30.21797052154195,2.7643852165072875,29.87097273097273,2.1385502117650046,5.0,112.0,4.0,-0.9749279121818236,-0.2225209339563146,0.9373419384643772,-0.3484108069446808,2017-04-22,32.9
2017-04-22,34.25,34.5,33.5,31.22222222222222,25.625,28.0,39.375,27.5,30.444444444444443,6.9625,5.5625,5.966666666666667,999.875,998.625,1002.4444444444443,33.00396825396825,1.4387734627147808,30.735827664399093,2.7941036305887677,30.104306064306066,2.2229334585416445,6.0,113.0,4.0,-0.7818314824680299,0.6234898018587334,0.9312100364121947,-0.3644830148102912,2017-04-23,32.875
2017-04-23,32.9,34.25,34.5,31.0,27.125,28.916666666666668,40.9,39.375,34.25,8.89,6.9625,2.1,1001.6,999.875,1003.25,33.243650793650794,1.2148025147778465,31.255470521541948,2.4222347751513333,30.2676393976394,2.2429124301358674,0.0,114.0,4.0,0.0,1.0,0.9248025743285089,-0.38044736628785164,2017-04-24,32.0
