date,trend,seasonal,resid
2013-01-01,6.045050635872768,3.859038897686905,0.09591046644032808
2013-01-02,6.530279584862405,0.906166481198276,-0.03644606606068024
2013-01-03,7.0182249089151165,0.13325229869969096,0.015189459051859089
2013-01-04,7.509404009738587,1.1532921300771914,0.0039705268508880565
2013-01-05,8.004689570571307,-1.8831569360010587,-0.1215326345702481
2013-01-06,8.50594803617713,-1.6328964408963016,0.12694840471917068
2013-01-07,9.018396671685034,-1.712905982539822,-0.30549068914521094
2013-01-08,9.553019867150775,2.8682537230903082,-3.564130733098226
2013-01-09,10.165493691544754,0.8001991990343682,3.034307109420878
2013-01-10,10.686211109793527,0.3068270032805334,0.006961886925939353
2013-01-11,11.164689544344528,0.7952636238039005,3.7543325461372845
2013-01-12,11.663420691811071,-1.4000502209333863,3.7366295291223146
2013-01-13,12.161015367398901,-1.4952488976989036,5.1675668636333345
2013-01-14,12.56729566089963,-1.0632517591655266,1.3292894315992303
2013-01-15,12.90899198835416,1.9008758651595887,-0.0955821392280356
2013-01-16,13.152638559962794,0.6790516410860882,0.001643132284451454
2013-01-17,13.123686570076108,0.4693794956673698,2.9069339342565232
2013-01-18,13.037242801773486,0.45904506816239654,0.3370454633974518
2013-01-19,13.005127770578978,-0.9312848649889343,0.4261570944099553
2013-01-20,12.98781758579303,-1.349053779874438,-0.3530495202043049
2013-01-21,12.977077565895907,-0.4143433935224681,-1.3627341723734396
2013-01-22,12.989971866255067,0.9122310679215431,-4.402202934176609
2013-01-23,13.056664546794062,0.5519275232658719,0.39140792994006546
2013-01-24,13.165204002798781,0.6210425289692975,0.04708680156525524
2013-01-25,13.325952803281101,0.13513639950369835,-1.2110892027848
2013-01-26,13.555871263904454,-0.4758108792242512,-0.41339371801353586
2013-01-27,13.829696328264854,-1.2272640081636972,0.2547105370417011
2013-01-28,14.142558183803041,0.09054637281142153,0.6002287767188701
2013-01-29,14.506105178514293,0.26017677601567996,-0.6412819545299726
2013-01-30,14.91832726818929,0.337109187484527,-0.5411507413881029
2013-01-31,15.315415244309165,0.6317249190675738,0.2528598366232604
2013-02-01,15.642209953291005,0.6438338602315009,-0.28604381352250563
2013-02-02,15.91380213318284,-0.5986551139196565,0.9705672664511003
2013-02-03,16.146037383775074,-1.238201103664419,3.0921637198893457
2013-02-04,16.301094779928604,0.17372701122601447,0.9537496374168093
2013-02-05,16.40303259291934,-0.31956096353475205,0.5415283706154099
2013-02-06,16.463813042506857,0.20154520663503342,0.0013084175247790597
2013-02-07,16.45587539534765,0.8596094343784938,-1.7154848297261438
2013-02-08,16.36934344419678,1.442820774441837,-3.8121642186386175
2013-02-09,16.272806561585593,-0.7750000646457843,-0.06923506836837845
2013-02-10,16.204832893928018,-1.3975986078354905,0.4427657139074732
2013-02-11,16.173440487993357,-0.19977076288975754,-0.09866972510360128
2013-02-12,16.16412888163945,-0.5769363735268458,-0.25385917477926867
2013-02-13,16.143101929747413,0.26182910633236745,-0.11921675036549573
2013-02-14,16.137046222419116,1.0048946023350123,0.19139250857920587
2013-02-15,16.195177114300623,2.3949170097184704,0.5765725426475754
2013-02-16,16.33023366871681,-0.9050684390907496,-0.9965938010546331
2013-02-17,16.525919298787574,-1.4662064815444489,-1.3930461505764598
2013-02-18,16.74297316871206,-0.8881313827752292,-0.25484178593682927
2013-02-19,16.960415007336664,-0.6874421453750704,-0.4158300048187371
2013-02-20,17.186611256490075,0.06994731634914918,0.4577271414464903
2013-02-21,17.447513920242518,1.1202538292969062,1.4322322504605758
2013-02-22,17.722990347337653,2.581791195601316,0.19521845706103136
2013-02-23,17.95145172268012,-0.603409121142555,0.08052882703386288
2013-02-24,18.116610460538908,-1.332291482025578,0.07282387862952788
2013-02-25,18.24575516961496,-0.8586049388530284,-0.5121502307619323
2013-02-26,18.411013848000728,-0.6498431562357497,0.09597216537788
2013-02-27,18.637949206037646,-0.4403007459311614,2.6023515398935153
2013-02-28,18.96306373501543,0.9013220023816645,-0.4358143088256696
2013-03-01,19.358593728911735,1.9716172789559434,-3.996877674534346
2013-03-02,19.78997990023089,0.364236046644029,-1.154215946874917
2013-03-03,20.241132308164698,-1.0111635004826596,0.1033645256512905
2013-03-04,20.74088264392483,-0.5609306167077039,-2.579952027217125
2013-03-05,21.30867581298327,-0.5479003704742056,0.1142245574909353
2013-03-06,21.883979919745883,-1.1539915319210363,0.1271544693180111
2013-03-07,22.40992016462229,0.2638840485442389,0.7547672154049003
2013-03-08,22.83558516350452,1.408786439845708,-0.07770493668355982
2013-03-09,23.117589503054155,1.8118446867383942,0.4991372387788786
2013-03-10,23.270055926591244,-0.6733655395307707,0.5461667557966692
2013-03-11,23.34766529093701,-0.18133242771014463,0.833667136773137
2013-03-12,23.36083249636731,-0.373841442530136,0.5130089461628273
2013-03-13,23.332726763317297,-1.833786818263986,0.0010600549466879272
2013-03-14,23.26783691079168,-0.04252653895697883,-0.8919770385013734
2013-03-15,23.174834361200986,1.279643557158181,-0.2878112516924993
2013-03-16,23.133847165919626,0.8866870794056478,-3.687200911991944
2013-03-17,23.180971478772,-0.5720428043187639,0.05773799221342912
2013-03-18,23.296338225637694,0.2690051988065548,-0.13677199587282018
2013-03-19,23.450141131933528,-0.07276474058115123,-0.877376391352378
2013-03-20,23.540018542191408,-0.8865717628152766,6.513219887290536
2013-03-21,23.57124544638608,-0.46731591009963525,0.729403797046885
2013-03-22,23.59208712071975,0.925927471897426,0.7319854073828225
2013-03-23,23.60829326521078,0.500394799962457,3.2663119348267635
2013-03-24,23.61912136625463,-0.7304984085341054,4.111377042279475
2013-03-25,23.61136679390991,0.4218841967951388,-0.5332509907050493
2013-03-26,23.590081746082276,0.27875656013770334,0.2740188366371612
2013-03-27,23.584649804538632,-0.1633051810311788,-2.4213446235074514
2013-03-28,23.654286385791483,-0.4621842186642545,-0.7635307385558008
2013-03-29,23.82982084605229,0.5123213081288688,-3.0921421541811576
2013-03-30,24.03281402282204,-0.6951477624524219,0.16233373963038034
2013-03-31,24.247496973845543,-0.8657949376419058,-0.18170203620363878
2013-04-01,24.504060467985738,0.3894618217262952,0.48147771028796527
2013-04-02,24.81351227927367,0.845417932101972,-0.49226354470897604
2013-04-03,25.191753641271045,0.6674500425481523,0.34079631618079986
2013-04-04,25.686150706611336,-0.2341728954216014,-0.8519778111897338
2013-04-05,26.24853807826218,-0.10258276945239411,-0.5459553088097842
2013-04-06,26.80739977611424,-0.16593541269965262,-0.7843215062717306
2013-04-07,27.339400012176863,-1.0766725357613598,2.88012966644164
2013-04-08,27.858780253358265,0.024718219186347628,0.8307872417411026
2013-04-09,28.360663246612365,0.5702699702281718,1.2357334498261316
2013-04-10,28.832194991216834,0.7470361123267528,0.420768896456412
2013-04-11,29.18545680175309,0.2873464408801194,0.527196757366788
2013-04-12,29.314882235174924,-0.5831341721574705,0.12539479412540544
2013-04-13,29.29489036994118,0.4065258590248434,0.498583771033978
2013-04-14,29.254340729130522,-1.1075565265654095,0.1032157974348884
2013-04-15,29.22057442952589,-0.37737673420738,-0.5931976953185085
2013-04-16,29.173958429531687,0.20626570729168917,2.744775863176624
2013-04-17,29.102336227051605,0.5518508410612112,-0.45418706811281595
2013-04-18,29.03192190354378,0.9415183799233385,0.31227400224716817
2013-04-19,29.00885073742072,-0.5847628694307548,-0.13837358227567975
2013-04-20,29.058382700722742,0.6733191736884225,0.893298125588835
2013-04-21,29.171675112652093,-1.0130927699596275,-0.49191567602579767
2013-04-22,29.324169589119467,-0.5191754815158329,-1.4299941076036333
2013-04-23,29.506300574388252,-0.23664335446223836,-0.6446572199260139
2013-04-24,29.733591667195594,0.3871523968674988,0.1649702216511919
2013-04-25,30.024885596273084,1.1469851101442026,-0.029013563560145172
2013-04-26,30.366432238439824,-0.245462482290582,-0.24596975614924332
2013-04-27,30.73732801647578,0.42695072391349714,-0.021421597532132353
2013-04-28,31.092449030731583,-0.6696495163180909,0.1486290570150821
2013-04-29,31.4234511122406,-0.5308444436345113,1.232393331393915
2013-04-30,31.728131600721742,-0.5974645748925748,0.012190117027973457
2013-05-01,32.002466355217464,0.49239927394848476,-0.6377227720230927
2013-05-02,32.25215168615146,1.0300941955196765,-3.4489125483378054
2013-05-03,32.477743236463176,-0.0034305209321886625,-3.9028841441024156
2013-05-04,32.68343366802362,-0.47705634813119924,0.650765537250436
2013-05-05,32.89273763932826,-0.1714686518013295,-0.09626898752693336
2013-05-06,33.10722513933752,-0.20929112159484456,-0.14793401774267778
2013-05-07,33.23484051519528,-0.3666788309809382,0.006838315785657301
2013-05-08,33.20438141263027,0.5843629118638778,0.7112556755058534
2013-05-09,33.089234700159174,0.7452528447568312,0.4512267407982762
2013-05-10,32.97500900719586,0.10806751512392493,0.9169234776802142
2013-05-11,32.89379832790065,-1.571567647986009,-0.5722306799146395
2013-05-12,32.8192804317673,0.4880889129835701,-3.4502264876080098
2013-05-13,32.74840047148984,0.12491255152284798,-1.1590273087269694
2013-05-14,32.71157876084633,-0.04756516647689066,-0.3782993086551514
2013-05-15,32.77338682518226,0.6516380964349362,-0.42502492161719374
2013-05-16,33.00297778218384,0.06960579063438327,-0.0725835728182247
2013-05-17,33.41997602094397,0.04228982752571564,-0.6289325151363485
2013-05-18,33.94211377027897,-2.064148122989465,-0.4779656472895084
2013-05-19,34.50217349860708,1.2367607527078364,-0.40560091798158027
2013-05-20,35.05551432683662,0.48669267007463823,0.8577930030887373
2013-05-21,35.33194295787544,0.27877107530713896,0.3892859668174182
2013-05-22,35.37023602142212,0.3940876360522144,0.9856763425256645
2013-05-23,35.426251829551724,-0.8998109536364719,2.973559124084751
2013-05-24,35.45729773045861,-0.16427211692308477,3.135545815035904
2013-05-25,35.411162001475624,-1.835929721012158,5.139053433822255
2013-05-26,35.286549160535216,1.9401746993188682,0.5732761401459143
2013-05-27,35.111807307941255,1.2252704776408678,-0.47993492843927044
2013-05-28,34.82397147324517,-0.14828407594789358,0.6576459360360545
2013-05-29,34.48158940667146,-0.06999168296312776,-0.2687405808511869
2013-05-30,34.174940649154934,-1.6785661479948486,-0.2963745011600807
2013-05-31,33.915939001017236,-0.2816880347186122,-0.009250966298623098
2013-06-01,33.76584457295265,-1.264166424556178,-0.5016781483964721
2013-06-02,33.725345126703914,2.5280406551122936,-3.8533857818162076
2013-06-03,33.72368700089194,2.0667849791373385,-0.19047198002927956
2013-06-04,33.72214762542573,-0.9332745280191198,3.0682697597362463
2013-06-05,33.71891507761907,-0.529458588829455,3.9772101778770406
2013-06-06,33.70291963618511,-2.059063877362274,-0.35814147310854594
2013-06-07,33.66834812301315,-0.3547908504123612,0.6864427273992106
2013-06-08,33.51898383483801,-0.5610968166646512,1.2421129818266436
2013-06-09,33.231395980678215,2.9520345115590074,-0.016763825570563995
2013-06-10,32.83606910957053,2.0476043013462153,1.7413265890832577
2013-06-11,32.400662005615345,-1.667067459436129,-0.5669278795125479
2013-06-12,31.94443132940978,-0.9283633838897997,3.1267891973371675
2013-06-13,31.545443591998627,-1.6543613491143163,-0.05774890955098044
2013-06-14,31.259958904908036,-0.48096688052920417,-0.6361348815216878
2013-06-15,31.03522116579851,0.1221090735850962,-0.4430445250978927
2013-06-16,30.89326965777037,2.8095793655059005,-6.702849023276272
2013-06-17,30.879158990789993,2.076612433999805,-6.080771424789798
2013-06-18,31.03058989522067,-2.051911421069238,-0.578678474151431
2013-06-19,31.18405865872327,-1.3948460409974317,0.06793023941702003
2013-06-20,31.308502063989696,-0.9814140279986379,2.672911964008943
2013-06-21,31.44893958190597,-0.5455409742056523,3.9299347256330144
2013-06-22,31.598642724760147,0.39485137151947247,3.6065059037203824
2013-06-23,31.75553928766168,2.151635811863656,1.2594915671413283
2013-06-24,31.928805657472672,1.7586895612442612,-0.5446380758597869
2013-06-25,32.028039553082486,-1.8350590444014538,0.3784480627475375
2013-06-26,32.03787545221265,-1.013132985546731,-0.35807579999925565
2013-06-27,32.05527084631003,-0.21784149148442675,-0.40885792625417494
2013-06-28,32.086988233384055,-0.7066387746415146,0.11965054125745667
2013-06-29,32.11557253133903,0.4824700913015362,0.6519573773594303
2013-06-30,32.12788260836754,1.4838726408740561,-0.7784219159082646
2013-07-01,32.06235944366664,1.0338844241141236,0.7608989893620972
2013-07-02,31.92148042952496,-1.5846242121425824,2.806000925474766
2013-07-03,31.722619535711612,-0.7044143870969481,0.553223422813911
2013-07-04,31.4950303876918,0.5515884604145093,0.32838115189369077
2013-07-05,31.269566223725853,-0.7557488971461899,2.2861826734203348
2013-07-06,31.047631574852247,0.7027737978504438,-0.7504053727026907
2013-07-07,30.816364523980443,0.4601277922869013,-0.1098256496006762
2013-07-08,30.635238156642345,0.6224376540341333,-1.4243424773431492
2013-07-09,30.51112966134764,-1.221213589587359,-0.2899160717602811
2013-07-10,30.474308853477584,-0.46488217719536895,-0.2594266762822137
2013-07-11,30.523038186419065,0.995775187628679,0.9811866259522546
2013-07-12,30.61855040647975,-0.7988826781993748,-0.9446677282803719
2013-07-13,30.730503008883453,0.43988789853419397,0.579609092582352
2013-07-14,30.846766310604362,0.5479439534830007,-0.6447102640873617
2013-07-15,30.947335761998485,0.17359577633082152,0.6290684616706947
2013-07-16,31.02670332361375,-0.7196798693260242,-0.43202345428772304
2013-07-17,31.046613476386863,-0.569205266849924,0.6475917904630606
2013-07-18,31.023716901019718,0.8064909825862155,-0.080207883605933
2013-07-19,30.98931722197005,-0.8332128584172162,0.34389563644716503
2013-07-20,30.95301669608968,0.13525436630469573,-4.254937729061048
2013-07-21,30.908993709801255,1.064101833666855,-3.7730955434681093
2013-07-22,30.84677823327238,0.04999321876986461,-1.3967714520422447
2013-07-23,30.767509984395875,-0.06204152715211471,1.1516743998990968
2013-07-24,30.69617745651584,-0.824832689499442,-0.1570590527306841
2013-07-25,30.64952571100422,0.2836036364810791,-2.59979601415197
2013-07-26,30.61469370439255,-0.9715669065326316,0.35687320214008267
2013-07-27,30.553766907475076,-0.0005794688763702954,-0.4103302957415629
2013-07-28,30.466473017534042,1.546842674739444,0.27239859344079775
2013-07-29,30.369963589546536,0.018771032540303965,0.6112653779131598
2013-07-30,30.310015715690902,0.6065124748033852,-0.4165281904942866
2013-07-31,30.247966579119527,-0.9002585509184288,-0.5143746948677688
2013-08-01,30.154402060944726,-0.2662407318939214,0.1118386709491972
2013-08-02,30.017622406655928,-1.284393721677862,2.838199886450507
2013-08-03,29.857120022625974,-0.22622711828083117,2.869107095654858
2013-08-04,29.720227063518028,1.7260607480896453,1.0537121883923284
2013-08-05,29.634874750626558,0.14440635143571698,-0.2792811020622743
2013-08-06,29.54159813358108,1.1749162441272385,-3.54984771104165
2013-08-07,29.40513878665265,-0.642293461525674,-0.38784532512697467
2013-08-08,29.279978651882878,-0.49656163631989386,-0.2834170155629856
2013-08-09,29.19304901338747,-1.6639103831964435,-0.3624719635243565
2013-08-10,29.128211269925043,-0.252397101253961,0.5527572599003463
2013-08-11,29.072403089336603,1.0792583523227328,-0.1516614416593356
2013-08-12,28.98931543923311,0.34819024870805115,0.1624943120588398
2013-08-13,28.87818206575587,1.5793049110392214,0.2925130232049078
2013-08-14,28.740649996720443,-0.34694253843635936,1.2729592083825843
2013-08-15,28.579191523014558,-0.2577206048573537,-0.607185203871488
2013-08-16,28.433670034683594,-1.7978807609039373,-0.03578927377965613
2013-08-17,28.344951012416768,-0.6068994161353122,-0.30948016771002784
2013-08-18,28.292848332160876,0.2435269603338061,-0.2030419591613537
2013-08-19,28.31076712651817,0.6422618775349364,-0.7863623373864357
2013-08-20,28.453210957899262,1.8876198647920637,-2.965830822691327
2013-08-21,28.69950190915351,-0.057481299457058696,-0.30868727636312343
2013-08-22,28.964913243727796,0.0924421754804402,0.10931124745843235
2013-08-23,29.226571774116728,-1.5068418274213073,3.5659843390188612
2013-08-24,29.507680434063804,-0.8592635320617534,3.351583097997949
2013-08-25,29.785274485186797,-0.5938118381867652,-0.19146264700003002
2013-08-26,30.021005057085894,0.7725696276855365,1.206425315228568
2013-08-27,30.230834118033187,1.6934358706452997,0.21858715417866037
2013-08-28,30.38955302495362,0.10922495142747844,-0.35592083352395676
2013-08-29,30.51764208861287,0.5274346280682601,0.45492328331886966
2013-08-30,30.65239396071269,-1.030236772029874,-0.4554905220161487
2013-08-31,30.769879973197163,-0.7849640652873295,-0.9849159079098335
2013-09-01,30.86334043052618,-1.3931532028582452,0.5298127723320647
2013-09-02,30.947862572482336,0.8125105503235229,0.09676973433699843
2013-09-03,31.002033061530362,1.1460382210269155,0.6019287174427213
2013-09-04,31.005699664863656,0.18667002971504712,0.5219160197070138
2013-09-05,30.94905459472192,0.7468284465585489,-0.029216374613802998
2013-09-06,30.842969975044504,-0.5304598468247453,0.2589184432088132
2013-09-07,30.72855526301513,-0.3621245432943906,0.46690261361258933
2013-09-08,30.635684242830685,-1.5173606101238648,-1.1183236327068187
2013-09-09,30.55312357721108,0.6101179290848346,-0.16324150629591472
2013-09-10,30.472770514909897,0.5343975955815793,-1.3405014438248095
2013-09-11,30.36624927102112,0.13908551250242354,0.351808073619317
2013-09-12,30.223641501715026,0.5720618203658652,0.3709633445857783
2013-09-13,30.08307270670411,-0.24810381508962226,1.3078882512426517
2013-09-14,29.96891724455379,0.36692373419902935,0.16415902124717974
2013-09-15,29.84794009879899,-1.4399615493708353,3.2170214505718455
2013-09-16,29.6944795207145,0.5110186251978501,-0.5388314792456796
2013-09-17,29.526255220164447,0.22973931234647652,-0.5059945325109254
2013-09-18,29.39401762454118,0.04262446698423879,-0.29378494866827864
2013-09-19,29.338002882035585,0.28458617692139704,0.1774109410430178
2013-09-20,29.33300447153856,-0.5473794011710309,-0.11895840370085864
2013-09-21,29.323985215498823,0.6045845915531435,-4.728569807051969
2013-09-22,29.310118760233745,-1.0708242800462207,0.09403885314580407
2013-09-23,29.301209667278798,0.7306709261463564,0.2538336922891311
2013-09-24,29.279422120056918,0.218442927360695,1.252134952582388
2013-09-25,29.228353294178834,0.1470684926883512,-0.8039932154386129
2013-09-26,29.121925610772905,0.22525415802245324,-1.1471797687953575
2013-09-27,28.98202010764517,-1.5985517889218255,1.6165316812766548
2013-09-28,28.841719275040347,0.481657004577501,0.6766237203821532
2013-09-29,28.707578750300097,-0.31102474535958874,-0.25369686208336617
2013-09-30,28.601566738671586,0.9794060340026557,-2.7238299155313825
2013-10-01,28.531858218998384,0.3964199893787375,-0.6425639226628377
2013-10-02,28.46613185294352,0.4679604443086956,0.26590770274778563
2013-10-03,28.423555381834593,0.4395016076655538,-0.26305698950014644
2013-10-04,28.44869972352601,-2.7611346030081743,-0.8542317871845064
2013-10-05,28.516315399011226,0.15537592535800135,-0.17169132436922752
2013-10-06,28.518055660321046,0.07125118682685815,1.1606931528520974
2013-10-07,28.41540858710656,1.1520850023753002,0.14679212480385573
2013-10-08,28.258963265074055,0.2318904677031624,0.7091462672227813
2013-10-09,28.079133223676585,0.7648862037694004,1.989313905887343
2013-10-10,27.845996057267005,0.770551609208013,0.812023762096409
2013-10-11,27.539791786024765,-2.831076780510422,-0.8515721483714849
2013-10-12,27.177347078312323,-0.31943113048849614,-0.7150588049666844
2013-10-13,26.7955092329818,0.15453211604757974,0.21662531763728765
2013-10-14,26.432512232721507,0.9441449841871545,0.3376284973770538
2013-10-15,26.109793860267782,0.12739654026424074,-0.38004754338916413
2013-10-16,25.81080416957879,0.8979068013056104,-0.28013954231297333
2013-10-17,25.52568629009126,0.9402883882844111,0.39116817876718457
2013-10-18,25.243318980692454,-2.025635788570146,3.1156501412110202
2013-10-19,24.95772674418801,-0.4829761330891368,0.09667796032969633
2013-10-20,24.69187856468684,-0.06561296157727428,-0.2929322697762373
2013-10-21,24.441788369111823,0.5153736020159276,-0.08216197112774992
2013-10-22,24.19018999910927,-0.13119343121308263,3.7410034321038133
2013-10-23,23.94276606972653,0.7361488992785649,0.3210850309949045
2013-10-24,23.724029505641106,0.9634131169945059,-0.8302997654927537
2013-10-25,23.519203103935357,-1.1596952997088827,0.44049219577352616
2013-10-26,23.332105780951572,-0.19620861712995286,-0.13589716382161754
2013-10-27,23.16293103773641,-0.4360554087560019,0.1481243710195912
2013-10-28,22.990538382904568,0.3485455160481299,-0.6724172322860298
2013-10-29,22.784391342672777,-0.4775374634554965,0.6931461207827212
2013-10-30,22.532930481990906,0.6308279504857142,-0.3066155753337618
2013-10-31,22.228444459546548,0.8023620322757099,0.6358601748444102
2013-11-01,21.897246581484584,-0.5375037612167394,2.0688286083035834
2013-11-02,21.540212961429717,0.10193229731943336,-0.017145258749149406
2013-11-03,21.148555554466757,-0.7957892561354121,0.2722337016686538
2013-11-04,20.728406434561787,0.4423444754353085,-0.00408424333042845
2013-11-05,20.29063924961873,-0.6120880413822053,-0.8452178749031987
2013-11-06,19.845507239620364,0.5405171028381117,0.18540422897009634
2013-11-07,19.414780317262824,0.6840399956022564,0.04403682999206282
2013-11-08,19.007392745465093,-0.4617230482972425,-0.5456696971678525
2013-11-09,18.634924780056522,0.10171754519882646,1.120500531887508
2013-11-10,18.311651083492823,-0.9189167572578186,-0.5594009929016721
2013-11-11,18.014226666077672,0.8021497545282789,0.040766436536905815
2013-11-12,17.73186182963665,-0.5667916076951744,-0.5936416505129003
2013-11-13,17.50707098494019,0.5062857723381194,-0.2633567572783093
2013-11-14,17.372348326415995,0.4144502600431623,-0.161798586459156
2013-11-15,17.32402166716088,-0.5370859323623478,0.21306426520146715
2013-11-16,17.3421999619345,0.03008063267087626,-0.7472805946053782
2013-11-17,17.400715080525796,-0.6754970675439631,-1.1537894415532612
2013-11-18,17.498390562131927,0.7784003061844277,0.22320913168364598
2013-11-19,17.642772616281075,-0.2546460514537238,0.48687343517264736
2013-11-20,17.84345384214068,0.46449291922309227,-0.05794676136377319
2013-11-21,18.08929235186128,0.20339182745388013,-0.41768417931515955
2013-11-22,18.29277062730963,-0.5209892799648649,-0.14678134734476345
2013-11-23,18.391944995719196,-0.207965860309331,-0.04112199255272486
2013-11-24,18.43098638969378,-0.3316474169985253,1.0256610273047464
2013-11-25,18.458220296456,0.4616153748874998,2.330164328656501
2013-11-26,18.478532435707983,-0.10041735333149515,2.871884917623511
2013-11-27,18.46748456368241,0.3799656958222338,0.2775497404953562
2013-11-28,18.402797063408304,0.25847323762741387,-0.03627030103571727
2013-11-29,18.25206061222044,-0.4023226132345784,-0.09973799898586222
2013-11-30,18.01900362463086,-0.30666899860974123,0.16266537397888214
2013-12-01,17.76128282162335,0.027295682887688324,0.21142149548895972
2013-12-02,17.503289603639228,0.06949126587814602,-0.3227808695173735
2013-12-03,17.258700258940546,-0.19915643586782683,0.440456176927281
2013-12-04,17.034671610946077,0.22577112269837568,-0.11758559078731068
2013-12-05,16.8286928864564,0.5512855913120929,-0.23712133491135035
2013-12-06,16.65484029029091,-0.10855247538292412,-0.42128781490798417
2013-12-07,16.53424174575491,-0.20665321861682578,-0.32758852713808295
2013-12-08,16.473084042342197,0.07758115850368341,-0.050665200845880776
2013-12-09,16.44928075986158,-0.2624233036260367,-0.061857456235543395
2013-12-10,16.42635471511295,-0.42127028806452665,-0.5050844270484234
2013-12-11,16.373704897408864,0.09374549268884598,0.15754960990228994
2013-12-12,16.281422893869,0.6627541143790647,0.8058229917519348
2013-12-13,16.156368339996416,0.09585572847902449,0.8906330743817037
2013-12-14,16.020798619305832,-0.22183861634522822,0.34389713989653714
2013-12-15,15.877308703196478,0.025933413962978515,-0.403242117159456
2013-12-16,15.713251789477845,-0.18338681157157444,-0.27986497790626963
2013-12-17,15.529892492398194,-0.3648217563951154,-0.415070736003079
2013-12-18,15.340817398848968,0.18551562789803092,-0.6513330267469986
2013-12-19,15.146878502269704,0.3625513165162324,0.6155701812140641
2013-12-20,14.941405456559304,0.15139509366429119,0.2821994497764049
2013-12-21,14.701239934514282,-0.24454000826373995,0.29330007374945843
2013-12-22,14.401924195098573,-0.08349723516371672,0.9315730400651443
2013-12-23,14.02763527831435,-0.11634033937802313,0.33870506106367415
2013-12-24,13.583588416467633,0.0021148288504902694,-0.08570324531812368
2013-12-25,13.147586004471984,0.26954871768687455,0.24953194450780813
2013-12-26,12.803876203362325,-0.08568846283991774,-0.5931877405224064
2013-12-27,12.58258576732167,0.043858270849283156,-0.751444038170952
2013-12-28,12.432879301540181,-0.2157565615244143,-1.3421227400157676
2013-12-29,12.334554700646866,-0.011188596165435827,-1.7519375330528586
2013-12-30,12.292061012017719,0.019942820781725053,0.06299616720055567
2013-12-31,12.304717236306024,0.4320330434698221,1.7632497202241542
2014-01-01,12.365494223870895,0.16628712520589345,0.8432186509232107
2014-01-02,12.417920872591434,-0.38316675866699296,-1.034754113924441
2014-01-03,12.403825854210782,-0.22285947415343849,0.31903361994265644
2014-01-04,12.35225681945834,-0.373330728562702,0.8960739091043628
2014-01-05,12.316048561406364,0.006287840206571457,0.052663598387065136
2014-01-06,12.315577019306978,0.2828668765336384,-1.1698724672691885
2014-01-07,12.348237077878522,0.8286304093440018,-1.034010344365381
2014-01-08,12.405929984588095,-0.016433420393497954,-0.5144965641945962
2014-01-09,12.48838280417887,-0.33303191499800566,0.6779824441524696
2014-01-10,12.60914924916335,-0.4602469291619996,0.2260976799986505
2014-01-11,12.74123327136019,-0.6150794872304577,-0.001153784129732216
2014-01-12,12.836638029156584,0.11996609597607863,-0.08160412513266202
2014-01-13,12.909378734228888,0.5444025827567548,0.5462186830143576
2014-01-14,12.998670379902556,0.8610675155166401,1.0152621045808043
2014-01-15,13.09911324243411,-0.16384970918404185,-0.9352635332500672
2014-01-16,13.198596967326774,0.14812555066110927,-1.061008232273597
2014-01-17,13.316673728512894,-0.6961770375517445,-0.6204966909611489
2014-01-18,13.47533672202742,-1.2813289678158808,0.3059922457884614
2014-01-19,13.677437499163283,-0.024578540524208114,0.8471410413609259
2014-01-20,13.904075922008648,1.0292950017328504,-0.30837092374149755
2014-01-21,14.124966377731994,1.1216842894027588,-1.6752220957061823
2014-01-22,14.315862664713581,-0.17837678661797907,1.1125141219043986
2014-01-23,14.481872835465408,0.647310297114812,0.49581686741978004
2014-01-24,14.627109062889225,-0.9945429334783088,0.2424338705890836
2014-01-25,14.761919173590694,-1.7898423500423013,-1.2220768235483934
2014-01-26,14.883139282073198,-0.472488715478156,-0.03565056659504329
2014-01-27,14.997784738917387,1.450552668343985,0.17666259273862828
2014-01-28,15.13742902630066,1.1681057930778278,0.31946518062151164
2014-01-29,15.332361035315898,0.022411010535295234,-0.4797720458511936
2014-01-30,15.579089343587974,1.1873954932395452,-2.2664848368275194
2014-01-31,15.843352369582515,-0.9890713967894734,-0.10428097279304183
2014-02-01,16.094669860571766,-1.995450413648065,-0.09921944692370133
2014-02-02,16.328195665272972,-0.9465516025796303,-0.13164406269333995
2014-02-03,16.45781865681767,1.432201365937084,0.5385514058166763
2014-02-04,16.42493809886594,0.9500648900610427,1.4821398682158744
2014-02-05,16.26275971706405,-0.03138197965119899,0.7686222625871508
2014-02-06,15.971236676567575,1.4947738231392087,1.0339895002932167
2014-02-07,15.598042204946278,-0.7892409489205494,4.816198743974272
2014-02-08,15.226147921624804,-1.7032804044133223,0.10213248278851772
2014-02-09,14.838151135077226,-1.0619747972182025,-0.9011763378590238
2014-02-10,14.434185779652237,1.040287599547297,-2.8494733791995337
2014-02-11,14.082970241240355,0.7962456832709867,-1.5042159245113425
2014-02-12,13.854385085471877,0.022470474719539398,-0.6268555601914159
2014-02-13,13.776699582558555,1.481970552459353,-0.008670135017908365
2014-02-14,13.808571207413403,-0.7112439594006535,-0.09732724801274983
2014-02-15,13.978728828932612,-1.1746517533842757,-0.42907707554833685
2014-02-16,14.246579623010337,-0.8427814978184326,0.09620187480809506
2014-02-17,14.576668494595756,0.5165369027324704,0.031794602671773475
2014-02-18,14.939260666521685,0.5200117723305018,-0.20927243885218694
2014-02-19,15.294209725692763,0.2342343717531845,-0.40344409744594856
2014-02-20,15.647488701688404,1.0245127670717358,-0.5470014687601399
2014-02-21,16.015835679061126,-0.7610835139595176,1.8702478348983895
2014-02-22,16.390931022709083,-0.8168286952827659,1.050897672573683
2014-02-23,16.73245245633627,-0.12018271417613932,-0.11226974216013019
2014-02-24,17.0025360853059,0.01967852601793976,-0.6472146113238395
2014-02-25,17.171170215252737,0.5356957264578717,0.4181340582893931
2014-02-26,17.260581397144982,0.2743800545976268,1.2150385482573896
2014-02-27,17.360535633548032,0.2849487499106472,0.9795156165413204
2014-02-28,17.51139363364386,-0.9114766263169811,-0.9749170073268765
2014-03-01,17.683340432642325,-0.36605404653201895,-1.1744292432531651
2014-03-02,17.844603097709523,0.6538250417878276,-2.373428139497351
2014-03-03,18.00731878542562,-0.15450489779231724,0.022186112366696875
2014-03-04,18.24544729679309,0.6205474066465975,-0.11599470343968576
2014-03-05,18.589115157327736,0.2094936649330335,0.07639117773922877
2014-03-06,18.975739183676044,-0.3538558320994487,-0.2468833515765958
2014-03-07,19.30707797681084,-1.073746167515762,0.26666819070491954
2014-03-08,19.560264518505658,0.07983669901228461,0.23489878248205898
2014-03-09,19.77281962194947,0.9979949951375506,1.2291853829129806
2014-03-10,19.979110905798123,-0.3686125147509737,0.3895016089528518
2014-03-11,20.186166499902942,0.6691306868681872,-0.14101147248541324
2014-03-12,20.37846811066312,0.015191328850015812,-0.39365943951313653
2014-03-13,20.56571604976679,-0.8682001759729133,-0.6975158737938791
2014-03-14,20.778144702411776,-0.8449218670671909,-0.3082228353445835
2014-03-15,21.02003750955138,0.6721803516656223,-0.0672178612170029
2014-03-16,21.30034671962648,1.0592583417835417,0.7653949385899814
2014-03-17,21.62597766775049,-0.6361989849416837,5.260221317191192
2014-03-18,21.956067063078084,0.5356544338943758,2.365421360170398
2014-03-19,22.265435534844208,0.15616843905448755,-0.6716039738986943
2014-03-20,22.546021509964802,-1.030873885117984,-0.01514762484681853
2014-03-21,22.799818801029364,-0.47992677916706705,0.18010797813770196
2014-03-22,23.066027300467038,1.1472510249482355,0.7867216745847259
2014-03-23,23.35887505093841,0.10954862811346971,-0.7184236790518774
2014-03-24,23.62831913455122,-0.7477216836388592,-0.5055974509123615
2014-03-25,23.86039477686911,0.3691651767704952,0.3954400463603953
2014-03-26,24.058338608469448,0.357469783158434,0.7091916083721195
2014-03-27,24.245457488639268,-0.8674720671357049,0.1220145784964366
2014-03-28,24.449915595659597,-0.0978820952660776,0.07653792817790617
2014-03-29,24.66430809813043,1.4088362284003244,-0.19814432653075542
2014-03-30,24.854942010364276,-0.491223267603743,-0.23871874276053262
2014-03-31,25.0233001816273,-0.618156165657401,-0.28014401596989913
2014-04-01,25.204098740028044,0.09430484790809328,-0.4234035879361393
2014-04-02,25.42144464130503,0.23060289846286244,1.0979524602321078
2014-04-03,25.635351305598643,-0.8032721954632808,0.16792088986463583
2014-04-04,25.8130524253033,0.30332708842251727,-0.25923665658296
2014-04-05,25.98505066839916,1.4764319012809055,-0.08648256968006507
2014-04-06,26.1759100315345,-0.7991741854652727,4.748264153930773
2014-04-07,26.378361010946204,-0.28720374663763876,1.1588427356914366
2014-04-08,26.584761999601266,0.1153301767126569,-0.9500921763139232
2014-04-09,26.801845487261996,-0.04388992503858617,-1.0079555622234118
2014-04-10,27.02343001794599,-0.8494105581230751,0.20098054017708478
2014-04-11,27.22954855929863,0.4506191199642978,0.4626894635942129
2014-04-12,27.408515816185897,1.3509177651744562,0.365566418639645
2014-04-13,27.564569764452074,-0.8784826001669852,0.18891283571491257
2014-04-14,27.672292491862095,-0.10502423511213883,0.05773174325004504
2014-04-15,27.715338579499026,0.25297743974371945,1.0316839807572542
2014-04-16,27.779394252604902,-0.2653693307590574,-0.38902492184584503
2014-04-17,27.885331943443305,-0.834474671951174,-0.6758572714921307
2014-04-18,28.011253668063382,0.6159037927661594,-4.37715746082954
2014-04-19,28.158047292553317,1.05199280668724,-3.5850400992405547
2014-04-20,28.331220274358387,-0.8461008166382415,-0.4851194577201454
2014-04-21,28.557201978687374,-0.32508479451327305,-0.23211718417410054
2014-04-22,28.877407366681233,0.3085781506109724,0.18901448270779397
2014-04-23,29.304149731875437,0.0718911318632726,-0.2510408637387087
2014-04-24,29.797242517129074,-0.4851632916077008,0.0629207744786271
2014-04-25,30.299102638789243,0.6690933838655154,-0.3431960226547588
2014-04-26,30.79562493548569,0.646610248259016,0.05776481625529328
2014-04-27,31.262041298788365,-0.5696624598132698,-0.06737883897509533
2014-04-28,31.594379148269702,-0.8096034832933277,0.7152243350236276
2014-04-29,31.78077073401765,-0.20809941568676243,0.5523286816691098
2014-04-30,31.869532798873095,0.7133045600414808,0.6671626410854259
2014-05-01,31.877385746311237,-0.03328747083939583,3.03090172452816
2014-05-02,31.81248726503936,0.6084528779635803,1.9540598569970626
2014-05-03,31.68708709008793,0.20620308419236008,-0.14329017428028834
2014-05-04,31.493840837655135,-0.23587438291105697,0.6170335452559215
2014-05-05,31.249669976177387,-1.2957534777923727,-0.2039164983850128
2014-05-06,30.970168760044455,-0.4821779036343956,-0.9165622849814881
2014-05-07,30.691446332876605,1.0839050008254971,-0.025351333702101186
2014-05-08,30.43419622205574,0.37214470157056745,0.5686590763736916
2014-05-09,30.20532166280191,0.7546695986098946,-0.4599912614118047
2014-05-10,30.018402786713928,-0.16574393255728004,0.14734114584335245
2014-05-11,29.929154223425122,0.003973907404122955,-0.30812813082924606
2014-05-12,29.923340262547473,-1.744326233363749,-0.17901402918372256
2014-05-13,29.96577847988707,-0.6267067743021251,-4.089071705584946
2014-05-14,30.05206030917615,1.1814240889146217,-4.35848439809077
2014-05-15,30.204639706116787,0.8427302736841471,-1.5473699798009335
2014-05-16,30.38246710183051,0.7633479229574403,-0.020815024787950165
2014-05-17,30.590494885895573,-0.2208975839954027,-0.49459730190017126
2014-05-18,30.88724363828316,-0.17699842619755243,0.7897547879143936
2014-05-19,31.223476269673935,-1.934531062832949,3.086054793159011
2014-05-20,31.48742411938791,-0.6058367350083043,0.24341261562039307
2014-05-21,31.69226344742008,1.0435396329885516,0.26419691959137026
2014-05-22,31.86513260612127,1.142451750784813,0.2424156430939135
2014-05-23,32.01199930732026,0.6550483869336993,1.9579523057460406
2014-05-24,32.14234140242932,0.0461258078069382,-0.6884672102362543
2014-05-25,32.28176458816464,-0.428785052951712,-0.3529795352129277
2014-05-26,32.434773305378386,-1.9175650086655402,-0.39220829671284463
2014-05-27,32.60331052076055,-0.46704604743152256,-0.26126447332902814
2014-05-28,32.82051087645369,0.6506796991588173,0.15380942438749656
2014-05-29,33.110254184032534,1.291481109905515,0.848264706061947
2014-05-30,33.45397793881631,0.6229889037957262,-0.9519668426120376
2014-05-31,33.82199911143737,0.5872899711817149,0.21571091738091042
2014-06-01,34.209794220735226,-0.5872759738631004,-0.8725182468721258
2014-06-02,34.62215411325649,-1.5832211249715764,-0.28893298828491254
2014-06-03,35.080615487528966,-0.5424039420036266,0.33678845447465733
2014-06-04,35.60089982888406,-0.12565460096408504,-0.22524522791997725
2014-06-05,36.14050480451336,0.9380950754266314,-0.2035998799399934
2014-06-06,36.65374949274185,0.8518560668383769,-0.005605559580232011
2014-06-07,37.14344863559165,1.1289992234861428,0.22755214092220655
2014-06-08,37.60473895908282,-0.513161738870689,0.5334227797878626
2014-06-09,38.03730618261358,-1.1358081571727923,0.9735019745592126
2014-06-10,38.286871495218115,-0.5508261711007704,-0.4860453241173417
2014-06-11,38.116088607824864,-0.9189864073727816,0.42789779954792095
2014-06-12,37.938982525443016,0.3133722386382507,-5.377354764081268
2014-06-13,37.7618021082332,1.3661062520556793,-8.877908360288878
2014-06-14,37.54734701017179,1.4966416223762529,-8.543988632548043
2014-06-15,37.32323775468838,-0.23223897442627894,-3.2159987802620975
2014-06-16,37.12809962406451,-0.8930313462859456,0.13993172222143357
2014-06-17,36.88620535813395,-0.647240553006257,0.6360351948723064
2014-06-18,36.48626109504764,-1.4620408543581587,-1.1492202406894805
2014-06-19,36.00575974018322,-0.3841099154142378,0.128350175231013
2014-06-20,35.54086675945685,1.8657377724807502,0.5933954680624041
2014-06-21,35.12760777274297,1.796293474978813,-0.04890124772177984
2014-06-22,34.73947445305024,-0.10118912124066387,-0.13828533180957692
2014-06-23,34.37051730525146,-0.5525531758305601,-1.6929641294209006
2014-06-24,34.02982928440635,-0.5050358938894859,-0.5247933905168622
2014-06-25,33.703779531475156,-1.9480889050470258,0.4943093735718662
2014-06-26,33.40018987296393,-1.275715871188746,0.37552599822481625
2014-06-27,33.12003902628305,2.291661891405381,-0.6617009176884352
2014-06-28,32.832344679622686,2.0417782453540565,0.0008770750232542923
2014-06-29,32.52972274803068,-0.5099702995417964,0.9802475515111198
2014-06-30,32.295282564434686,-0.35527928048715474,0.059996716052467036
2014-07-01,32.174687740023536,-0.26549772492463725,-0.5341900150989005
2014-07-02,32.17049118006098,-1.6745337868145456,-0.9959573932464316
2014-07-03,32.24330037963565,-1.6545424594972349,-1.7137579201384128
2014-07-04,32.379801518041255,2.5374420704189933,-3.5283546995713593
2014-07-05,32.61783609732383,2.1599332405860565,-0.07188698496871382
2014-07-06,32.86997100869507,-1.0699656905200856,-1.175005318174982
2014-07-07,33.06942723519123,-0.18698650026167643,1.1175592650704473
2014-07-08,33.25636043991842,-0.15284169687159568,1.8964812569531802
2014-07-09,33.388131058485655,-1.3554933664829818,3.967362307997327
2014-07-10,33.46811225260072,-1.909207342794525,4.566095090193805
2014-07-11,33.54232979524165,2.8163478237903967,0.26632238096795646
2014-07-12,33.53784738224541,1.9503555880373404,0.3867970297172505
2014-07-13,33.393015822650284,-1.3384310492226008,-0.42958477342768475
2014-07-14,33.215761658530255,-0.18082945928585645,-0.6599321992444018
2014-07-15,33.03991432197311,-0.00788719956304447,0.09297287758993633
2014-07-16,32.87756981648385,-0.9097761318172953,0.6572063153334469
2014-07-17,32.724683936824064,-1.891412540061911,-0.08327139676215012
2014-07-18,32.56092592216059,2.52318588733162,-7.834111809492214
2014-07-19,32.39111929162206,1.3702570202289452,-3.8863763118510057
2014-07-20,32.2026298934839,-0.9568809309595009,-0.37074896252440226
2014-07-21,32.01122868403285,-0.49996700878287775,0.6137383247500239
2014-07-22,31.854634288331724,-0.35001623052904807,0.1203819421973229
2014-07-23,31.74566689294605,-0.24783314182887864,-0.8728337511171738
2014-07-24,31.64323438548173,-0.9347276549897777,-0.20850673049195123
2014-07-25,31.5465284547458,1.9109107939393828,-2.7074392486851835
2014-07-26,31.4862493938502,0.47974455268458654,0.5340060534652125
2014-07-27,31.47097340417752,-0.27899035294753716,0.5223026630557328
2014-07-28,31.48299822216954,-0.5930678861499741,-0.8899303360195674
2014-07-29,31.485625709564133,-0.5829276813426805,-0.652698028221451
2014-07-30,31.443557147161375,0.25568017513364955,0.17576267770497722
2014-07-31,31.36790219281902,-0.37373849602527903,1.5058363032062623
2014-08-01,31.30242888447117,1.3584760624639616,0.5890950530648702
2014-08-02,31.264290776837964,-0.44348741033872985,-0.6958033664992342
2014-08-03,31.21595699782353,-0.03060473042492765,0.3146477326013972
2014-08-04,31.114598971849567,-0.4851830754539639,-0.12941589639560291
2014-08-05,30.975885052420946,-0.29276095572529814,-0.9331240966956464
2014-08-06,30.880379199674138,0.7008109492702149,0.5438098510556486
2014-08-07,30.87708156245693,-0.12403920043713854,0.3719576379802092
2014-08-08,30.919879405231033,0.6035756179965002,-0.5234550232275339
2014-08-09,30.953024987627703,-0.9488783216559593,-0.7688525483246913
2014-08-10,30.978727968666814,-0.01482918970117234,-2.4638987789656426
2014-08-11,31.00889482660321,-0.17505448089940076,0.29115965429619095
2014-08-12,31.05600523902169,0.22978211279512833,0.8392126481831816
2014-08-13,31.14797273111586,0.9706266491356906,0.0064006197484474114
2014-08-14,31.272410554963628,-0.34779098345832427,-0.5496195715053034
2014-08-15,31.393826828305535,0.08106686364408275,-0.3498936919496174
2014-08-16,31.53109596911035,-1.026405799329211,-0.07611874120971152
2014-08-17,31.713929539627543,-0.2544381475909633,-0.08449139203657907
2014-08-18,31.95842940976599,0.2585576792168193,-0.3419870889828083
2014-08-19,32.24907767585333,0.8695442123970999,-0.11862188825043063
2014-08-20,32.53308775741156,0.9687994303346972,-0.25188718774625585
2014-08-21,32.773158576501444,-0.7604313069409184,0.4872727304394715
2014-08-22,32.94864895106048,-0.22926682904139728,0.28061787798092297
2014-08-23,32.99692689763619,-0.8187006656317732,0.9467737679955803
2014-08-24,32.89338498580479,-0.620116085476542,0.8517310996717455
2014-08-25,32.63940121276353,0.6340219824176468,0.6015768048188193
2014-08-26,32.24304478942938,1.1750335021458618,0.7069217084247512
2014-08-27,31.727755428260725,0.704521085138528,1.4248663437435987
2014-08-28,31.135735712383912,-0.9125667541197242,-0.5981689582641891
2014-08-29,30.517961430861362,-0.49241038201046117,0.3494489511490997
2014-08-30,29.928296894099162,-0.5266916559566845,-0.7766052381424764
2014-08-31,29.39079725744616,-0.7031267241508637,-1.0626705332952966
2014-09-01,28.957128908941254,0.8388577858083008,-0.3674152661781278
2014-09-02,28.654463672289754,1.2837298531771573,-0.6881935254669109
2014-09-03,28.530274089335094,0.46490135969544677,-0.37017544903054045
2014-09-04,28.586333530943218,-0.8714733433445224,0.16013981240130448
2014-09-05,28.700072926846136,-0.5273334981599682,-1.6727394286861674
2014-09-06,28.79415291084945,-0.31084092571379485,0.016688014864342904
2014-09-07,28.8629527686191,-0.6732318377205861,2.8102790691014867
2014-09-08,28.94630878187881,0.6730147443611845,1.6306764737600083
2014-09-09,29.057511284613973,1.1359971926343195,0.8064915227517062
2014-09-10,29.173383148529613,0.1285964140620942,-0.5519795625917077
2014-09-11,29.26184311669682,-0.5924259923481485,-2.0979885529201
2014-09-12,29.316009927586776,-0.49415702174644005,-0.32185290584033766
2014-09-13,29.40445309851615,0.0032297981398144923,-0.032682896655963134
2014-09-14,29.5692465766691,-0.5394394769577324,0.09519290028863026
2014-09-15,29.80064923799454,0.4514240493395408,-0.6270732873340812
2014-09-16,30.05280591928433,0.8860924569947192,-0.31389837627905237
2014-09-17,30.262326246162516,-0.17789435647946236,0.5405681103169471
2014-09-18,30.4152182734897,-0.41435479461480634,0.49913652112510576
2014-09-19,30.52043281523573,-0.33244721252116854,0.8120143972854379
2014-09-20,30.581373144452403,0.21904517600083495,0.3245816795467604
2014-09-21,30.590584643555157,-0.20646827737379653,0.11588363381864042
2014-09-22,30.544976304571644,0.17780908897422326,-0.09778539354586613
2014-09-23,30.464114490413856,0.5855134147180657,-0.04962790513192061
2014-09-24,30.37769898534006,-0.24484889836499912,-0.5078500869750613
2014-09-25,30.3066347959595,-0.30380015405954786,-0.002834641899951862
2014-09-26,30.272085535263148,-0.17003727816961617,-0.10204825709353216
2014-09-27,30.2793991888838,0.17381296743267027,0.04678784368352851
2014-09-28,30.322045484855824,-0.06652909474160845,-0.005516390114216563
2014-09-29,30.390230469381535,0.3605126581189658,-0.25074312750050254
2014-09-30,30.46078750140759,0.46441320718303036,-0.30020070859062287
2014-10-01,30.508130771630256,-0.28153053624090096,0.20197119318207157
2014-10-02,30.527387038579896,-0.4486835355394737,0.2962964969595774
2014-10-03,30.482600338319074,-0.13454539247760483,0.15194505415853143
2014-10-04,30.340567476581352,-0.09155664715101823,0.7509891705696674
2014-10-05,30.085495616400404,-0.0814887011847509,0.6209930847843452
2014-10-06,29.712354356425184,0.6768725114919075,0.23577313208290818
2014-10-07,29.245755044139287,0.3793001812550825,1.3749447746056305
2014-10-08,28.722579336183575,-0.16862032563343932,0.19604098944986603
2014-10-09,28.14044776237915,-0.5912606349446305,0.07581287256548208
2014-10-10,27.508984509654418,-0.02359375635994538,-0.360390753294471
2014-10-11,26.866164834936598,-0.2775187285764346,-0.8743603920744469
2014-10-12,26.28216067066894,-0.1896618493641418,-0.09249882130479747
2014-10-13,25.792590411448057,0.6598850067160913,1.1725245818358516
2014-10-14,25.38979070871743,0.45857436152311043,-1.3483650702405399
2014-10-15,25.062446451932924,0.06967360148985574,-0.6321200534227813
2014-10-16,24.820841861412006,-0.5214966451410412,-1.2993452162709644
2014-10-17,24.6674421521181,0.051489968725059655,0.28106787915683995
2014-10-18,24.614214813426113,-0.4538522611578281,-0.16036255226828544
2014-10-19,24.678466571403217,-0.2947090604358916,-0.6337575109673246
2014-10-20,24.818737429650458,0.5245324410173989,-0.5932698706678572
2014-10-21,24.961553487732523,0.4049867575122985,0.25845975475517946
2014-10-22,25.074434593139028,0.1678860822458893,0.5076793246150828
2014-10-23,25.15094994507657,-0.390341405571251,0.48939146049468363
2014-10-24,25.19158096542611,0.1513695667746015,0.15704946779928974
2014-10-25,25.163693818390854,-0.3639503212009786,0.45025650281012375
2014-10-26,25.037853686852756,-0.377071314790906,0.4642176279381509
2014-10-27,24.81699530605435,0.2262180433389738,-0.1682133493933229
2014-10-28,24.541150162939243,0.31326811662196896,0.2705817204387877
2014-10-29,24.260621180500863,0.15029597847941883,0.3390828410197173
2014-10-30,24.00408951326165,-0.11484919133948933,-0.014240321922162735
2014-10-31,23.767901487873,0.16481306495678283,-0.5577145528297827
2014-11-01,23.551385058773565,-0.05625873256788684,-0.9951263262056784
2014-11-02,23.36681860155972,-0.31987558132482863,-0.17194302023489172
2014-11-03,23.23394845372172,0.09137767913509502,0.049673867143184225
2014-11-04,23.16129723363631,-0.012815482781718339,0.47651824914540697
2014-11-05,23.042220977411937,-0.021338718076662055,-0.27088225933527355
2014-11-06,22.756669183832262,0.27044146889135434,-0.02711065272361779
2014-11-07,22.368121198465282,0.05407406467330976,1.5778047368614097
2014-11-08,21.92345806986574,0.23760284914966223,1.713939080984595
2014-11-09,21.43288139291093,-0.38335633044813283,3.075474937537205
2014-11-10,20.92593693847533,-0.10375257912665262,0.5528156406513212
2014-11-11,20.417269824506207,-0.5148206259686269,-0.6524491985375782
2014-11-12,19.866923494640197,-0.16903719861376226,-0.07288629602643582
2014-11-13,19.353976629766688,0.8990590478884207,-1.7530356776551095
2014-11-14,18.97027956022355,0.06323242394863476,-0.6585119841721827
2014-11-15,18.69931036335032,0.664395863082179,-0.7387062264325017
2014-11-16,18.50804890883958,-0.4838839471544198,0.22583503831484109
2014-11-17,18.412881667519997,-0.3406622051719743,-0.32221946234802346
2014-11-18,18.385884214773068,-1.2443221022995965,0.4834378875265273
2014-11-19,18.373849128257472,-0.009895380067158163,-0.8639537481903155
2014-11-20,18.346472616400963,1.4899245222418693,0.5386028613571696
2014-11-21,18.333671186457096,-0.1227681746882922,0.039096988231197116
2014-11-22,18.351327885243492,0.7482133159807993,0.7754587987757091
2014-11-23,18.431752822866418,-0.48892716082007587,-0.8178256620463422
2014-11-24,18.565625767234177,-0.48245521826257004,-1.2081705489716086
2014-11-25,18.729883345910146,-1.718025258405901,-0.511858087504244
2014-11-26,18.912306476344654,0.4280515890394161,0.2846419346159301
2014-11-27,19.148216716537796,2.038604685050972,-3.061821401588766
2014-11-28,19.431168412299712,-0.19915930773831275,0.14299089543860077
2014-11-29,19.59431511210711,0.5851184033289081,0.07056648456397951
2014-11-30,19.54966548443524,-0.4160231716395171,0.6163576872042746
2014-12-01,19.40750695925441,-0.4488512369981297,1.0413442777437218
2014-12-02,19.204057674296617,-2.03532153878269,4.206263864486072
2014-12-03,18.947203884548113,0.1697118452078919,5.8830842702439945
2014-12-04,18.67141283903433,2.192965286148464,0.38562187481720755
2014-12-05,18.353879115169335,0.026011258362739667,-0.6298903735320742
2014-12-06,18.003337138996237,0.38533596250219715,-0.13867310149843348
2014-12-07,17.736137424521985,-0.3180806648133135,-0.16805675970867284
2014-12-08,17.536656010094816,-0.2599352936638487,-0.27672071643096885
2014-12-09,17.339405706344074,-1.7968638353578699,-0.2568275852719175
2014-12-10,17.153047121503715,0.19568739599930837,4.151265482496978
2014-12-11,16.936821611447503,1.6548791296382026,1.033299258914294
2014-12-12,16.50643663802791,0.2755989049275138,0.7179644570445767
2014-12-13,15.89386783994064,0.29352313477977626,-0.187390974720417
2014-12-14,15.237755719479186,-0.46890018487511664,2.106144465395932
2014-12-15,14.526856299387038,-0.1972906620256239,2.2954343626385842
2014-12-16,13.743228837052941,-1.185955122859039,5.192726285806097
2014-12-17,12.957128274885939,0.008528959621002058,-0.0906572345069403
2014-12-18,12.187288523347497,0.5152847331276624,-0.9525732564751603
2014-12-19,11.46578878494185,0.7269503695855453,-0.4427391545273949
2014-12-20,10.923869719653105,0.39544160230558373,-0.06931132195868805
2014-12-21,10.560774105683207,-0.6099643625022647,-0.45080974318094214
2014-12-22,10.295729242038828,-0.060736936636042876,-0.859992305402784
2014-12-23,10.098918569494927,-0.5491908465319691,0.0752722770370422
2014-12-24,10.01064989375913,0.11374888189773719,-0.24939877565686608
2014-12-25,10.045839519553573,-0.462868566314693,-0.3329709532388794
2014-12-26,10.191885400699762,0.8508625935878449,-0.2927479942876072
2014-12-27,10.431373124212351,0.4833300107958197,-0.5397031350081711
2014-12-28,10.77152561372862,-0.5528667821146143,-1.2186588316140057
2014-12-29,11.221506527833604,0.10432580312131179,-0.20083233095491515
2014-12-30,11.757708789938208,-0.1468419399905513,0.014133150052343169
2014-12-31,12.223034419120767,0.05328698511472442,0.09867859576450932
2015-01-01,12.526637445121475,-0.8137741045124978,3.037136659391022
2015-01-02,12.728294760925989,0.6369163863161632,1.5097888527578487
2015-01-03,12.78321577106265,0.4324109296180567,1.9093732993192933
2015-01-04,12.743091492806785,-0.4174922884647848,1.7994007956580003
2015-01-05,12.66805716067012,0.19502497939754726,1.136917859932332
2015-01-06,12.449121250407988,-0.007115699737909681,-0.4420055506700784
2015-01-07,12.034972336994178,-0.01657957686129176,-2.393392760132887
2015-01-08,11.649807478871754,-0.8609575046072664,-0.7888499742644868
2015-01-09,11.391121753635447,0.5600256729021904,-1.3261474265376378
2015-01-10,11.277641256191288,0.3397699673008212,-0.492411223492109
2015-01-11,11.312555476072724,-0.11837123159767564,-0.19418424447504812
2015-01-12,11.512211660035408,0.3603760186130511,-1.2475876786484594
2015-01-13,11.810282360458753,0.07585807561290783,0.3638595639283384
2015-01-14,12.113677258494924,-0.18087263678790405,0.06719537829297906
2015-01-15,12.40059478356876,-0.8486623707810772,0.8230675872123179
2015-01-16,12.663658725646348,0.3281650473394787,0.00817622701417342
2015-01-17,12.895580545478596,0.07444960546610818,0.5299698490552949
2015-01-18,13.083774828474262,0.07918321316997672,-0.162958041644238
2015-01-19,13.1990936621202,0.5231269404801352,0.027779397399664063
2015-01-20,13.24495852419048,0.33907344410336415,-0.20903196829384463
2015-01-21,13.239342709410648,-0.40441554067900437,0.4150728312683558
2015-01-22,13.207229119219797,-0.8638310470005072,0.28160192778071114
2015-01-23,13.152973518441701,0.056992973347977316,1.4150335082103211
2015-01-24,13.083549412444707,-0.09261860576239085,-0.6159308066823161
2015-01-25,13.005184757251945,0.2781766613845223,-0.03336141863646702
2015-01-26,12.951045472574402,0.9156365006896253,-0.1166819732640274
2015-01-27,12.959377522743198,0.4865129940152973,-0.1958905167584959
2015-01-28,13.074121218944104,-0.6166982735696869,-0.7431372310887028
2015-01-29,13.32138767510711,-1.0416994818702907,-0.7796881932368187
2015-01-30,13.651415732208177,-0.134278447562165,-0.7671372846460116
2015-01-31,13.996839982130787,-0.04987222909139939,-0.19696775303938807
2015-02-01,14.34167660168819,0.43472230343044965,0.22360109488136004
2015-02-02,14.69389459155631,1.0822585140520098,1.598846894391679
2015-02-03,15.044705820215402,0.4408375956228374,1.2644565841617599
2015-02-04,15.355406438710318,-0.6908216862604795,-0.039584752449838945
2015-02-05,15.590195822713888,-1.1490435512647288,0.18384772855084108
2015-02-06,15.739303087208729,-0.37455968466037165,-0.23974340254835624
2015-02-07,15.827849303344548,0.13438224149338868,-0.08723154483793749
2015-02-08,15.942544979401806,0.3659865837245409,0.31646843687365234
2015-02-09,16.15775432021903,0.9886071329684634,-0.2713614531874935
2015-02-10,16.465238876667115,0.3512880744962393,-1.066526951163354
2015-02-11,16.85179948656014,-0.49521492245682164,-0.3565845641033185
2015-02-12,17.324046012532257,-0.734969596885753,-1.0890764156465025
2015-02-13,17.885468217133262,-0.21456175622302098,-0.420906460910242
2015-02-14,18.545610997417185,0.38763181315372963,0.4417571894290866
2015-02-15,19.263892679148693,0.19558662306289437,-0.5844793022115873
2015-02-16,19.92348329730167,0.6006892001111267,0.10082750258720452
2015-02-17,20.473633941461326,-0.24565901910884894,0.9148822205046656
2015-02-18,20.92984952651837,-0.5556326837163708,0.8757831571980006
2015-02-19,21.317242162793487,-0.23441768629790416,1.6671755235044152
2015-02-20,21.58120188452797,0.23214337443119193,0.9366547410408366
2015-02-21,21.578626694339704,0.5785061822414533,-0.2821328765811586
2015-02-22,21.34023102419592,0.06477434272445515,0.7378517759367682
2015-02-23,20.988340657460252,0.10613611196046857,0.40552323057928064
2015-02-24,20.548775213532714,-0.7475826182611155,3.0738074047284023
2015-02-25,20.072220848553272,-0.7211766457854627,3.7739557972321904
2015-02-26,19.60666490937666,0.3379949370955174,0.05534015352782262
2015-02-27,19.15928957498449,0.778278836852516,-0.687568411837006
2015-02-28,18.71569532396455,0.5853009337553823,1.9490037422800697
2015-03-01,18.376144392528396,0.23519386646720902,-1.2363382589956053
2015-03-02,18.19630505679221,-0.3302859004210072,-0.36601915637120186
2015-03-03,18.10538024449458,-1.1004188144449705,-0.7549614300496081
2015-03-04,18.077108919585818,-0.9737279086280163,-0.3533810109578006
2015-03-05,18.147994084082146,0.6480505442061123,-0.04604462828825717
2015-03-06,18.30597842026699,0.9928668663392108,0.7011547133938016
2015-03-07,18.509604631692984,0.750335536137705,-0.8849401678306883
2015-03-08,18.74016291973859,0.36925643171758693,0.39058064854382124
2015-03-09,18.996624095441604,-0.6908698153189929,-0.18075428012260986
2015-03-10,19.26514606812253,-1.2864280204536411,-0.22871804766888815
2015-03-11,19.549410151130495,-1.1969355978397387,-0.1024745532907545
2015-03-12,19.853999317934097,1.0625337960188914,-0.41653311395298687
2015-03-13,20.161422118725284,0.8996436234183893,0.313934257856328
2015-03-14,20.464553423899737,0.7228473666386224,0.31259920946164144
2015-03-15,20.784188530849406,0.19663698297869966,-3.355825513828105
2015-03-16,21.186099173419585,-1.046740308109021,-0.28221600816770476
2015-03-17,21.686992798524305,-0.9034373245453358,0.09144452602103215
2015-03-18,22.23620345776666,-0.7671947459224879,-1.2190087118441717
2015-03-19,22.810240191348992,1.5294759179610378,-3.2147161093100287
2015-03-20,23.437289344121712,0.5567602494057597,-1.4940495935274711
2015-03-21,24.094961994785514,0.7250031876411166,0.055034817573368144
2015-03-22,24.732173013289977,-0.23097630782071354,0.6238032945307381
2015-03-23,25.326981446100366,-1.3003998700548958,0.7234184239545307
2015-03-24,25.78784365636619,-0.8014317971785009,0.7635881408123133
2015-03-25,26.055319517176137,-0.3468235775265726,0.9165040603504337
2015-03-26,26.197964630840946,1.877139134011248,0.4248962351478056
2015-03-27,26.261738548226457,0.2636183389867752,0.8496431127867687
2015-03-28,26.259793864835654,1.0084143783735142,-0.2682082432091697
2015-03-29,26.191928850358543,-0.9242028622079745,-0.2677259881505698
2015-03-30,26.07566356347534,-1.3221698430016409,-1.2534937204736991
2015-03-31,25.94543408090652,-0.8513431313688675,0.15590905046234838
2015-04-01,25.84832679109891,0.14871630065738944,0.43152833681512703
2015-04-02,25.769269021910695,1.781757070641305,1.1632596217337152
2015-04-03,25.699478338992943,0.41426078942934885,-1.6137391284222922
2015-04-04,25.6261922326805,1.4004021160595237,-6.026594348740023
2015-04-05,25.565285841015733,-1.619857097082171,-0.3740001725049886
2015-04-06,25.51724115834796,-1.4220466076638636,0.9048054493159015
2015-04-07,25.510074797769473,-0.925718444144145,-0.8343563536253278
2015-04-08,25.592560679020888,0.45892237351259396,-0.42648305253348084
2015-04-09,25.74234939740879,1.3647373085995576,-1.1070867060083494
2015-04-10,25.906478411938775,0.5061689038928081,0.7123526841684189
2015-04-11,26.095828757372274,1.6106681370493234,0.5435031055784023
2015-04-12,26.33708993383278,-1.8303860787871236,-0.13170385504565374
2015-04-13,26.629795363725986,-1.2048403717892533,-0.6749549919367333
2015-04-14,26.929691591649338,-0.7247534808281705,0.04506188917883236
2015-04-15,27.23199988170209,0.5181853280229535,-0.12518520972504277
2015-04-16,27.5816710439499,1.03140786764351,-3.3630789115934085
2015-04-17,27.975839488402958,0.5683164122195591,-0.41915590062251695
2015-04-18,28.334690251829116,1.34866974295973,0.44164000521115554
2015-04-19,28.692889698361547,-1.7025504976010204,5.134660799239477
2015-04-20,29.039060021264582,-1.0729350493285068,4.908875028063925
2015-04-21,29.37335822781393,-0.41622457456513356,2.792866346751204
2015-04-22,29.693544479369397,0.6642018353030531,0.39225368532754956
2015-04-23,29.99843103315151,1.0121900785800042,-0.26062111173151337
2015-04-24,30.2293230139854,0.5209746097498295,0.37470237626477143
2015-04-25,30.3834155832943,0.12709030541207672,-0.010505888706376254
2015-04-26,30.509019603038837,-1.3047171441838394,-0.45430245885499687
2015-04-27,30.627219140885227,-0.9199467710280815,0.41772763014285275
2015-04-28,30.75379688541637,-0.20151624464243617,0.44771935922606687
2015-04-29,30.88836005719777,0.8429266996907788,-0.4812867568885473
2015-04-30,31.04453031465262,1.5239417385966685,0.05652794675071249
2015-05-01,31.252415372927075,0.4543635834799189,-0.4567789564069926
2015-05-02,31.513337798898213,-1.1602015407029644,-0.2281362581952493
2015-05-03,31.811125359686933,-0.7092750876229656,-0.10185027206396668
2015-05-04,32.153820906401684,-0.39091234247921763,-0.8879085639224655
2015-05-05,32.53083465806286,-0.3231839463431012,-0.08265071171975791
2015-05-06,32.8762753986878,0.48776624437931293,0.7609583569328819
2015-05-07,33.18456680239814,1.7267985477864154,0.5172060783868773
2015-05-08,33.476089644755326,0.7201538826467027,-0.07124352740203221
2015-05-09,33.73105530379535,-2.3100536347612,3.7039983309658524
2015-05-10,33.87513487802499,0.0005628426956635975,1.2493022792793482
2015-05-11,33.802951252322956,0.5485539887828672,-0.35150524110582637
2015-05-12,33.666576684819795,-1.0396351914180009,0.4980585065982055
2015-05-13,33.58996258646809,0.05423614966347144,-5.89419873613156
2015-05-14,33.51524143915486,1.5334074826109725,-5.423648921765835
2015-05-15,33.41862087957931,0.9595592116238929,-5.878180091203202
2015-05-16,33.32678883441664,-2.602023424586151,-0.7247654098304892
2015-05-17,33.23223558092824,0.47453080638690526,-0.45676638731514174
2015-05-18,33.268291491295805,1.7940674433403077,0.31264106536388425
2015-05-19,33.58055200950652,-1.6803665457091541,-0.40018546379736364
2015-05-20,33.94876000937802,-0.4499831842877736,-0.37377682509024623
2015-05-21,34.27946894103903,1.1579148296974315,0.18761622926353994
2015-05-22,34.48246520474517,1.2520587575441324,0.5154760377106982
2015-05-23,34.5530765479237,-2.595090882552274,5.417014334628568
2015-05-24,34.571996552097374,0.550187392311443,0.8778160555911825
2015-05-25,34.590819389973554,2.1654054786898453,0.9937751313365979
2015-05-26,34.58062140113164,-2.236374247761441,2.9057528466298024
2015-05-27,34.491480697250914,-0.3660626540587759,-0.3754180431921412
2015-05-28,34.32628360313424,0.8320714993010656,-0.4083551024353085
2015-05-29,34.146703565958404,1.288507555298139,-0.31021112125654327
2015-05-30,34.01923247559853,-1.9808355773183972,0.21160310171986652
2015-05-31,34.00967786427075,0.37443345066528816,-0.13411131493603534
2015-06-01,34.130726809367545,2.0331502668604826,-6.788877076228026
2015-06-02,34.28315820454283,-2.3740211364214483,-0.28413706812138173
2015-06-03,34.418892695550625,0.029789700834078562,-5.823682396384704
2015-06-04,34.55310609465131,0.7820832677587886,-3.4601893624101017
2015-06-05,34.698811061833574,1.2925970584783355,-3.3664081203119096
2015-06-06,34.85820143563158,-1.5009487694270538,0.01774733379547655
2015-06-07,35.01079409532775,-0.08375924146214109,0.07296514613438632
2015-06-08,35.095671494929505,1.2321710598464808,0.17215744522401621
2015-06-09,35.06540719955379,-2.2799840588850437,4.8395768593312525
2015-06-10,34.98277273525241,0.29578044311024565,1.3464468216373433
2015-06-11,34.88060490701098,0.8042370810507086,-0.0598419880616845
2015-06-12,34.76147297599896,1.37212037113778,-0.2585933471367454
2015-06-13,34.63640255279571,-1.1884180513967624,-2.322984501398949
2015-06-14,34.493027793430365,0.5142910013992998,-8.007318794829665
2015-06-15,34.34538653754101,0.06240728804380291,-3.4077938255848146
2015-06-16,34.211617237318634,-2.1005345696025217,0.2639173322838886
2015-06-17,34.113528109602456,0.29045641449025383,-0.5289845240927065
2015-06-18,34.03386935596924,1.0413983017097868,0.04973234232097923
2015-06-19,33.91864729475023,1.4913197917872931,0.46503291346247977
2015-06-20,33.78503875423334,-0.8737887424581247,0.21374998822478375
2015-06-21,33.65301347326569,0.8442102058680746,-4.122223679133761
2015-06-22,33.53536667996081,-1.0111682792603993,-0.39919840070040635
2015-06-23,33.43140088998329,-1.9224362176737393,-0.008964672309545563
2015-06-24,33.30956273536035,0.09002364874964947,3.850413615889998
2015-06-25,33.16470921710796,1.0572177412220474,-7.596926958330009
2015-06-26,33.03133712329092,1.5622769646153134,-3.468614087906232
2015-06-27,32.923558635998475,-0.3762474239844507,0.07768878798597711
2015-06-28,32.81857107515574,1.2955888596627625,0.1358400651814975
2015-06-29,32.670338526683615,-1.7417177811141087,0.19637925443049653
2015-06-30,32.45626713705771,-1.6751570283483201,0.09388989129061542
2015-07-01,32.13145609872849,0.3993441795285998,-0.5308002782570931
2015-07-02,31.71692487152665,1.006397862345105,1.026677266128246
2015-07-03,31.32968805104789,1.3218590098843552,0.3484529390677551
2015-07-04,30.95886030091633,-0.7968638175959997,3.9630035166796667
2015-07-05,30.57686181581596,0.6645742976022536,4.472849600867505
2015-07-06,30.170324624076894,-1.6318599608666093,-0.6634646632102843
2015-07-07,29.809593111604553,-1.1047457472836917,-0.5798473643208624
2015-07-08,29.792577476868868,1.0085066181603175,0.44891590497081424
2015-07-09,29.990190886738837,0.9395075223181323,-1.304698409056968
2015-07-10,30.245648801418056,0.9767393785331295,-4.597388179951185
2015-07-11,30.471802308296116,-0.80087685021195,-4.170925458084167
2015-07-12,30.645778470169667,0.1172963032918633,-5.263074773461529
2015-07-13,30.839065418271677,-1.4653885484541844,0.5013231301825094
2015-07-14,31.07704274423916,-0.5270640160392486,0.325021271800086
2015-07-15,31.157317889386054,1.403334303947434,0.8143478066665111
2015-07-16,31.041916696328002,0.7324719041725586,-0.024388600500561353
2015-07-17,30.950302556805774,0.7073999755756141,-0.9077025323813892
2015-07-18,30.91199118196478,-0.9929254029137581,-0.4190657790510208
2015-07-19,30.911044843182125,-0.703533451086289,-0.08251139209583513
2015-07-20,30.940908279835913,-0.8798471835728993,-0.936061096263014
2015-07-21,30.97938608649382,-0.05650030674773315,0.452114220253911
2015-07-22,30.994427678963554,1.1520217705070916,0.10355055052935569
2015-07-23,30.957646857536712,0.5297717910726752,0.6375813513906117
2015-07-24,30.84497230257671,0.29326903666431553,0.8617586607589729
2015-07-25,30.638309840964567,-0.7126922422521622,0.9315252584304545
2015-07-26,30.356773276205217,-0.43386662614455496,0.07709334993933936
2015-07-27,30.05163573079339,-0.28978574956193026,-0.1368499812314603
2015-07-28,29.768193988393485,-0.06224229700376202,-0.20595169138972125
2015-07-29,29.536472172493248,0.7512741296129655,-1.787746302106214
2015-07-30,29.398676700049958,0.46942140261108883,-0.8680981026610475
2015-07-31,29.317425234475785,0.2662129847842525,-0.5836382192600382
2015-08-01,29.25621875632351,-0.6237699731691213,-0.3824487831543877
2015-08-02,29.23276473803084,-0.7002602912452992,1.0924955532144587
2015-08-03,29.2635324220632,0.29002098792854036,1.9464465900082608
2015-08-04,29.310971414155386,-0.35238885252316465,0.4699888669392074
2015-08-05,29.33886055566379,0.5890090939922701,-0.3341196496560599
2015-08-06,29.32604602950047,0.5610291038979593,-0.38707513339842947
2015-08-07,29.2878308378577,0.1907378093388653,-0.22856864719656755
2015-08-08,29.29015248332595,-0.7106136658100156,0.2954611824840647
2015-08-09,29.381805274582955,-0.89841502095593,-1.1083902536270251
2015-08-10,29.500231104926588,0.6964443619992795,0.17832453307413232
2015-08-11,29.602262711572664,-0.4708090899203433,-0.7564536216523194
2015-08-12,29.68665434820116,0.71180499648769,0.3515406553111511
2015-08-13,29.764917504774317,0.658987273951932,1.57609522127375
2015-08-14,29.855378606761864,0.020405926863319747,0.9992154663748174
2015-08-15,29.94188467291351,-0.6287435536077995,-0.8131411193057119
2015-08-16,29.987220385295103,-1.0530378643022595,-0.30918252099284516
2015-08-17,30.001143587236,0.5301701511324644,0.21868626163153593
2015-08-18,30.00901739505298,-0.3751137345776441,-0.5089036604753332
2015-08-19,30.061597830869715,0.7310426634962319,0.45735950563405225
2015-08-20,30.191000284406336,0.7367058767391207,-0.1777061611454549
2015-08-21,30.375550226308196,0.023548291843921917,-1.024098518152119
2015-08-22,30.583095733046093,-0.5025359598231847,0.16944022677709114
2015-08-23,30.81161058895508,-0.7303999556919354,-0.2062106332631437
2015-08-24,31.06728300005126,0.15212913230847008,-0.4694121323597287
2015-08-25,31.3402109548684,-0.12817615083710762,0.787965195968706
2015-08-26,31.603893387873562,0.470623345428802,-0.07451673330236375
2015-08-27,31.814383706948654,0.4461760934192089,0.23944019963213492
2015-08-28,31.952947242904756,-0.11853574062884628,0.16558849772408735
2015-08-29,32.030961683996004,-0.2969929307523802,0.516031246756377
2015-08-30,32.05559686482202,-0.2894736499635716,0.8588767851415469
2015-08-31,32.0259358480981,-0.04232269566084537,-0.12647029529439635
2015-09-01,31.957029062456716,0.2632774824736749,-0.09530654493039137
2015-09-02,31.854446848799896,0.14454696807694095,-0.12399381687683686
2015-09-03,31.728958810312463,0.1005578123202431,-0.2045166226327062
2015-09-04,31.601380182894175,-0.2148975713078965,0.6135173884137188
2015-09-05,31.496350662958363,-0.09359125187844039,-0.5277594110799235
2015-09-06,31.418510506155446,-0.08050684674747226,-0.08800365940797406
2015-09-07,31.37668563527909,-0.04420865137034537,0.16752301609125198
2015-09-08,31.38057996693251,0.5102042409632643,-0.2657842078957735
2015-09-09,31.42462947892982,0.0013130023458257922,-0.42594248127564427
2015-09-10,31.505488737888527,-0.13760839054195198,-0.11788034734657415
2015-09-11,31.613866262190694,-0.20682941279047315,-0.657036849400221
2015-09-12,31.71500945234582,-0.0001616730860858652,0.4280093635974076
2015-09-13,31.785687777916817,-0.1744373852319731,0.5137496073151588
2015-09-14,31.79704227744791,0.03823727791397514,0.03972044463811386
2015-09-15,31.719838258163193,0.6213519306994041,0.6588098111374023
2015-09-16,31.554431754956266,-0.04681178800880062,0.8673800330525374
2015-09-17,31.313047003356804,-0.3381106426260351,0.4000636392692307
2015-09-18,31.00096899904962,-0.33027633589403493,0.3293073368444155
2015-09-19,30.641430121549657,0.2726064910906615,-0.2890366126403201
2015-09-20,30.258852629358806,-0.18834954217468927,-0.9276459443269758
2015-09-21,29.883308984492572,-0.0023277178262918557,0.24401873333371782
2015-09-22,29.555110239525167,0.5773740523148394,0.11751570815999557
2015-09-23,29.28478867479604,0.01894430083688145,-0.6787329756329221
2015-09-24,29.073554513135832,-0.4394271071188253,-0.3841274060170079
2015-09-25,28.92219895143793,-0.3367201315605595,-0.08547881987736972
2015-09-26,28.81469623991881,0.45579418754197826,-0.020490427460789107
2015-09-27,28.744831830951103,-0.16291730314439162,0.1323711864790056
2015-09-28,28.73054064552059,0.05054068130978488,-0.5310813268303747
2015-09-29,28.754563703373933,0.40947729968633123,-0.16404100306026237
2015-09-30,28.77760867024951,-0.050103097470535526,0.27249442722102657
2015-10-01,28.781358776225563,-0.5267636194721949,-0.12959515675336775
2015-10-02,28.775578848387045,-0.28764619947673614,-0.2022183631960246
2015-10-03,28.776362054033143,0.4387727179624325,0.7848652280044242
2015-10-04,28.782753418239324,-0.0955751790276757,0.3128217607883528
2015-10-05,28.77268485151881,0.22334530717695072,-0.12103015869576339
2015-10-06,28.744423849312966,0.4197257768441355,-0.7891496261571014
2015-10-07,28.707267153370037,-0.07218288280212959,-0.010084270567908504
2015-10-08,28.66878126445164,-0.6446352560702409,0.3508539916186031
2015-10-09,28.634903943904515,-0.3970681096439169,0.26216416573940293
2015-10-10,28.61409756395668,0.32267520387567106,-0.43677276783235186
2015-10-11,28.593431128864317,-0.029636821850424766,0.007634264414679848
2015-10-12,28.544376108997024,0.5575399254302137,0.14808396557276282
2015-10-13,28.44456047409659,0.5510298389305723,0.5044096869728385
2015-10-14,28.307273627374162,-0.022909208619386848,-0.1593644187547767
2015-10-15,28.140193787728023,-0.8143399042990196,0.174146116570995
2015-10-16,27.932485772369734,-0.6215763716820837,0.5640905993123511
2015-10-17,27.669017618298902,-0.022140241920744277,0.353122623621843
2015-10-18,27.34837276820164,0.05866477584663119,-0.5498946869054109
2015-10-19,26.99260399803445,0.815259077234692,0.3349940675879992
2015-10-20,26.63655845942571,0.780431554569241,0.29729570029076413
2015-10-21,26.291327299719356,0.20389595050238188,0.004776749778262257
2015-10-22,25.949990895210075,-0.9887352396663452,-0.21125565554373082
2015-10-23,25.603394292251622,-0.6854619224282945,-0.9179323698233262
2015-10-24,25.23178135269335,-0.2970849375305387,-0.059696415162811434
2015-10-25,24.844602314898484,0.011843546504168856,1.5185541385973487
2015-10-26,24.480026878582898,0.7461990688307233,0.3987740525863792
2015-10-27,24.15680694488765,0.8778697262895843,-0.28467667117723394
2015-10-28,23.86721493133723,0.3267963395759477,-3.3190112709131796
2015-10-29,23.598175718040494,-0.9513493603248507,-0.5218263577156428
2015-10-30,23.347906663516216,-0.5495712354470773,-0.42333542806913727
2015-10-31,23.152912001293934,-0.36944136627430146,-0.40847063501963277
2015-11-01,23.039277616637154,0.09191802279362034,-0.25619563943077495
2015-11-02,22.98290038924462,0.5318565926632334,-0.13975698190785124
2015-11-03,22.92103607190991,0.6700483260200607,0.408915602070028
2015-11-04,22.823892565301655,0.2488716049937561,0.6772358297045891
2015-11-05,22.71163211840718,-0.7848227394102081,0.19819062100302887
2015-11-06,22.59377895816598,-0.25189985829264794,0.5331209001266686
2015-11-07,22.47647666390275,-0.24968999843556614,-0.3517866654671842
2015-11-08,22.361478826438706,0.09480216107544136,-0.5812809875141483
2015-11-09,22.259977677112804,0.43882373802190305,-0.9488014151347066
2015-11-10,22.189908614928175,0.3412275116781733,0.21886387339365143
2015-11-11,22.129202768123484,0.0053662623890190185,-0.2595690305125018
2015-11-12,22.018745120254763,-0.4839168030819907,0.34017168282722565
2015-11-13,21.823913598281294,-0.08122416241280915,0.6323105641315152
2015-11-14,21.526412461444014,-0.10845234134642945,0.957039879902414
2015-11-15,21.152226297578604,-0.0482338676158743,1.3960075700372698
2015-11-16,20.748840668428127,0.5429242961582109,0.5832350354136615
2015-11-17,20.325157919691478,0.1049764160716551,-0.5551343357631318
2015-11-18,19.858890348707124,-0.1858107575719293,-1.1730795911351954
2015-11-19,19.417545180121746,-0.22185722666750482,-0.6956879534542395
2015-11-20,19.10276505809576,-0.17203091992057176,-0.43073413817518613
2015-11-21,18.94213440400865,-0.021656465890313253,-0.17047793811833856
2015-11-22,18.88980599443887,-0.13527590921355706,-0.12953008522531206
2015-11-23,18.89760262982762,0.6610200475115129,-2.558622677339134
2015-11-24,18.919767299320007,0.17761615964962518,-0.597383458969631
2015-11-25,18.935032899506794,-0.0874979178256928,0.5274650183188996
2015-11-26,18.945255502497623,-0.17249937045031913,1.2272438679526942
2015-11-27,18.93460172084406,-0.27701241501705864,-0.1575893058270026
2015-11-28,18.870420473174175,-0.2397951280935194,0.11937465491934418
2015-11-29,18.740214356794848,-0.44330884981110225,-0.17190550698374452
2015-11-30,18.575973999356385,0.6143064694459066,0.30971953119770745
2015-12-01,18.39881644926138,0.43615933309642607,0.41502421764219477
2015-12-02,18.2312724660608,0.309260410488671,-0.4155328765494737
2015-12-03,18.081829905035054,-0.17792160759857784,-0.2789082974364767
2015-12-04,17.941443424459894,-0.02002874887924025,-0.29641467558065315
2015-12-05,17.817994629193628,-0.4740018077868066,0.15600717859317825
2015-12-06,17.689898691844654,-0.7041044239862281,0.13920573214157272
2015-12-07,17.392020346794304,0.3830442855116738,-0.15006463230597689
2015-12-08,16.886930960301928,0.5832913850877304,0.9583490831817691
2015-12-09,16.33144223073696,0.46992691966217437,1.573630849600864
2015-12-10,15.784734304436697,-0.3190998772970481,3.5343655728603522
2015-12-11,15.24066352712132,0.10798738895752316,1.9013490839211578
2015-12-12,14.688120296501845,-0.4113294928429051,-1.0267908036589404
2015-12-13,14.086473933179674,-0.7148078920573587,-0.4966660411223156
2015-12-14,13.497144106678824,0.253930627050128,-0.5010747337289523
2015-12-15,13.107009479247633,0.477834371748293,-0.4598438509959255
2015-12-16,12.88381730724698,0.6629904034898896,-0.5468077107368696
2015-12-17,12.711297509894695,-0.43280779451851376,-0.028489715376181834
2015-12-18,12.560597601265064,0.12665075920617824,0.1877516395287575
2015-12-19,12.421742129942551,-0.40260282913642575,0.3558606991938742
2015-12-20,12.303144036258884,-0.7296094411334604,0.17646540487457685
2015-12-21,12.219379888180505,0.2625929899660927,0.14302712185340205
2015-12-22,12.152218744826206,0.3028088282200756,-0.45502757304628183
2015-12-23,12.104312450725901,0.7984352371590332,-0.40274768788493454
2015-12-24,12.172318721415268,-0.2319515496879791,-0.6903671717272886
2015-12-25,12.468863017233767,-0.1178397040211753,-0.8510233132125915
2015-12-26,12.831304420899777,-0.40335448968906007,0.32205006878928266
2015-12-27,13.175692372138093,-0.7134302684267079,2.9127378962886166
2015-12-28,13.521184971837508,0.21964979617641575,3.384165231986076
2015-12-29,13.888967234366465,0.18509110205914717,2.3009416635743882
2015-12-30,14.283389026156788,1.1437853789374304,0.07282559490578144
2015-12-31,14.649477360189847,0.16828349284051883,0.18223914696963384
2016-01-01,14.906920796475129,-0.581168597891229,0.3885335157018144
2016-01-02,15.102561337016095,-0.48257646095187834,-0.6199848760642155
2016-01-03,15.30469115982492,-0.6511634461308514,-0.2785277136940678
2016-01-04,15.508152404173751,0.07950347790371431,0.1623441179225349
2016-01-05,15.693388889668707,-0.16956694416509324,0.3095113878297191
2016-01-06,15.853660326511424,1.8512922575345716,-0.32995258404599603
2016-01-07,15.99372895686512,0.5732472682708392,0.55802377486404
2016-01-08,16.08232436037756,-1.0212002737370554,0.43887591335949594
2016-01-09,16.068087254260313,-0.5635265557462712,0.3525821586288167
2016-01-10,15.95699877372395,-0.4525595471778791,0.12056077345393135
2016-01-11,15.773379081784283,-0.17563312603723064,0.1522540442529472
2016-01-12,15.531941934531055,-0.509963442438567,2.9780215079075134
2016-01-13,15.241737161860602,2.1435584058314885,0.8813710989745758
2016-01-14,14.92768236760855,0.833361372645422,-0.1985437402539727
2016-01-15,14.593622921533774,-1.6331270031831224,0.03950408164934949
2016-01-16,14.251199473523505,-0.36236462873789893,-0.2888348447856064
2016-01-17,14.029485872538311,0.15960445257406874,-0.1890903251123799
2016-01-18,13.978649086770726,-0.24618179090293127,-0.4658006292011283
2016-01-19,13.980888801405625,-0.8148872741517321,-0.8088586701110341
2016-01-20,14.044751671668937,2.35744853524583,-4.3355335402481
2016-01-21,14.199992929675767,0.9290728791842592,-2.9415658088600267
2016-01-22,14.396848037533196,-2.4782125760049407,-0.1853021281949232
2016-01-23,14.619507404076813,-0.36716127200689763,0.18515386793008481
2016-01-24,14.88815750188507,0.374795918902746,-4.075453420787817
2016-01-25,15.183704599728669,-0.19084684685448902,-3.3261910862075137
2016-01-26,15.467129220641914,-0.936975258458649,0.03234603781673506
2016-01-27,15.694250792613524,1.9680201117397018,-0.07893757101989252
2016-01-28,15.869010941199498,0.8079506620918376,0.18018125385152217
2016-01-29,15.995339051174303,-0.9809243088490982,4.548085257674794
2016-01-30,16.05220407638542,-0.6829408965937419,4.773593963065466
2016-01-31,16.08109043434359,0.12207499114136008,1.1718345745150494
2016-02-01,16.116611454196832,-0.27642591746421297,0.005968309421231055
2016-02-02,16.15008648701138,-0.5800673500160411,-0.3033524703286705
2016-02-03,16.177819231671837,1.2118644664448366,-4.264683698116674
2016-02-04,16.256963731090288,0.7509177074870408,-0.6442450749409652
2016-02-05,16.397400624551608,-0.0019605960403974755,-3.728773361844544
2016-02-06,16.573835380781542,-0.9689860434980532,-0.2715160039501541
2016-02-07,16.792408975298013,-0.06647615909434448,-1.1009328162036685
2016-02-08,17.065214536203367,-0.31566979005057655,0.3413643447563004
2016-02-09,17.350278686502538,-0.4221173612668582,0.8410694439950888
2016-02-10,17.600143429443396,0.4514924054862284,0.08169749840370955
2016-02-11,17.81074121132213,0.4584623177621394,1.4182964709157275
2016-02-12,17.997862288926672,1.470432407775978,-0.26829469670265027
2016-02-13,18.160035250519126,-1.0583714376806785,-0.03499714617177929
2016-02-14,18.31608587886029,-0.4412576203013934,-0.23197111570175366
2016-02-15,18.517847267413696,-0.3992043826302499,-0.5186428847834463
2016-02-16,18.83625193546504,-0.2331070604811135,-0.38885916069821036
2016-02-17,19.242859339748392,-0.06288040886074006,-0.4656932166019381
2016-02-18,19.659645052841764,0.4471054254144182,-0.6400838115895162
2016-02-19,20.066707695703535,1.7465587961751394,1.3405796619674817
2016-02-20,20.480865148718472,-0.8641333368487439,4.008268188130273
2016-02-21,20.9002498645977,-0.6099127619689328,0.7096628973712313
2016-02-22,21.316118197280428,-0.47372243811559467,0.1576042408351661
2016-02-23,21.7121820842184,-0.21925585067546238,-0.06435480497151147
2016-02-24,22.07817397319974,-0.16197881869149888,-0.22869515450824096
2016-02-25,22.453239895679143,0.5388952356287788,-0.4296351313079221
2016-02-26,22.86697832564786,1.8203438063837347,-1.8873221320315956
2016-02-27,23.28947459771774,-0.6539083452933363,0.1644337475755968
2016-02-28,23.70920857897647,-0.6719303377681864,-0.037278241208280605
2016-02-29,24.089924269889693,-0.653968366972822,0.43904409708312997
2016-03-01,24.390609429856,-0.33553155569087123,0.8615887925015393
2016-03-02,24.577917070110672,-0.23865849567120184,0.5940747588938642
2016-03-03,24.655067559319658,0.8317379454169143,0.5131944952634271
2016-03-04,24.671079578095394,1.5797223954079052,1.0616980264966998
2016-03-05,24.639188307503932,-0.2943277328688766,-0.411527241301723
2016-03-06,24.54769383668279,-0.4988991806852829,-1.2362946559975079
2016-03-07,24.42630535865525,-1.0692289422332857,0.35720929786375066
2016-03-08,24.314681326988996,-0.5122885252905721,-0.37382137312699726
2016-03-09,24.238126650896692,-0.36361578426544505,0.12548913336875245
2016-03-10,24.22180012578721,1.1106932150272075,0.23000665918558028
2016-03-11,24.257275616050617,1.3371722092772047,-0.5277811586611598
2016-03-12,24.31960237460321,0.2936820995007036,-0.050784474103913624
2016-03-13,24.402417590347888,-0.014944557922756816,-0.13747303242513098
2016-03-14,24.526143247854865,-1.6297937707586054,-0.5213494770962583
2016-03-15,24.693383601805685,-0.9727417124257984,0.3460247772867753
2016-03-16,24.908912394292166,-0.49114884781231327,-0.48026354647985414
2016-03-17,25.161895964352276,1.0407401510839882,0.10986388456373675
2016-03-18,25.427624655553753,1.1673309823049656,-0.4074556378587175
2016-03-19,25.715360071429128,0.9307199898730936,0.1396342244120632
2016-03-20,26.040866197936158,0.9776237288918069,0.1148434065053685
2016-03-21,26.398437743700004,-2.2365070209871254,2.463069277287122
2016-03-22,26.774201294257686,-1.445383194474557,-0.2663180997831276
2016-03-23,27.103887326077743,-0.34942877344333556,-0.5544585526344079
2016-03-24,27.39043836044188,0.6786415266300527,0.06425344626140017
2016-03-25,27.692919925508352,0.8341413106047665,1.34793876388688
2016-03-26,28.02343788555105,1.1379166438625379,-4.494687862746922
2016-03-27,28.377816517315757,1.5908055063827715,-3.7186220236985292
2016-03-28,28.74759507179961,-2.2249614132834283,-0.5893003251828475
2016-03-29,29.093681891762934,-1.623699609740838,-0.34498228202209447
2016-03-30,29.423419744520356,-0.07261054670184863,0.22061937361006656
2016-03-31,29.84402338674524,0.300403942564426,-0.1444273293096643
2016-04-01,30.21999502961164,0.5405516607087362,-0.18911811889180186
2016-04-02,30.390233245174894,1.0477675886458155,0.8744991661792909
2016-04-03,30.446237409613687,1.8602441069660225,1.0060184834202914
2016-04-04,30.470850803428643,-2.0379831470867056,4.379632343658063
2016-04-05,30.50769186683625,-1.3838893427520476,3.1886974759157987
2016-04-06,30.559524781626884,0.1523876356172549,0.6630875827558604
2016-04-07,30.56545133141217,0.18718271554476917,-0.8193007136236048
2016-04-08,30.519187165607903,0.26422168482975855,-1.5167421837709973
2016-04-09,30.57490110667876,0.4633910913558002,-0.30495886470122713
2016-04-10,30.808181009501677,1.851772112560326,-0.40995312206200296
2016-04-11,31.13879116130722,-1.6796896541899766,0.3408984928827543
2016-04-12,31.531144755639293,-0.8641930607183003,-0.46695169492099353
2016-04-13,31.963634806276534,0.26628176673309145,-0.47991657300962487
2016-04-14,32.36765248415204,0.2996417719865318,0.4577057438614318
2016-04-15,32.70975716589589,0.11595510196097232,0.7992877321431422
2016-04-16,32.98573843206986,-0.2928183249762252,2.9945798929063656
2016-04-17,33.199236237358456,1.3711489330567643,0.09628149625144289
2016-04-18,33.365417014164926,-1.3801883949389877,2.6397713807740644
2016-04-19,33.46297720281578,-0.19328529790463514,0.7303080950888585
2016-04-20,33.469231780696546,0.09483986326247898,0.498428356040975
2016-04-21,33.416432478552295,0.5931372037759101,-0.009569682328205431
2016-04-22,33.35310940476457,0.28055898289956593,-0.38366838766413025
2016-04-23,33.29882168995232,-0.8376440186465325,-0.5445110046391193
2016-04-24,33.25563588231111,1.0701518801373513,-3.0132877624484635
2016-04-25,33.24311310007965,-1.282712906027654,-0.21040019405199217
2016-04-26,33.272505087435356,0.29714469980270647,-0.13214978723806325
2016-04-27,33.358047769300725,-0.2584947187334167,0.025446949432691213
2016-04-28,33.509290913172734,0.5984013321855235,0.04615390848789502
2016-04-29,33.7091976139641,0.6479478982951046,-0.28571694083063903
2016-04-30,33.928065340155364,-0.93196619329006,0.06640085313469513
2016-05-01,34.12749595645448,0.9362273189983227,-0.37622327545280143
2016-05-02,34.21461964092337,-1.1345253637031782,4.919905722779809
2016-05-03,34.22719721610543,0.2522599923011401,1.020542791593428
2016-05-04,34.281411368633385,-0.989971208161751,0.42284555381407785
2016-05-05,34.366559344372035,0.6901403942517522,-4.4566997386237865
2016-05-06,34.42694354663713,1.11592553616788,-4.105369082805012
2016-05-07,34.43298151179279,-0.2918175039391521,-0.8286640078536394
2016-05-08,34.399920574962195,0.9810044753259677,-0.24759171695482962
2016-05-09,34.412139882374305,-1.3131590485021882,0.43435249946121246
2016-05-10,34.55793718065796,-0.5665107251148798,0.008573544456922377
2016-05-11,34.81888563151931,-1.3727494547408756,-0.9461361767784311
2016-05-12,35.09615743108458,0.8083052075037722,-0.529462638588349
2016-05-13,35.368358337682814,1.69334259420539,0.232416715170622
2016-05-14,35.574790407806155,0.24547156020981234,0.74223803198403
2016-05-15,35.643099081493396,1.4148750458567538,0.19202587264985027
2016-05-16,35.68254346714241,-1.7398560106960657,3.271598257839379
2016-05-17,35.7186001765125,-1.59819928218016,3.3795991056676584
2016-05-18,35.694526473181696,-1.3680353770212232,3.423508903839526
2016-05-19,35.611220257295805,0.9044403777390763,0.8593393649651162
2016-05-20,35.50199859300216,2.1034502821711945,-0.20544887517336008
2016-05-21,35.308306092037746,0.8464846558519461,-0.021457414556358856
2016-05-22,35.047958531998866,1.275329887108018,0.4767115808931166
2016-05-23,34.868558372262015,-1.7782821426425142,-0.8759905153337826
2016-05-24,34.74766262478864,-2.408692584011975,-0.8126542513029804
2016-05-25,34.680417247489515,-1.0681736078504636,-0.3948523352912261
2016-05-26,34.72210473857265,1.0069640689404469,-0.45983803828232794
2016-05-27,34.876915273760204,1.8719430270653274,1.5238689719017415
2016-05-28,35.101129628748915,1.3407624826549835,-0.37939211140389517
2016-05-29,35.354800199668716,0.9226766579949686,-4.777476857663686
2016-05-30,35.60025886948653,-1.588180868404023,-7.199578001082507
2016-05-31,35.80534238723763,-2.6996192173787508,-0.46286602700173063
2016-06-01,35.97346355532938,-0.46518096884163,0.49171741351224796
2016-06-02,36.114198008174476,0.5965277785034945,0.851774213322031
2016-06-03,36.2268284288624,1.3832099933772297,-0.04753842223962579
2016-06-04,36.26522908256225,1.469630721364248,0.46514019607350576
2016-06-05,36.24862296729819,0.5064227623726646,-0.5883790630041972
2016-06-06,36.18618683095879,-0.524672011778291,-0.23294339060906566
2016-06-07,36.07719882598906,-2.308988936915728,0.8567901109266671
2016-06-08,35.960870134871335,-0.2152933827786811,0.32585181933591656
2016-06-09,35.83450359126106,0.07289935257131397,-0.17406961049903913
2016-06-10,35.68403066844755,0.5215344428563494,-0.07223177797056479
2016-06-11,35.4990286185174,1.5274815930657468,-3.5890102115831475
2016-06-12,35.287502947905736,0.37684659284749134,-0.1643495407532285
2016-06-13,35.08146010943648,0.05064353473187114,0.8678963558316539
2016-06-14,34.91464130834072,-1.810012307000151,-0.4796290013405695
2016-06-15,34.777038642386486,-0.13259905888437146,0.08889374983122167
2016-06-16,34.653568008008,-0.1522658218961277,-1.0013021861118716
2016-06-17,34.51877203514133,-0.39052539388811613,0.059253358746786944
2016-06-18,34.37610587681205,1.4819208973721065,-0.0008839170412997532
2016-06-19,34.2543391973164,0.6947780582343984,0.6758827444492042
2016-06-20,34.17952786821538,0.17380460593520786,-3.415832474150587
2016-06-21,34.138863995324364,-1.3588150169188078,0.09495102159444713
2016-06-22,34.105844183986946,-0.02905366442563586,-0.9517905195613068
2016-06-23,34.060609227921745,-0.036596907273711274,-0.17785847449418668
2016-06-24,34.056767176436615,-1.079647696219651,3.460380519783037
2016-06-25,34.13111635105925,1.3031738149237073,-0.005718737411527286
2016-06-26,34.23730528744037,0.7901775822234015,-0.16081620299710409
2016-06-27,34.33917272930793,0.13431916638346483,-0.16099189569139583
2016-06-28,34.43099754915282,-0.9562209194381283,-2.6890623440004084
2016-06-29,34.47363191148554,0.04494546069241788,0.8564226278220417
2016-06-30,34.40410523272347,0.20613989164561664,0.856421542297582
2016-07-01,34.2724019120585,-1.5009167678392703,-0.646485144219227
2016-07-02,34.13762951799652,1.155247670996345,-6.89287718899287
2016-07-03,33.94065020493256,0.7089570470335229,-5.087107251966081
2016-07-04,33.6741507261057,-0.06789427439073736,-2.9187564517149625
2016-07-05,33.3987551109841,-0.6091524416083457,0.4603973306242466
2016-07-06,33.1673899951834,0.31432193064959135,-0.2150452591663239
2016-07-07,32.94024837174692,0.2840051399759908,0.27574648827709325
2016-07-08,32.61395320590262,-1.4368176794253322,-0.3771355264772822
2016-07-09,32.2566458692671,0.7379111121356261,0.25544301859726914
2016-07-10,31.926330221549282,0.3729983706294853,0.26317140782122905
2016-07-11,31.62509705029717,-0.024816366030584534,-0.1002806842665862
2016-07-12,31.343562765574603,-0.4904789520659082,-0.35308381350869666
2016-07-13,31.14431371431645,0.5487307840886199,-0.44304449840506877
2016-07-14,31.257924157641607,0.05968030370716301,-0.8801044613487718
2016-07-15,31.543219072027906,-0.302534224162052,-0.24068484786585387
2016-07-16,31.825441473109393,0.07903707222347378,-4.779478545332868
2016-07-17,32.095120740681196,0.0054712633972205,-3.9755920040784183
2016-07-18,32.347813025724456,-0.01594950292449384,-4.665196856133296
2016-07-19,32.61259601699992,-0.5448657151430197,0.24476969814309513
2016-07-20,32.90544739658814,0.9146062046158506,0.3674463987960124
2016-07-21,33.013528524133946,-0.32145176000946196,1.4412565692088464
2016-07-22,32.78008024022685,0.737929519103828,0.6069902406693188
2016-07-23,32.43186172554128,-0.8109992802568559,0.25413755471557664
2016-07-24,32.041669189074874,-0.37411365280633324,-0.2300555362685408
2016-07-25,31.60025827826372,0.15654970364208598,0.1806920180941951
2016-07-26,31.154625373264768,-0.4004737374590932,-0.44165163580567324
2016-07-27,30.766989309360145,1.0868528962693087,-3.541342205629455
2016-07-28,30.525874025209628,-0.8110690791857402,-0.181471612690558
2016-07-29,30.391250133338822,1.5979746785341185,-4.6142248118729405
2016-07-30,30.311843566077638,-1.4037227378613863,-1.5747874948829228
2016-07-31,30.31303768564769,-0.4280645207671366,-0.6183064982138866
2016-08-01,30.427045235129878,0.4613020079963037,-1.76334724312618
2016-08-02,30.675264435789458,-0.2495763892755048,0.26181195348604547
2016-08-03,31.006673507728003,0.9392406233149779,0.6165858689570207
2016-08-04,31.355329604893882,-1.1589264274798954,2.91470793369713
2016-08-05,31.638980867430504,1.6961824163114572,0.46483671625803424
2016-08-06,31.84537093589465,-1.3407518951901396,-0.4379523740378488
2016-08-07,31.942432419721303,-0.31468516816385506,1.489899807266081
2016-08-08,31.90839325568826,0.6394497361227003,1.2616808177128505
2016-08-09,31.767936876884676,-0.053424121510378016,-0.09912813998968062
2016-08-10,31.59827006974227,0.3274365668289897,0.07429336342874038
2016-08-11,31.45510895524749,-1.2783268720520677,-2.0696392260525656
2016-08-12,31.30200527440741,1.4552295207229051,-3.721520509416031
2016-08-13,31.13636226371607,-0.6232092130782148,-0.19172447920928093
2016-08-14,31.002617902165213,-0.006699214903839283,-2.062585353928039
2016-08-15,30.931403437042054,0.8036852273104069,-0.05651723578103329
2016-08-16,30.956292210447632,0.04158072237691741,0.33546040050877934
2016-08-17,31.074650861642464,-0.5813109437769575,-0.5647684892940781
2016-08-18,31.195489238962892,-1.3336827536420024,0.027082403567998625
2016-08-19,31.290005011984192,0.9108551311520524,-0.1294315717076735
2016-08-20,31.363751584725915,0.15636416362703345,1.665069436832237
2016-08-21,31.41110380501996,0.22895159357860626,-0.0474628060059743
2016-08-22,31.4415340256479,0.39581952616054983,0.34783163337673173
2016-08-23,31.442447912136075,-0.12192304970699415,0.1594751375709187
2016-08-24,31.36336843416275,-0.824887859093936,-0.3599091464973867
2016-08-25,31.20527347665189,-0.25695977546712767,0.5716862988152371
2016-08-26,31.00927514243921,0.3271269680600115,-0.11417988827700043
2016-08-27,30.819734878524418,0.4894520199701924,0.4765273872196758
2016-08-28,30.708523136378464,0.2806759212335581,2.4108009423879757
2016-08-29,30.66979617981139,0.07473322370894211,-1.1731008320917589
2016-08-30,30.649181865070098,-0.21474006052481895,-0.39444180454528066
2016-08-31,30.611432046719308,-0.7430603373933242,-2.609112450066725
2016-09-01,30.583264075074563,0.1398086329196586,-2.7630727079942226
2016-09-02,30.623251789647302,-0.0886120609561593,0.20449070609146602
2016-09-03,30.749862838566106,0.4163340878053627,-0.2714600842662058
2016-09-04,30.89237104005501,0.3107693481051336,0.48916730414754994
2016-09-05,30.99859582401558,-0.06347560711589771,0.1418028600233967
2016-09-06,31.061252153263773,0.031411680879007864,-0.7176638341427797
2016-09-07,31.11045373028092,-0.43920699383504236,0.4287532635541247
2016-09-08,31.17246167215826,0.22968574777923495,0.5145192467291722
2016-09-09,31.235107422069916,-0.39429343031916314,-0.28525843619519264
2016-09-10,31.295690870675887,0.09629525912026243,-0.16121689902691827
2016-09-11,31.3669155607787,0.1584015486605053,-0.5253171094392073
2016-09-12,31.451911305963588,0.013575120322168188,0.17737071657138515
2016-09-13,31.55200322251707,0.3978604103678934,0.5834697004483722
2016-09-14,31.679231097320685,0.023442977184171664,-0.845531217361998
2016-09-15,31.831111302431857,-0.0927570773317318,-0.011081497827397868
2016-09-16,31.98315845820958,-0.5510820588983241,-0.03207639931125783
2016-09-17,32.09211697454846,-0.048987130930072786,0.2645624640739186
2016-09-18,32.127527356569466,-0.06884979706333552,0.19132244049387026
2016-09-19,32.098101527687064,0.14329134226193468,0.13360713005100422
2016-09-20,32.0261959213129,0.5200453122657647,0.8982032108657805
2016-09-21,31.931104262609345,0.32114139254250584,1.1077543448481464
2016-09-22,31.838918926270086,-0.37153563426220143,-1.4303462549708428
2016-09-23,31.757531572165593,-0.48283603329749153,-0.2746955388681016
2016-09-24,31.69700243582867,-0.044132379584694986,-0.41287005624397466
2016-09-25,31.67377691977159,0.04367633699583424,-0.5870184741587323
2016-09-26,31.721861757884525,0.19800858946722577,-0.43987034735175
2016-09-27,31.854807842663647,0.21916282778072899,0.11121451474080857
2016-09-28,32.029369374053076,0.4041784396057265,0.006452186341192601
2016-09-29,32.17282034831269,-0.43402008531827063,0.4884724642783098
2016-09-30,32.25632265381564,-0.2211440070583286,0.1791070675284061
2016-10-01,32.2146717368255,-0.12192567929473115,0.4489206091358966
2016-10-02,32.07190412053225,0.14945840199948104,0.5934522922830823
2016-10-03,31.89716801395257,0.0937173178086278,1.2783454374695715
2016-10-04,31.703215848196567,-0.1654744631699287,-0.9821858294710779
2016-10-05,31.464601865672353,0.30411230521627747,-2.9353808375553037
2016-10-06,31.187005071733605,-0.10717548092782238,-0.3761258871020807
2016-10-07,30.884798965591827,0.03064857228986565,0.044552462118307545
2016-10-08,30.603509140528967,-0.1535985422408385,0.1500894017118739
2016-10-09,30.378081845157283,0.07418448241838134,0.4677336724243375
2016-10-10,30.171100365604275,0.10331936334076305,-0.49664195116725907
2016-10-11,29.93105332718261,-0.31983911227222317,0.05545245175628111
2016-10-12,29.67633679871871,0.14653313794986586,-0.25144136524000515
2016-10-13,29.434846981158596,0.1346637205033504,0.39345226130101096
2016-10-14,29.230327971817548,0.05153798956780376,0.46813403861464664
2016-10-15,29.067030915770502,-0.025377716058921758,-1.3009124589708385
2016-10-16,28.93138020827537,-0.1659866781217785,-0.33682210158216463
2016-10-17,28.813888030793688,0.03434001942617432,-0.24822805021986127
2016-10-18,28.71327524399397,-0.14146174263005995,-0.07181350136390918
2016-10-19,28.637138159757782,0.1162754816148682,0.17251228455327805
2016-10-20,28.58431729114787,0.3334094948270419,0.15919629094817012
2016-10-21,28.51439009873303,0.022834783004558677,-0.1281339726466797
2016-10-22,28.36769425381601,-0.06552915755837385,1.0311682370756934
2016-10-23,28.13138782930674,-0.47825756681283077,-0.1531302624939066
2016-10-24,27.82292551671093,0.06431351748240122,0.6127609658066682
2016-10-25,27.462956452589648,-0.010382318701953816,0.5874258661123051
2016-10-26,27.056195926963596,-0.05264304810130163,0.5733701980607862
2016-10-27,26.607906089222407,0.45647688708880896,-0.5088274207556545
2016-10-28,26.13962108649656,0.07478120688170169,-0.6958837748597446
2016-10-29,25.703888018215757,-0.025601635393079344,0.1365284319921365
2016-10-30,25.326748383081235,-0.49314440458418723,-0.007517021975310456
2016-10-31,25.00482197920894,0.26832358439722337,-0.7346840251446238
2016-11-01,24.72555825129442,-0.005979057562143984,-0.3349638091168927
2016-11-02,24.494062763650188,-0.2730076259279816,-0.4937824104494801
2016-11-03,24.30326579607399,0.30985213175438076,1.026882072171631
2016-11-04,24.148969279610352,0.1354291069138718,0.5304164282905894
2016-11-05,24.030740120649423,-0.11082865991202465,-0.8045268453527825
2016-11-06,23.928755129363907,-0.15093194604922738,-0.8518972573887531
2016-11-07,23.82343490019382,0.2574455007366485,0.46457414452407875
2016-11-08,23.728925421420797,-0.08654451472253846,0.08838832407097286
2016-11-09,23.653185796716286,-0.45827146616760317,-0.19491433054868423
2016-11-10,23.580953625504026,0.050925721783114636,-0.11336082876862363
2016-11-11,23.47698996989046,0.24901259121089483,0.19399743889864496
2016-11-12,23.32052351278059,0.05278882113419831,0.1651492045467542
2016-11-13,23.12297880851818,0.16481732623060197,1.0085001615475164
2016-11-14,22.90260790409521,0.17179317014543782,0.27175277191319935
2016-11-15,22.663616295233908,-0.09390997618824294,-0.32970631904566616
2016-11-16,22.42717067188369,-0.5046007750029985,-0.15333912764992164
2016-11-17,22.24328577385105,-0.4501576547374422,-0.062358888344377306
2016-11-18,22.138113865008886,0.16913715398444168,-0.5764817882240969
2016-11-19,22.105903462289987,0.5963608284184254,-2.0355976240417455
2016-11-20,22.145361146332068,0.4636766873540313,-0.35903783368609865
2016-11-21,22.239269208993246,0.07622119775196723,-0.7770288682836721
2016-11-22,22.368592927063343,-0.08895397808685249,0.29930841944456077
2016-11-23,22.51355439938118,-0.5742481787780439,0.8867807359186024
2016-11-24,22.61765730047514,-0.8974956126872422,-0.2991090562089518
2016-11-25,22.61001854092806,-0.03708547710161299,1.0270669361735543
2016-11-26,22.488952730687743,1.1894821540919394,0.615682762279139
2016-11-27,22.259344785246142,0.44819561511407235,0.9288232360034243
2016-11-28,21.93270742101669,0.026440904680352338,0.4953971288484098
2016-11-29,21.525841271821793,-0.03677308414874912,0.122042923438066
2016-11-30,21.05148650519832,-0.5182460848196612,-0.6636752029873527
2016-12-01,20.53363476483025,-1.033918071283858,0.25028330645360697
2016-12-02,20.03332205054483,-0.2159799020945846,-0.6090088151169155
2016-12-03,19.585775370883674,1.226915117962614,0.395642844487039
2016-12-04,19.2299126206697,0.24733631995169988,-0.5772489406214021
2016-12-05,18.974794822541657,0.28375704919221684,-0.6221882353702348
2016-12-06,18.864747512196008,0.18935429436858794,-0.5156402681030556
2016-12-07,18.878540405044582,-0.34558552525104075,-0.2829548797935395
2016-12-08,18.891583158155925,-0.7266753543511536,-1.2649078038047712
2016-12-09,18.875696221767424,-0.6784900704158576,1.2194605153151024
2016-12-10,18.871138509494077,0.8731124880314496,-3.2998065530810834
2016-12-11,18.858013263481965,-0.2997333746691877,1.483386777853891
2016-12-12,18.81565541549103,0.5002021590757613,0.5932333345241183
2016-12-13,18.70023636435472,0.5426531461346532,-0.19288951048937264
2016-12-14,18.443586151639572,0.1148953580941934,-0.0029259541782060694
2016-12-15,18.111050922642566,-0.4888479316763215,0.544463675700424
2016-12-16,17.848945408709252,-1.1157776414233391,-0.8998344339525772
2016-12-17,17.66955011495668,0.36104207160962987,-0.530592186566313
2016-12-18,17.532413030819423,-0.5190198508475039,-0.9300598466385885
2016-12-19,17.421918956333208,0.7576396579816258,-0.32241575717197435
2016-12-20,17.338024148370987,0.7968619920027998,1.6651138596262136
2016-12-21,17.26620435851826,0.6814159703950114,0.10237967108673018
2016-12-22,17.180999386673896,-0.30680820711368817,0.4115231061540783
2016-12-23,17.077028001333474,-1.6053588513664119,0.0783308500329376
2016-12-24,16.936679833451194,-0.08686197228469264,0.46836395701531686
2016-12-25,16.7436148726734,-0.3631369257276216,-2.3804779469457795
2016-12-26,16.513406257144936,1.0691563874170305,-0.43970550170482525
2016-12-27,16.291576804302686,0.8377973975588997,-0.2793742018615859
2016-12-28,16.110785062940625,0.32296654680322484,0.7836396946039734
2016-12-29,16.006102353982403,-0.5514973818605887,-0.21650973402657847
2016-12-30,15.991357474184758,-1.3033659757965976,-0.5927534031500645
2016-12-31,16.042109215512042,-0.06320372078330044,-0.9262739157813726
2017-01-01,16.085153806784916,0.27201825279888736,-0.44412858132293387
2017-01-02,15.941482097789569,1.1842655655696936,1.3742523366407386
2017-01-03,15.670284028434036,0.19635344949488406,1.2444736331821922
2017-01-04,15.427099627941164,-0.34446238842702664,3.617362760485861
2017-01-05,15.212277293526514,-0.6941204903965426,3.8707320857589185
2017-01-06,14.963051336544034,-0.7778323820663947,5.132962863704179
2017-01-07,14.618813355307399,-0.08642790657686014,0.1759478846027953
2017-01-08,14.13092105144028,1.4153665899706902,0.1379228849048193
2017-01-09,13.700797420682845,1.3801092011665324,-0.509478050420805
2017-01-10,13.485318113672681,-0.9191430430832339,-0.4550639594783359
2017-01-11,13.38003735613659,-1.1088185904148533,-1.2712187657217378
2017-01-12,13.313797607354982,-0.7047434706895768,-0.8195804524548791
2017-01-13,13.312805729083408,-0.29055785837506637,0.21304624693871688
2017-01-14,13.42364411548159,-0.18329601995823386,-0.040348095523356164
2017-01-15,13.64452273420167,2.345820019982017,0.4444398545119643
2017-01-16,13.938216126704122,1.2521279763992814,-0.5403441031034024
2017-01-17,14.262025705851425,-1.111966310699173,-1.4278371729300314
2017-01-18,14.59416231548589,-1.6323247247793284,0.07982907596010413
2017-01-19,14.947926511130317,-0.5203333623639631,0.1914544702812666
2017-01-20,15.335069548458364,0.037349285769822826,-0.10926093949134419
2017-01-21,15.657070633491688,-0.5592112914883304,0.29344500582272914
2017-01-22,15.864688009865235,2.575664673276576,-0.0003526831418092513
2017-01-23,16.009855347573556,0.9634929738038953,1.1442987374460785
2017-01-24,16.115888973123894,-1.1242289646778305,3.3561660785104586
2017-01-25,16.176863085717237,-1.2845843505234587,6.107721264806223
2017-01-26,16.22567521598793,0.02190897412298962,-0.06901276153949354
2017-01-27,16.253249266453334,-0.26627932363417944,0.5130300571808455
2017-01-28,16.247751309552584,-0.7526450733660693,-0.6314698725501504
2017-01-29,16.23224894443366,2.1341299854796465,-2.6997122632466404
2017-01-30,16.25066289294733,0.7748879839687074,-0.5811064324715929
2017-01-31,16.2952169514202,-0.8060998949174185,0.6358829434972186
2017-02-01,16.34867514067027,-0.8814682287278375,-0.21720691194243358
2017-02-02,16.385471646045577,0.5286491672792023,0.17678827758431126
2017-02-03,16.396695896496837,-0.6793373883196406,-0.08099487181355869
2017-02-04,16.354585153768827,-0.7740955542822736,3.1195104005134446
2017-02-05,16.27963651795376,1.4555126398148097,0.8964297895998499
2017-02-06,16.211174715443654,0.3097122718819253,0.3680019015633107
2017-02-07,16.157539517178055,-0.2630944047444467,-0.7694451124336084
2017-02-08,16.10364956066638,-0.5408384494167618,0.13718888875038004
2017-02-09,16.065426105566704,1.1952003183355262,-1.885626423902231
2017-02-10,16.097227635076166,-0.9454313487603316,-0.4851296196491681
2017-02-11,16.218616690903588,-0.824931871243999,0.23131518034040965
2017-02-12,16.43158005411922,0.5176076875307508,-0.6991877416499701
2017-02-13,16.7457628705184,-0.06652484874576164,-0.3459046884393082
2017-02-14,17.158199755960947,0.5155135338409922,-0.7987132898019382
2017-02-15,17.650003921598074,-0.4089030964242163,0.3303277462547136
2017-02-16,18.097100060300836,1.7657426999059185,0.3871572397932468
2017-02-17,18.425287522991365,-0.9920520312808191,3.8667645082894566
2017-02-18,18.74746406144786,-0.9149467126532522,3.2924826512053897
2017-02-19,19.05107463109981,-0.48180679271792143,3.7943685252544768
2017-02-20,19.35131152827057,-0.39767801775970524,4.4213664894891345
2017-02-21,19.6441255586156,1.3200034187610832,0.8692043559566471
2017-02-22,19.889367846095904,-0.10728931743405375,-0.6570785286618523
2017-02-23,19.992715949684026,2.0907871213763314,-3.458503071060356
2017-02-24,20.10376340671833,-0.8775046946833513,-0.10125871203497638
2017-02-25,20.26609962691546,-1.3427469592075383,0.07664733229207954
2017-02-26,20.451651938270892,-1.2102861446743967,-0.491365793596497
2017-02-27,20.617191433716464,-0.6878916001653909,-0.05429983355107382
2017-02-28,20.753753016873148,2.069863863263116,0.5097164531970648
2017-03-01,20.85301543525673,0.2963848952206999,3.3121381310610296
2017-03-02,20.933426277943543,1.9685458309355512,0.8480278911209069
2017-03-03,20.996639103534704,-0.6826192571823739,0.1859801536476695
2017-03-04,21.007735465749384,-1.7676068492090105,-0.11512861654037465
2017-03-05,20.937977557614506,-1.0305308084992406,-0.15744674911526602
2017-03-06,20.810292673225096,-0.868198712945199,0.05790603972010189
2017-03-07,20.675416356574033,1.6816121891660245,0.26797145425994273
2017-03-08,20.557865586932426,0.6850994747445761,0.3024894837775456
2017-03-09,20.450836303798233,1.7168543768173283,-1.381976394901276
2017-03-10,20.44502940870056,-0.46229116306333645,-0.04523824563722201
2017-03-11,20.770930367682453,-1.9295388725875726,-0.30805816176155076
2017-03-12,21.096149197710186,-0.41775413633943087,-3.303395061370754
2017-03-13,21.412755120732136,-0.8795606081876282,-3.0887500681000652
2017-03-14,21.812956254496893,0.9723222324169728,-4.785278486913864
2017-03-15,22.24276985704683,1.02651312602298,-3.394282983069811
2017-03-16,22.661949994761752,1.1102345873571278,0.22781541788112136
2017-03-17,23.06833317173023,-0.09475633988309826,-2.0735768318471344
2017-03-18,23.545311894364392,-1.6967474903811164,2.8437432883244185
2017-03-19,24.140218569740508,-0.03910143957741937,0.5655495365035783
2017-03-20,24.794548316418528,-0.7406400310070697,-0.720574952078131
2017-03-21,25.465359264598767,0.36921672580662784,-0.8345759904053942
2017-03-22,26.155923697153337,0.8856092201384724,0.20846708270818937
2017-03-23,26.864994379017027,0.7474034978222426,0.38760212316072895
2017-03-24,27.54580865696024,0.16590872501153903,1.2049492846948873
2017-03-25,28.16870665189679,-1.066583357398959,-0.602123294497833
2017-03-26,28.71390908329714,-0.028862141956125756,0.4149530586589876
2017-03-27,29.172992403932298,-0.5940122958485143,0.9210198919162167
2017-03-28,29.543190150219985,0.04537484687879578,0.3003238917901072
2017-03-29,29.845179205292535,0.5381747837296069,0.6166460109778598
2017-03-30,30.076507947379703,0.6271926338947481,-1.4179862955601656
2017-03-31,30.21972091511015,0.37853391113340956,0.026745173756442142
2017-04-01,30.286480562123593,-0.56887586339541,1.6573953012718157
2017-04-02,30.31950161773018,-0.6265390273567931,0.057037409626612856
2017-04-03,30.318842563858855,-0.44998206176810795,0.6311394979092526
2017-04-04,30.185463163955585,0.384189092053869,0.36368107732387855
2017-04-05,29.93249458329249,0.31403761523214346,-1.0157629677554034
2017-04-06,29.67382548211977,0.6342096335583577,0.9141871065440945
2017-04-07,29.446971267767754,0.39212220873860193,-2.8390934765063562
2017-04-08,29.259491036266528,-0.4716350520259958,-3.162855984240533
2017-04-09,29.117089036414335,-0.8209105517240782,-1.1711784846902553
2017-04-10,29.026240977466347,-0.8052811434370177,-0.3638169768864721
2017-04-11,29.038028921435266,0.8130276004042849,-0.6010565218395527
2017-04-12,29.319397084141553,0.21299513576597484,-0.2823922199075284
2017-04-13,29.878719281713003,0.7725412989592676,-0.9845939140056039
2017-04-14,30.4813276796351,0.4469808695207587,-0.42830854915585803
2017-04-15,31.056289020663996,-0.36265412605652303,0.5285873276147477
2017-04-16,31.609070014992216,-1.0384703594664937,0.4294003444742778
2017-04-17,32.13267446572711,-1.2783696054366396,1.701250695265081
2017-04-18,32.491270393515926,1.2345957827401495,0.2741338237439237
2017-04-19,32.82875090701619,0.15693858169516464,0.5143105112886417
2017-04-20,33.15701761829844,0.9340516873829153,0.4089306943186415
2017-04-21,33.4723056019743,0.5067403903980987,0.27095400762760136
2017-04-22,33.77272016748335,-0.3189303865919472,-0.5537897808914067
2017-04-23,34.05753425730041,-1.2088872139926063,0.026352956692193175
2017-04-24,34.327760395172774,-1.7786032736999209,-0.5491571214728523
